model,group,classifier,seed,threshold_rule,threshold,AUROC,HALL_AUPR,HALL_precision,HALL_recall,HALL_F1
qwen2_5_vl_7b,attention_visual,fixed_three_hidden,43,fixed_0.5,0.5,0.8476330578162538,0.37272863361653974,0.4318181818181818,0.10382513661202186,0.16740088105726872
qwen2_5_vl_7b,attention_visual,fixed_three_hidden,43,train_f1,0.5307554602622986,0.8476330578162538,0.37272863361653974,0.4696969696969697,0.16939890710382513,0.24899598393574296
qwen2_5_vl_7b,attention_visual,fixed_three_hidden,44,fixed_0.5,0.5,0.8511960827891782,0.4004071302434321,0.5813953488372093,0.1366120218579235,0.22123893805309736
qwen2_5_vl_7b,attention_visual,fixed_three_hidden,44,train_f1,0.596285343170166,0.8511960827891782,0.4004071302434321,0.4528301886792453,0.26229508196721313,0.33217993079584773
qwen2_5_vl_7b,attention_visual,fixed_three_hidden,45,fixed_0.5,0.5,0.839901999174507,0.37765813585437963,0.45714285714285713,0.26229508196721313,0.3333333333333333
qwen2_5_vl_7b,attention_visual,fixed_three_hidden,45,train_f1,0.5330763459205627,0.839901999174507,0.37765813585437963,0.43846153846153846,0.3114754098360656,0.36421725239616615
qwen2_5_vl_7b,attention_visual,searched_one_hidden,43,fixed_0.5,0.5,0.8334620961170083,0.35560593388900263,0.4482758620689655,0.14207650273224043,0.2157676348547718
qwen2_5_vl_7b,attention_visual,searched_one_hidden,43,train_f1,0.47052615880966187,0.8334620961170083,0.35560593388900263,0.46,0.12568306010928962,0.19742489270386265
qwen2_5_vl_7b,attention_visual,searched_one_hidden,44,fixed_0.5,0.5,0.8301742354489234,0.353680850539462,0.4857142857142857,0.09289617486338798,0.1559633027522936
qwen2_5_vl_7b,attention_visual,searched_one_hidden,44,train_f1,0.5384069681167603,0.8301742354489234,0.353680850539462,0.45454545454545453,0.1092896174863388,0.1762114537444934
qwen2_5_vl_7b,attention_visual,searched_one_hidden,45,fixed_0.5,0.5,0.8237854847301449,0.3431718081670937,0.42857142857142855,0.04918032786885246,0.08823529411764706
qwen2_5_vl_7b,attention_visual,searched_one_hidden,45,train_f1,0.5545403361320496,0.8237854847301449,0.3431718081670937,0.4166666666666667,0.08196721311475409,0.136986301369863
qwen2_5_vl_7b,attention_visual_prompt_sum,fixed_three_hidden,43,fixed_0.5,0.5,0.8160032737496781,0.3479950215098815,0.22589928057553957,0.8579234972677595,0.357630979498861
qwen2_5_vl_7b,attention_visual_prompt_sum,fixed_three_hidden,43,train_f1,0.2700470983982086,0.8160032737496781,0.3479950215098815,0.4069767441860465,0.1912568306010929,0.26022304832713755
qwen2_5_vl_7b,attention_visual_prompt_sum,fixed_three_hidden,44,fixed_0.5,0.5,0.8546920805596419,0.3978638895409483,0.41911764705882354,0.3114754098360656,0.3573667711598746
qwen2_5_vl_7b,attention_visual_prompt_sum,fixed_three_hidden,44,train_f1,0.4592675566673279,0.8546920805596419,0.3978638895409483,0.45454545454545453,0.2459016393442623,0.3191489361702128
qwen2_5_vl_7b,attention_visual_prompt_sum,fixed_three_hidden,45,fixed_0.5,0.5,0.8516370512264214,0.4178985083519956,0.5094339622641509,0.14754098360655737,0.2288135593220339
qwen2_5_vl_7b,attention_visual_prompt_sum,fixed_three_hidden,45,train_f1,0.6209713220596313,0.8516370512264214,0.4178985083519956,0.46464646464646464,0.25136612021857924,0.3262411347517731
qwen2_5_vl_7b,attention_visual_prompt_sum,searched_one_hidden,43,fixed_0.5,0.5,0.8229141310981526,0.3350437101462031,0.375,0.03278688524590164,0.06030150753768844
qwen2_5_vl_7b,attention_visual_prompt_sum,searched_one_hidden,43,train_f1,0.47899359464645386,0.8229141310981526,0.3350437101462031,0.42857142857142855,0.03278688524590164,0.06091370558375635
qwen2_5_vl_7b,attention_visual_prompt_sum,searched_one_hidden,44,fixed_0.5,0.5,0.8220110277386786,0.3317437607378453,0.4444444444444444,0.06557377049180328,0.11428571428571428
qwen2_5_vl_7b,attention_visual_prompt_sum,searched_one_hidden,44,train_f1,0.3593091368675232,0.8220110277386786,0.3317437607378453,0.4444444444444444,0.02185792349726776,0.041666666666666664
qwen2_5_vl_7b,attention_visual_prompt_sum,searched_one_hidden,45,fixed_0.5,0.5,0.8222861920435183,0.32969957128699784,0.4375,0.15300546448087432,0.22672064777327935
qwen2_5_vl_7b,attention_visual_prompt_sum,searched_one_hidden,45,train_f1,0.3099760115146637,0.8222861920435183,0.32969957128699784,0.46153846153846156,0.03278688524590164,0.061224489795918366
qwen2_5_vl_7b,attention_generation,fixed_three_hidden,43,fixed_0.5,0.5,0.8198767405024219,0.3504383229366441,0.5238095238095238,0.18032786885245902,0.2682926829268293
qwen2_5_vl_7b,attention_generation,fixed_three_hidden,43,train_f1,0.5542631149291992,0.8198767405024219,0.3504383229366441,0.4112903225806452,0.2786885245901639,0.3322475570032573
qwen2_5_vl_7b,attention_generation,fixed_three_hidden,44,fixed_0.5,0.5,0.834188812101585,0.39148868746298454,0.5555555555555556,0.2185792349726776,0.3137254901960784
qwen2_5_vl_7b,attention_generation,fixed_three_hidden,44,train_f1,0.509928286075592,0.834188812101585,0.39148868746298454,0.573170731707317,0.2568306010928962,0.35471698113207545
qwen2_5_vl_7b,attention_generation,fixed_three_hidden,45,fixed_0.5,0.5,0.8220180832336744,0.36727740707044476,0.5384615384615384,0.03825136612021858,0.07142857142857142
qwen2_5_vl_7b,attention_generation,fixed_three_hidden,45,train_f1,0.6349873542785645,0.8220180832336744,0.36727740707044476,0.5064935064935064,0.21311475409836064,0.3
qwen2_5_vl_7b,attention_generation,searched_one_hidden,43,fixed_0.5,0.5,0.7856734646360952,0.2779015184402783,0.16666666666666666,0.00546448087431694,0.010582010582010581
qwen2_5_vl_7b,attention_generation,searched_one_hidden,43,train_f1,0.3825584352016449,0.7856734646360952,0.2779015184402783,0.0,0.0,0.0
qwen2_5_vl_7b,attention_generation,searched_one_hidden,44,fixed_0.5,0.5,0.7876860445836729,0.2911046102053817,0.25,0.01092896174863388,0.020942408376963352
qwen2_5_vl_7b,attention_generation,searched_one_hidden,44,train_f1,0.3010569214820862,0.7876860445836729,0.2911046102053817,0.0,0.0,0.0
qwen2_5_vl_7b,attention_generation,searched_one_hidden,45,fixed_0.5,0.5,0.7875837399062324,0.2814960680943721,0.0,0.0,0.0
qwen2_5_vl_7b,attention_generation,searched_one_hidden,45,train_f1,0.5388452410697937,0.7875837399062324,0.2814960680943721,0.2,0.00546448087431694,0.010638297872340425
qwen2_5_vl_7b,attention_vp_generation,fixed_three_hidden,43,fixed_0.5,0.5,0.8433609555962422,0.38237639511782684,0.3152454780361757,0.6666666666666666,0.4280701754385965
qwen2_5_vl_7b,attention_vp_generation,fixed_three_hidden,43,train_f1,0.26488471031188965,0.8433609555962422,0.38237639511782684,0.4421052631578947,0.22950819672131148,0.302158273381295
qwen2_5_vl_7b,attention_vp_generation,fixed_three_hidden,44,fixed_0.5,0.5,0.8499860653973831,0.4398011124575314,0.5,0.2568306010928962,0.33935018050541516
qwen2_5_vl_7b,attention_vp_generation,fixed_three_hidden,44,train_f1,0.6119835376739502,0.8499860653973831,0.4398011124575314,0.47692307692307695,0.33879781420765026,0.3961661341853035
qwen2_5_vl_7b,attention_vp_generation,fixed_three_hidden,45,fixed_0.5,0.5,0.8468957585891832,0.42993141531924706,0.3776978417266187,0.5737704918032787,0.455531453362256
qwen2_5_vl_7b,attention_vp_generation,fixed_three_hidden,45,train_f1,0.3547072410583496,0.8468957585891832,0.42993141531924706,0.49375,0.43169398907103823,0.4606413994169096
qwen2_5_vl_7b,attention_vp_generation,searched_one_hidden,43,fixed_0.5,0.5,0.8224484684284237,0.349559528121819,0.4305555555555556,0.16939890710382513,0.24313725490196078
qwen2_5_vl_7b,attention_vp_generation,searched_one_hidden,43,train_f1,0.30095505714416504,0.8224484684284237,0.349559528121819,0.45454545454545453,0.0273224043715847,0.05154639175257732
qwen2_5_vl_7b,attention_vp_generation,searched_one_hidden,44,fixed_0.5,0.5,0.820575234507015,0.34019525494431907,0.5,0.01092896174863388,0.0213903743315508
qwen2_5_vl_7b,attention_vp_generation,searched_one_hidden,44,train_f1,0.6105778217315674,0.820575234507015,0.34019525494431907,0.38461538461538464,0.0273224043715847,0.05102040816326531
qwen2_5_vl_7b,attention_vp_generation,searched_one_hidden,45,fixed_0.5,0.5,0.8231751844130004,0.34662511137810054,0.3333333333333333,0.03278688524590164,0.05970149253731343
qwen2_5_vl_7b,attention_vp_generation,searched_one_hidden,45,train_f1,0.48539039492607117,0.8231751844130004,0.34662511137810054,0.4,0.03278688524590164,0.06060606060606061
qwen2_5_vl_7b,gated_visual,fixed_three_hidden,43,fixed_0.5,0.5,0.8490759065429133,0.40547376913460426,0.532258064516129,0.18032786885245902,0.2693877551020408
qwen2_5_vl_7b,gated_visual,fixed_three_hidden,43,train_f1,0.6038166284561157,0.8490759065429133,0.40547376913460426,0.4883720930232558,0.3442622950819672,0.40384615384615385
qwen2_5_vl_7b,gated_visual,fixed_three_hidden,44,fixed_0.5,0.5,0.8553623525842515,0.41778544707518317,0.5909090909090909,0.14207650273224043,0.2290748898678414
qwen2_5_vl_7b,gated_visual,fixed_three_hidden,44,train_f1,0.6436061263084412,0.8553623525842515,0.41778544707518317,0.45,0.3442622950819672,0.39009287925696595
qwen2_5_vl_7b,gated_visual,fixed_three_hidden,45,fixed_0.5,0.5,0.8447579436054284,0.39140982426246845,0.4725274725274725,0.23497267759562843,0.31386861313868614
qwen2_5_vl_7b,gated_visual,fixed_three_hidden,45,train_f1,0.5266894698143005,0.8447579436054284,0.39140982426246845,0.48148148148148145,0.28415300546448086,0.35738831615120276
qwen2_5_vl_7b,gated_visual,searched_one_hidden,43,fixed_0.5,0.5,0.8297720722341577,0.3585062530944058,0.425,0.09289617486338798,0.15246636771300448
qwen2_5_vl_7b,gated_visual,searched_one_hidden,43,train_f1,0.5063682198524475,0.8297720722341577,0.3585062530944058,0.42857142857142855,0.09836065573770492,0.16
qwen2_5_vl_7b,gated_visual,searched_one_hidden,44,fixed_0.5,0.5,0.8182680876433589,0.3309782520899086,0.41379310344827586,0.06557377049180328,0.11320754716981132
qwen2_5_vl_7b,gated_visual,searched_one_hidden,44,train_f1,0.6028348803520203,0.8182680876433589,0.3309782520899086,0.43859649122807015,0.1366120218579235,0.20833333333333334
qwen2_5_vl_7b,gated_visual,searched_one_hidden,45,fixed_0.5,0.5,0.8335255955719714,0.36306543664783886,0.6,0.06557377049180328,0.11822660098522167
qwen2_5_vl_7b,gated_visual,searched_one_hidden,45,train_f1,0.5412815809249878,0.8335255955719714,0.36306543664783886,0.5161290322580645,0.08743169398907104,0.14953271028037382
qwen2_5_vl_7b,gated_visual_prompt_sum,fixed_three_hidden,43,fixed_0.5,0.5,0.867019794191211,0.43782592614814064,0.4878048780487805,0.2185792349726776,0.3018867924528302
qwen2_5_vl_7b,gated_visual_prompt_sum,fixed_three_hidden,43,train_f1,0.5508947968482971,0.867019794191211,0.43782592614814064,0.4596774193548387,0.3114754098360656,0.3713355048859935
qwen2_5_vl_7b,gated_visual_prompt_sum,fixed_three_hidden,44,fixed_0.5,0.5,0.8575513199067264,0.4008533711102488,0.5357142857142857,0.08196721311475409,0.14218009478672985
qwen2_5_vl_7b,gated_visual_prompt_sum,fixed_three_hidden,44,train_f1,0.5611188411712646,0.8575513199067264,0.4008533711102488,0.46534653465346537,0.2568306010928962,0.33098591549295775
qwen2_5_vl_7b,gated_visual_prompt_sum,fixed_three_hidden,45,fixed_0.5,0.5,0.8412831123199526,0.4443113901193699,0.3826086956521739,0.4808743169398907,0.4261501210653753
qwen2_5_vl_7b,gated_visual_prompt_sum,fixed_three_hidden,45,train_f1,0.3582095801830292,0.8412831123199526,0.4443113901193699,0.5094339622641509,0.29508196721311475,0.3737024221453287
qwen2_5_vl_7b,gated_visual_prompt_sum,searched_one_hidden,43,fixed_0.5,0.5,0.8317687773179948,0.3613012784484307,0.5138888888888888,0.20218579234972678,0.2901960784313726
qwen2_5_vl_7b,gated_visual_prompt_sum,searched_one_hidden,43,train_f1,0.26174139976501465,0.8317687773179948,0.3613012784484307,0.5,0.01639344262295082,0.031746031746031744
qwen2_5_vl_7b,gated_visual_prompt_sum,searched_one_hidden,44,fixed_0.5,0.5,0.8220145554861766,0.35442053052573746,0.0,0.0,0.0
qwen2_5_vl_7b,gated_visual_prompt_sum,searched_one_hidden,44,train_f1,0.5209547281265259,0.8220145554861766,0.35442053052573746,0.0,0.0,0.0
qwen2_5_vl_7b,gated_visual_prompt_sum,searched_one_hidden,45,fixed_0.5,0.5,0.8291617719170132,0.35738334937705224,0.4838709677419355,0.16393442622950818,0.24489795918367346
qwen2_5_vl_7b,gated_visual_prompt_sum,searched_one_hidden,45,train_f1,0.2905539274215698,0.8291617719170132,0.35738334937705224,0.4,0.01092896174863388,0.02127659574468085
qwen2_5_vl_7b,gated_generation,fixed_three_hidden,43,fixed_0.5,0.5,0.8315200711193895,0.3900192396731558,0.4127906976744186,0.3879781420765027,0.4
qwen2_5_vl_7b,gated_generation,fixed_three_hidden,43,train_f1,0.41737499833106995,0.8315200711193895,0.3900192396731558,0.4270833333333333,0.22404371584699453,0.2939068100358423
qwen2_5_vl_7b,gated_generation,fixed_three_hidden,44,fixed_0.5,0.5,0.8419569120920603,0.41490077070547954,0.6341463414634146,0.14207650273224043,0.23214285714285715
qwen2_5_vl_7b,gated_generation,fixed_three_hidden,44,train_f1,0.5330958962440491,0.8419569120920603,0.41490077070547954,0.5,0.20218579234972678,0.28793774319066145
qwen2_5_vl_7b,gated_generation,fixed_three_hidden,45,fixed_0.5,0.5,0.8425777956516984,0.40643779810592023,0.4409448818897638,0.30601092896174864,0.36129032258064514
qwen2_5_vl_7b,gated_generation,fixed_three_hidden,45,train_f1,0.503380298614502,0.8425777956516984,0.40643779810592023,0.4307692307692308,0.30601092896174864,0.35782747603833864
qwen2_5_vl_7b,gated_generation,searched_one_hidden,43,fixed_0.5,0.5,0.7955458660090945,0.2976654722382721,0.25,0.00546448087431694,0.0106951871657754
qwen2_5_vl_7b,gated_generation,searched_one_hidden,43,train_f1,0.47699305415153503,0.7955458660090945,0.2976654722382721,0.0,0.0,0.0
qwen2_5_vl_7b,gated_generation,searched_one_hidden,44,fixed_0.5,0.5,0.7918029259137748,0.2970105879923159,0.3333333333333333,0.01639344262295082,0.03125
qwen2_5_vl_7b,gated_generation,searched_one_hidden,44,train_f1,0.47919338941574097,0.7918029259137748,0.2970105879923159,0.3333333333333333,0.01639344262295082,0.03125
qwen2_5_vl_7b,gated_generation,searched_one_hidden,45,fixed_0.5,0.5,0.7901695788222263,0.28669513947872083,0.0,0.0,0.0
qwen2_5_vl_7b,gated_generation,searched_one_hidden,45,train_f1,0.6142755150794983,0.7901695788222263,0.28669513947872083,0.3333333333333333,0.02185792349726776,0.041025641025641026
qwen2_5_vl_7b,gated_vp_generation,fixed_three_hidden,43,fixed_0.5,0.5,0.8660761217355107,0.4431989625770923,0.45108695652173914,0.453551912568306,0.45231607629427795
qwen2_5_vl_7b,gated_vp_generation,fixed_three_hidden,43,train_f1,0.4185665547847748,0.8660761217355107,0.4431989625770923,0.4779874213836478,0.41530054644808745,0.4444444444444444
qwen2_5_vl_7b,gated_vp_generation,fixed_three_hidden,44,fixed_0.5,0.5,0.8745656460893154,0.5016655744170359,0.5253164556962026,0.453551912568306,0.4868035190615836
qwen2_5_vl_7b,gated_vp_generation,fixed_three_hidden,44,train_f1,0.4335116446018219,0.8745656460893154,0.5016655744170359,0.5357142857142857,0.4098360655737705,0.46439628482972134
qwen2_5_vl_7b,gated_vp_generation,fixed_three_hidden,45,fixed_0.5,0.5,0.8583997431799821,0.4585290806980057,0.4810126582278481,0.41530054644808745,0.44574780058651026
qwen2_5_vl_7b,gated_vp_generation,fixed_three_hidden,45,train_f1,0.4637814462184906,0.8583997431799821,0.4585290806980057,0.4899328859060403,0.3989071038251366,0.4397590361445783
qwen2_5_vl_7b,gated_vp_generation,searched_one_hidden,43,fixed_0.5,0.5,0.833285708742111,0.3948747027124378,0.5161290322580645,0.26229508196721313,0.34782608695652173
qwen2_5_vl_7b,gated_vp_generation,searched_one_hidden,43,train_f1,0.3929707109928131,0.833285708742111,0.3948747027124378,0.5319148936170213,0.1366120218579235,0.21739130434782608
qwen2_5_vl_7b,gated_vp_generation,searched_one_hidden,44,fixed_0.5,0.5,0.8278071168778023,0.3811600057460366,0.47058823529411764,0.04371584699453552,0.08
qwen2_5_vl_7b,gated_vp_generation,searched_one_hidden,44,train_f1,0.6503919363021851,0.8278071168778023,0.3811600057460366,0.45901639344262296,0.15300546448087432,0.22950819672131148
qwen2_5_vl_7b,gated_vp_generation,searched_one_hidden,45,fixed_0.5,0.5,0.8322273844927275,0.3941611041515712,0.6538461538461539,0.09289617486338798,0.16267942583732056
qwen2_5_vl_7b,gated_vp_generation,searched_one_hidden,45,train_f1,0.5571259260177612,0.8322273844927275,0.3941611041515712,0.5128205128205128,0.1092896174863388,0.18018018018018017
llava_1_5_7b,attention_visual,fixed_three_hidden,43,fixed_0.5,0.5,0.8918570255342964,0.6787821584105622,0.6302864938608458,0.6516220028208745,0.6407766990291263
llava_1_5_7b,attention_visual,fixed_three_hidden,43,train_f1,0.47261157631874084,0.8918570255342964,0.6787821584105622,0.6467153284671533,0.6248236953455572,0.6355810616929699
llava_1_5_7b,attention_visual,fixed_three_hidden,44,fixed_0.5,0.5,0.8955474863600823,0.6868946310158935,0.6535764375876578,0.6572637517630465,0.6554149085794655
llava_1_5_7b,attention_visual,fixed_three_hidden,44,train_f1,0.49139660596847534,0.8955474863600823,0.6868946310158935,0.6560232220609579,0.6375176304654443,0.6466380543633763
llava_1_5_7b,attention_visual,fixed_three_hidden,45,fixed_0.5,0.5,0.893960816815051,0.6929841510826963,0.6347941567065073,0.6741889985895627,0.6538987688098495
llava_1_5_7b,attention_visual,fixed_three_hidden,45,train_f1,0.4598178565502167,0.893960816815051,0.6929841510826963,0.656934306569343,0.6346967559943583,0.6456241032998565
llava_1_5_7b,attention_visual,searched_one_hidden,43,fixed_0.5,0.5,0.8901010687954216,0.6686398555181352,0.646795827123696,0.61212976022567,0.6289855072463768
llava_1_5_7b,attention_visual,searched_one_hidden,43,train_f1,0.4795045554637909,0.8901010687954216,0.6686398555181352,0.6526479750778816,0.5909732016925247,0.6202812731310141
llava_1_5_7b,attention_visual,searched_one_hidden,44,fixed_0.5,0.5,0.8894106085483956,0.666780289750534,0.6194690265486725,0.691114245416079,0.6533333333333333
llava_1_5_7b,attention_visual,searched_one_hidden,44,train_f1,0.39334842562675476,0.8894106085483956,0.666780289750534,0.6786296900489397,0.5867418899858956,0.6293494704992436
llava_1_5_7b,attention_visual,searched_one_hidden,45,fixed_0.5,0.5,0.8907452282714822,0.6844990460822551,0.6651851851851852,0.6332863187588152,0.6488439306358381
llava_1_5_7b,attention_visual,searched_one_hidden,45,train_f1,0.48505711555480957,0.8907452282714822,0.6844990460822551,0.6780185758513931,0.6177715091678421,0.6464944649446495
llava_1_5_7b,attention_visual_prompt_sum,fixed_three_hidden,43,fixed_0.5,0.5,0.900486331723031,0.7094113323739971,0.6848,0.6036671368124118,0.6416791604197901
llava_1_5_7b,attention_visual_prompt_sum,fixed_three_hidden,43,train_f1,0.4954434037208557,0.900486331723031,0.7094113323739971,0.690671031096563,0.5952045133991537,0.6393939393939394
llava_1_5_7b,attention_visual_prompt_sum,fixed_three_hidden,44,fixed_0.5,0.5,0.893507069259587,0.6837274898509587,0.5809217577706324,0.764456981664316,0.6601705237515225
llava_1_5_7b,attention_visual_prompt_sum,fixed_three_hidden,44,train_f1,0.40924790501594543,0.893507069259587,0.6837274898509587,0.6567607726597325,0.6234132581100141,0.6396526772793053
llava_1_5_7b,attention_visual_prompt_sum,fixed_three_hidden,45,fixed_0.5,0.5,0.8975971636147706,0.6960752063434618,0.6217870257037944,0.7165021156558533,0.6657929226736566
llava_1_5_7b,attention_visual_prompt_sum,fixed_three_hidden,45,train_f1,0.35529881715774536,0.8975971636147706,0.6960752063434618,0.7042735042735043,0.5811001410437235,0.6367851622874807
llava_1_5_7b,attention_visual_prompt_sum,searched_one_hidden,43,fixed_0.5,0.5,0.8820409727097467,0.6925449679485448,0.7161410018552876,0.5444287729196051,0.6185897435897436
llava_1_5_7b,attention_visual_prompt_sum,searched_one_hidden,43,train_f1,0.44134521484375,0.8820409727097467,0.6925449679485448,0.743421052631579,0.4781382228490832,0.5819742489270386
llava_1_5_7b,attention_visual_prompt_sum,searched_one_hidden,44,fixed_0.5,0.5,0.8762892594365311,0.6810246937851834,0.7126654064272212,0.5317348377997179,0.6090468497576736
llava_1_5_7b,attention_visual_prompt_sum,searched_one_hidden,44,train_f1,0.4539277255535126,0.8762892594365311,0.6810246937851834,0.7393258426966293,0.46403385049365303,0.5701906412478336
llava_1_5_7b,attention_visual_prompt_sum,searched_one_hidden,45,fixed_0.5,0.5,0.8761460164263559,0.6817041334977443,0.7481296758104738,0.4231311706629055,0.5405405405405406
llava_1_5_7b,attention_visual_prompt_sum,searched_one_hidden,45,train_f1,0.5399010181427002,0.8761460164263559,0.6817041334977443,0.7276507276507277,0.4936530324400564,0.5882352941176471
llava_1_5_7b,attention_generation,fixed_three_hidden,43,fixed_0.5,0.5,0.8888081197662043,0.6600072150867328,0.6013590033975085,0.7489421720733427,0.6670854271356784
llava_1_5_7b,attention_generation,fixed_three_hidden,43,train_f1,0.4126846492290497,0.8888081197662043,0.6600072150867328,0.6551226551226551,0.6403385049365303,0.6476462196861626
llava_1_5_7b,attention_generation,fixed_three_hidden,44,fixed_0.5,0.5,0.8866215658573484,0.6593388630222691,0.6166253101736973,0.7009873060648801,0.6561056105610561
llava_1_5_7b,attention_generation,fixed_three_hidden,44,train_f1,0.40777072310447693,0.8866215658573484,0.6593388630222691,0.6716917922948074,0.5655853314527504,0.6140888208269525
llava_1_5_7b,attention_generation,fixed_three_hidden,45,fixed_0.5,0.5,0.8902584914167053,0.6685932501116126,0.6750788643533123,0.6036671368124118,0.637379002233805
llava_1_5_7b,attention_generation,fixed_three_hidden,45,train_f1,0.5191344022750854,0.8902584914167053,0.6685932501116126,0.6656716417910448,0.6290550070521862,0.6468455402465555
llava_1_5_7b,attention_generation,searched_one_hidden,43,fixed_0.5,0.5,0.871703457452196,0.6461477924179686,0.611185086551265,0.6473906911142454,0.6287671232876713
llava_1_5_7b,attention_generation,searched_one_hidden,43,train_f1,0.36866897344589233,0.871703457452196,0.6461477924179686,0.6809421841541756,0.44851904090267986,0.5408163265306123
llava_1_5_7b,attention_generation,searched_one_hidden,44,fixed_0.5,0.5,0.8771455343195783,0.6632168284697415,0.6477093206951027,0.5782792665726375,0.6110283159463488
llava_1_5_7b,attention_generation,searched_one_hidden,44,train_f1,0.410973459482193,0.8771455343195783,0.6632168284697415,0.6995614035087719,0.44992947813822287,0.5476394849785408
llava_1_5_7b,attention_generation,searched_one_hidden,45,fixed_0.5,0.5,0.8785189309383488,0.65600348400133,0.6024844720496895,0.6840620592383639,0.6406869220607662
llava_1_5_7b,attention_generation,searched_one_hidden,45,train_f1,0.32387953996658325,0.8785189309383488,0.65600348400133,0.6846846846846847,0.4287729196050776,0.5273200346921075
llava_1_5_7b,attention_vp_generation,fixed_three_hidden,43,fixed_0.5,0.5,0.8945815365258101,0.6818027814313445,0.6661764705882353,0.6389280677009873,0.652267818574514
llava_1_5_7b,attention_vp_generation,fixed_three_hidden,43,train_f1,0.4899226725101471,0.8945815365258101,0.6818027814313445,0.6727272727272727,0.6262341325811002,0.6486486486486487
llava_1_5_7b,attention_vp_generation,fixed_three_hidden,44,fixed_0.5,0.5,0.9052642819068741,0.7185266484515646,0.6785714285714286,0.6967559943582511,0.6875434933890049
llava_1_5_7b,attention_vp_generation,fixed_three_hidden,44,train_f1,0.44118332862854004,0.9052642819068741,0.7185266484515646,0.699537750385208,0.6403385049365303,0.6686303387334315
llava_1_5_7b,attention_vp_generation,fixed_three_hidden,45,fixed_0.5,0.5,0.9007953893692272,0.701672488391384,0.6109865470852018,0.768688293370945,0.6808244846970644
llava_1_5_7b,attention_vp_generation,fixed_three_hidden,45,train_f1,0.3800012469291687,0.9007953893692272,0.701672488391384,0.6666666666666666,0.6375176304654443,0.6517664023071377
llava_1_5_7b,attention_vp_generation,searched_one_hidden,43,fixed_0.5,0.5,0.8961803600232199,0.7028947191672849,0.713472485768501,0.5303244005641748,0.6084142394822006
llava_1_5_7b,attention_vp_generation,searched_one_hidden,43,train_f1,0.5101475119590759,0.8961803600232199,0.7028947191672849,0.7074954296160878,0.5458392101551481,0.6162420382165605
llava_1_5_7b,attention_vp_generation,searched_one_hidden,44,fixed_0.5,0.5,0.8969472165423394,0.7077253918931438,0.8152173913043478,0.31734837799717913,0.45685279187817257
llava_1_5_7b,attention_vp_generation,searched_one_hidden,44,train_f1,0.5951571464538574,0.8969472165423394,0.7077253918931438,0.7461368653421634,0.4767277856135402,0.5817555938037866
llava_1_5_7b,attention_vp_generation,searched_one_hidden,45,fixed_0.5,0.5,0.889851623391844,0.7021740717562095,0.77088948787062,0.4033850493653032,0.5296296296296297
llava_1_5_7b,attention_vp_generation,searched_one_hidden,45,train_f1,0.5541564226150513,0.889851623391844,0.7021740717562095,0.7293868921775899,0.48660084626234135,0.583756345177665
llava_1_5_7b,gated_visual,fixed_three_hidden,43,fixed_0.5,0.5,0.8938427498490884,0.6857056851796274,0.6451169188445667,0.6614950634696756,0.6532033426183844
llava_1_5_7b,gated_visual,fixed_three_hidden,43,train_f1,0.518242597579956,0.8938427498490884,0.6857056851796274,0.6339869281045751,0.6840620592383639,0.6580732700135685
llava_1_5_7b,gated_visual,fixed_three_hidden,44,fixed_0.5,0.5,0.896336046365592,0.6888233864561816,0.6210268948655256,0.7165021156558533,0.6653569089718402
llava_1_5_7b,gated_visual,fixed_three_hidden,44,train_f1,0.44291171431541443,0.896336046365592,0.6888233864561816,0.6686746987951807,0.6262341325811002,0.6467589220684632
llava_1_5_7b,gated_visual,fixed_three_hidden,45,fixed_0.5,0.5,0.8948506597570483,0.6903191563438386,0.6080097087378641,0.7066290550070522,0.6536203522504892
llava_1_5_7b,gated_visual,fixed_three_hidden,45,train_f1,0.4269111752510071,0.8948506597570483,0.6903191563438386,0.6656534954407295,0.6177715091678421,0.6408193123628383
llava_1_5_7b,gated_visual,searched_one_hidden,43,fixed_0.5,0.5,0.885620890444852,0.6546171855735242,0.6885553470919324,0.5176304654442877,0.5909822866344605
llava_1_5_7b,gated_visual,searched_one_hidden,43,train_f1,0.5106672644615173,0.885620890444852,0.6546171855735242,0.6854545454545454,0.5317348377997179,0.5988880063542494
llava_1_5_7b,gated_visual,searched_one_hidden,44,fixed_0.5,0.5,0.8880059589092233,0.6568733831915883,0.6265060240963856,0.6600846262341326,0.6428571428571429
llava_1_5_7b,gated_visual,searched_one_hidden,44,train_f1,0.4282379746437073,0.8880059589092233,0.6568733831915883,0.6488673139158576,0.5655853314527504,0.6043707611152976
llava_1_5_7b,gated_visual,searched_one_hidden,45,fixed_0.5,0.5,0.8912070784618653,0.6781005195384738,0.6329787234042553,0.6713681241184767,0.6516084873374401
llava_1_5_7b,gated_visual,searched_one_hidden,45,train_f1,0.40026193857192993,0.8912070784618653,0.6781005195384738,0.6885521885521886,0.5768688293370945,0.6277820414428242
llava_1_5_7b,gated_visual_prompt_sum,fixed_three_hidden,43,fixed_0.5,0.5,0.8968100505083534,0.7024020493148386,0.6519886363636364,0.6473906911142454,0.6496815286624203
llava_1_5_7b,gated_visual_prompt_sum,fixed_three_hidden,43,train_f1,0.45923787355422974,0.8968100505083534,0.7024020493148386,0.6905901116427432,0.610719322990127,0.6482035928143712
llava_1_5_7b,gated_visual_prompt_sum,fixed_three_hidden,44,fixed_0.5,0.5,0.8975890609798516,0.702000609726185,0.6583941605839416,0.6361071932299013,0.6470588235294118
llava_1_5_7b,gated_visual_prompt_sum,fixed_three_hidden,44,train_f1,0.41685599088668823,0.8975890609798516,0.702000609726185,0.7232824427480916,0.5345557122708039,0.6147607461476075
llava_1_5_7b,gated_visual_prompt_sum,fixed_three_hidden,45,fixed_0.5,0.5,0.8965820192113474,0.703874598125184,0.6558988764044944,0.6586741889985895,0.657283603096411
llava_1_5_7b,gated_visual_prompt_sum,fixed_three_hidden,45,train_f1,0.44323623180389404,0.8965820192113474,0.703874598125184,0.6977491961414791,0.61212976022567,0.6521412471825695
llava_1_5_7b,gated_visual_prompt_sum,searched_one_hidden,43,fixed_0.5,0.5,0.8892416107343707,0.6942949090644159,0.6697530864197531,0.61212976022567,0.6396462785556374
llava_1_5_7b,gated_visual_prompt_sum,searched_one_hidden,43,train_f1,0.45391425490379333,0.8892416107343707,0.6942949090644159,0.7007168458781362,0.5514809590973202,0.6172059984214681
llava_1_5_7b,gated_visual_prompt_sum,searched_one_hidden,44,fixed_0.5,0.5,0.8853809945752859,0.6835318173659043,0.7283372365339579,0.4386459802538787,0.5475352112676056
llava_1_5_7b,gated_visual_prompt_sum,searched_one_hidden,44,train_f1,0.5531376004219055,0.8853809945752859,0.6835318173659043,0.708984375,0.5119887165021156,0.5945945945945946
llava_1_5_7b,gated_visual_prompt_sum,searched_one_hidden,45,fixed_0.5,0.5,0.877816316738944,0.6740912378250228,0.7037037037037037,0.5091678420310296,0.5908346972176759
llava_1_5_7b,gated_visual_prompt_sum,searched_one_hidden,45,train_f1,0.48359131813049316,0.877816316738944,0.6740912378250228,0.7082494969818913,0.49647390691114246,0.5837479270315091
llava_1_5_7b,gated_generation,fixed_three_hidden,43,fixed_0.5,0.5,0.8877160003310505,0.6687305849770144,0.6166883963494133,0.6671368124118476,0.6409214092140921
llava_1_5_7b,gated_generation,fixed_three_hidden,43,train_f1,0.44397974014282227,0.8877160003310505,0.6687305849770144,0.6451127819548872,0.6050775740479548,0.6244541484716157
llava_1_5_7b,gated_generation,fixed_three_hidden,44,fixed_0.5,0.5,0.8835509566028661,0.6698182890196951,0.6132075471698113,0.6417489421720733,0.6271536871123363
llava_1_5_7b,gated_generation,fixed_three_hidden,44,train_f1,0.4120635986328125,0.8835509566028661,0.6698182890196951,0.6512396694214876,0.5557122708039492,0.5996955859969558
llava_1_5_7b,gated_generation,fixed_three_hidden,45,fixed_0.5,0.5,0.8755608904332768,0.6465936481987116,0.6923076923076923,0.3427362482369535,0.45849056603773586
llava_1_5_7b,gated_generation,fixed_three_hidden,45,train_f1,0.5792966485023499,0.8755608904332768,0.6465936481987116,0.6439267886855241,0.5458392101551481,0.5908396946564886
llava_1_5_7b,gated_generation,searched_one_hidden,43,fixed_0.5,0.5,0.8703902518356809,0.6427540701496838,0.6611909650924025,0.4541607898448519,0.5384615384615384
llava_1_5_7b,gated_generation,searched_one_hidden,43,train_f1,0.5113968253135681,0.8703902518356809,0.6427540701496838,0.6518375241779497,0.47531734837799716,0.5497553017944535
llava_1_5_7b,gated_generation,searched_one_hidden,44,fixed_0.5,0.5,0.8736041041003384,0.6457938325976501,0.6005154639175257,0.6572637517630465,0.6276094276094276
llava_1_5_7b,gated_generation,searched_one_hidden,44,train_f1,0.3926001191139221,0.8736041041003384,0.6457938325976501,0.6629834254143646,0.5077574047954866,0.5750798722044729
llava_1_5_7b,gated_generation,searched_one_hidden,45,fixed_0.5,0.5,0.872369609794465,0.654760169585546,0.657088122605364,0.4837799717912553,0.5572705117790414
llava_1_5_7b,gated_generation,searched_one_hidden,45,train_f1,0.5084582567214966,0.872369609794465,0.654760169585546,0.6519337016574586,0.4992947813822285,0.5654952076677316
llava_1_5_7b,gated_vp_generation,fixed_three_hidden,43,fixed_0.5,0.5,0.9076617937034422,0.724611302330118,0.6386554621848739,0.7503526093088858,0.6900129701686122
llava_1_5_7b,gated_vp_generation,fixed_three_hidden,43,train_f1,0.40168246626853943,0.9076617937034422,0.724611302330118,0.6894049346879536,0.6699576868829337,0.6795422031473534
llava_1_5_7b,gated_vp_generation,fixed_three_hidden,44,fixed_0.5,0.5,0.9059420094418847,0.7227742310338997,0.7011308562197092,0.61212976022567,0.6536144578313253
llava_1_5_7b,gated_vp_generation,fixed_three_hidden,44,train_f1,0.5504188537597656,0.9059420094418847,0.7227742310338997,0.6835066864784547,0.6488011283497884,0.6657018813314037
llava_1_5_7b,gated_vp_generation,fixed_three_hidden,45,fixed_0.5,0.5,0.9004921193194018,0.7110273452850822,0.6230859835100118,0.7461212976022567,0.6790757381258024
llava_1_5_7b,gated_vp_generation,fixed_three_hidden,45,train_f1,0.35733872652053833,0.9004921193194018,0.7110273452850822,0.6761453396524486,0.6036671368124118,0.6378539493293591
llava_1_5_7b,gated_vp_generation,searched_one_hidden,43,fixed_0.5,0.5,0.9018961901989371,0.7214733948213403,0.7198515769944341,0.5472496473906912,0.6217948717948718
llava_1_5_7b,gated_vp_generation,searched_one_hidden,43,train_f1,0.5506541728973389,0.9018961901989371,0.7214733948213403,0.6913183279742765,0.6064880112834978,0.6461307287753568
llava_1_5_7b,gated_vp_generation,searched_one_hidden,44,fixed_0.5,0.5,0.8929259945839674,0.704483412658259,0.7881040892193308,0.29901269393511987,0.4335378323108384
llava_1_5_7b,gated_vp_generation,searched_one_hidden,44,train_f1,0.653157651424408,0.8929259945839674,0.704483412658259,0.6893382352941176,0.5289139633286318,0.5985634477254589
llava_1_5_7b,gated_vp_generation,searched_one_hidden,45,fixed_0.5,0.5,0.8932194257199626,0.709638240951859,0.7282608695652174,0.47249647390691113,0.5731394354148845
llava_1_5_7b,gated_vp_generation,searched_one_hidden,45,train_f1,0.564357578754425,0.8932194257199626,0.709638240951859,0.6934046345811051,0.5486600846262342,0.6125984251968504
qwen3_vl_8b,attention_visual,fixed_three_hidden,43,fixed_0.5,0.5,0.877922026802997,0.5915830464030257,0.5824175824175825,0.5135658914728682,0.5458290422245108
qwen3_vl_8b,attention_visual,fixed_three_hidden,43,train_f1,0.4583045244216919,0.877922026802997,0.5915830464030257,0.6099476439790575,0.45155038759689925,0.5189309576837416
qwen3_vl_8b,attention_visual,fixed_three_hidden,44,fixed_0.5,0.5,0.8738781917701648,0.609221176907315,0.5782608695652174,0.5155038759689923,0.5450819672131147
qwen3_vl_8b,attention_visual,fixed_three_hidden,44,train_f1,0.49285784363746643,0.8738781917701648,0.609221176907315,0.5865168539325842,0.5058139534883721,0.5431841831425598
qwen3_vl_8b,attention_visual,fixed_three_hidden,45,fixed_0.5,0.5,0.8736921884792186,0.5863805580381992,0.6504854368932039,0.38953488372093026,0.48727272727272725
qwen3_vl_8b,attention_visual,fixed_three_hidden,45,train_f1,0.5372068285942078,0.8736921884792186,0.5863805580381992,0.6331521739130435,0.45155038759689925,0.5271493212669683
qwen3_vl_8b,attention_visual,searched_one_hidden,43,fixed_0.5,0.5,0.8665098373358772,0.5792843778232554,0.5935334872979214,0.49806201550387597,0.541622760800843
qwen3_vl_8b,attention_visual,searched_one_hidden,43,train_f1,0.4163697361946106,0.8665098373358772,0.5792843778232554,0.6656151419558359,0.40891472868217055,0.5066026410564226
qwen3_vl_8b,attention_visual,searched_one_hidden,44,fixed_0.5,0.5,0.8655667003170546,0.5757895157951634,0.6106870229007634,0.46511627906976744,0.528052805280528
qwen3_vl_8b,attention_visual,searched_one_hidden,44,train_f1,0.403812050819397,0.8655667003170546,0.5757895157951634,0.7030075187969925,0.3624031007751938,0.4782608695652174
qwen3_vl_8b,attention_visual,searched_one_hidden,45,fixed_0.5,0.5,0.874406873323269,0.581566449418738,0.6701388888888888,0.374031007751938,0.48009950248756217
qwen3_vl_8b,attention_visual,searched_one_hidden,45,train_f1,0.5250129699707031,0.874406873323269,0.581566449418738,0.6540880503144654,0.40310077519379844,0.4988009592326139
qwen3_vl_8b,attention_visual_prompt_sum,fixed_three_hidden,43,fixed_0.5,0.5,0.8803666966124246,0.6262358798603991,0.6544502617801047,0.4844961240310077,0.5567928730512249
qwen3_vl_8b,attention_visual_prompt_sum,fixed_three_hidden,43,train_f1,0.538597047328949,0.8803666966124246,0.6262358798603991,0.6474654377880185,0.5445736434108527,0.5915789473684211
qwen3_vl_8b,attention_visual_prompt_sum,fixed_three_hidden,44,fixed_0.5,0.5,0.888774662801503,0.6302652850834383,0.6602739726027397,0.46705426356589147,0.547105561861521
qwen3_vl_8b,attention_visual_prompt_sum,fixed_three_hidden,44,train_f1,0.5483555197715759,0.888774662801503,0.6302652850834383,0.6466512702078522,0.5426356589147286,0.5900948366701791
qwen3_vl_8b,attention_visual_prompt_sum,fixed_three_hidden,45,fixed_0.5,0.5,0.8625975938429051,0.5893153205429356,0.6463768115942029,0.4321705426356589,0.5180023228803716
qwen3_vl_8b,attention_visual_prompt_sum,fixed_three_hidden,45,train_f1,0.5294572710990906,0.8625975938429051,0.5893153205429356,0.6233766233766234,0.46511627906976744,0.532741398446171
qwen3_vl_8b,attention_visual_prompt_sum,searched_one_hidden,43,fixed_0.5,0.5,0.828663956112485,0.5218753631820119,0.625,0.31007751937984496,0.41450777202072536
qwen3_vl_8b,attention_visual_prompt_sum,searched_one_hidden,43,train_f1,0.48573046922683716,0.828663956112485,0.5218753631820119,0.6382978723404256,0.29069767441860467,0.3994673768308921
qwen3_vl_8b,attention_visual_prompt_sum,searched_one_hidden,44,fixed_0.5,0.5,0.8252356298951282,0.5150893953437267,0.5759493670886076,0.35271317829457366,0.4375
qwen3_vl_8b,attention_visual_prompt_sum,searched_one_hidden,44,train_f1,0.44598808884620667,0.8252356298951282,0.5150893953437267,0.6483050847457628,0.29651162790697677,0.40691489361702127
qwen3_vl_8b,attention_visual_prompt_sum,searched_one_hidden,45,fixed_0.5,0.5,0.8238270987499962,0.5125279900564068,0.5658682634730539,0.36627906976744184,0.4447058823529412
qwen3_vl_8b,attention_visual_prompt_sum,searched_one_hidden,45,train_f1,0.41136953234672546,0.8238270987499962,0.5125279900564068,0.6620370370370371,0.2771317829457364,0.3907103825136612
qwen3_vl_8b,attention_generation,fixed_three_hidden,43,fixed_0.5,0.5,0.8735297250238485,0.5935749217517897,0.5452830188679245,0.560077519379845,0.5525812619502868
qwen3_vl_8b,attention_generation,fixed_three_hidden,43,train_f1,0.4476037323474884,0.8735297250238485,0.5935749217517897,0.5833333333333334,0.501937984496124,0.5395833333333333
qwen3_vl_8b,attention_generation,fixed_three_hidden,44,fixed_0.5,0.5,0.8639659914978745,0.5828528727656525,0.4405594405594406,0.7325581395348837,0.5502183406113537
qwen3_vl_8b,attention_generation,fixed_three_hidden,44,train_f1,0.24626481533050537,0.8639659914978745,0.5828528727656525,0.6045918367346939,0.45930232558139533,0.5220264317180616
qwen3_vl_8b,attention_generation,fixed_three_hidden,45,fixed_0.5,0.5,0.855986373136494,0.5511565677051626,0.6940298507462687,0.18023255813953487,0.28615384615384615
qwen3_vl_8b,attention_generation,fixed_three_hidden,45,train_f1,0.6998801231384277,0.855986373136494,0.5511565677051626,0.6130030959752322,0.38372093023255816,0.4719904648390942
qwen3_vl_8b,attention_generation,searched_one_hidden,43,fixed_0.5,0.5,0.8311124849113514,0.49765174368777354,0.5764705882352941,0.28488372093023256,0.38132295719844356
qwen3_vl_8b,attention_generation,searched_one_hidden,43,train_f1,0.42758315801620483,0.8311124849113514,0.49765174368777354,0.6235955056179775,0.21511627906976744,0.31988472622478387
qwen3_vl_8b,attention_generation,searched_one_hidden,44,fixed_0.5,0.5,0.8374431570855676,0.5151970609687341,0.6014760147601476,0.31589147286821706,0.4142312579415502
qwen3_vl_8b,attention_generation,searched_one_hidden,44,train_f1,0.440279483795166,0.8374431570855676,0.5151970609687341,0.6382978723404256,0.23255813953488372,0.3409090909090909
qwen3_vl_8b,attention_generation,searched_one_hidden,45,fixed_0.5,0.5,0.8307138513023318,0.49967311083589816,0.5366876310272537,0.49612403100775193,0.5156092648539778
qwen3_vl_8b,attention_generation,searched_one_hidden,45,train_f1,0.3618670403957367,0.8307138513023318,0.49967311083589816,0.6017699115044248,0.26356589147286824,0.3665768194070081
qwen3_vl_8b,attention_vp_generation,fixed_three_hidden,43,fixed_0.5,0.5,0.8925429659884108,0.6298080310404739,0.6016042780748663,0.436046511627907,0.5056179775280899
qwen3_vl_8b,attention_vp_generation,fixed_three_hidden,43,train_f1,0.591458797454834,0.8925429659884108,0.6298080310404739,0.5821782178217821,0.5697674418604651,0.5759059745347699
qwen3_vl_8b,attention_vp_generation,fixed_three_hidden,44,fixed_0.5,0.5,0.8917557321429123,0.6407779189007705,0.7148148148148148,0.374031007751938,0.4910941475826972
qwen3_vl_8b,attention_vp_generation,fixed_three_hidden,44,train_f1,0.7078732252120972,0.8917557321429123,0.6407779189007705,0.6347438752783965,0.5523255813953488,0.5906735751295337
qwen3_vl_8b,attention_vp_generation,fixed_three_hidden,45,fixed_0.5,0.5,0.8943717410834191,0.6534587334703792,0.6003787878787878,0.6143410852713178,0.60727969348659
qwen3_vl_8b,attention_vp_generation,fixed_three_hidden,45,train_f1,0.3991446793079376,0.8943717410834191,0.6534587334703792,0.6407322654462243,0.5426356589147286,0.5876180482686254
qwen3_vl_8b,attention_vp_generation,searched_one_hidden,43,fixed_0.5,0.5,0.8575322843056443,0.5604230330167448,0.6306068601583114,0.4631782945736434,0.5340782122905028
qwen3_vl_8b,attention_vp_generation,searched_one_hidden,43,train_f1,0.4754956066608429,0.8575322843056443,0.5604230330167448,0.6379310344827587,0.43023255813953487,0.5138888888888888
qwen3_vl_8b,attention_vp_generation,searched_one_hidden,44,fixed_0.5,0.5,0.8566115294255662,0.5608829364232947,0.5679513184584178,0.5426356589147286,0.5550049554013875
qwen3_vl_8b,attention_vp_generation,searched_one_hidden,44,train_f1,0.391610711812973,0.8566115294255662,0.5608829364232947,0.6447761194029851,0.4186046511627907,0.5076380728554641
qwen3_vl_8b,attention_vp_generation,searched_one_hidden,45,fixed_0.5,0.5,0.8582099228510832,0.5600127185687915,0.686046511627907,0.22868217054263565,0.3430232558139535
qwen3_vl_8b,attention_vp_generation,searched_one_hidden,45,train_f1,0.6317460536956787,0.8582099228510832,0.5600127185687915,0.6317365269461078,0.40891472868217055,0.4964705882352941
qwen3_vl_8b,gated_visual,fixed_three_hidden,43,fixed_0.5,0.5,0.8808915191760903,0.5931813772604522,0.5805825242718446,0.5794573643410853,0.5800193986420951
qwen3_vl_8b,gated_visual,fixed_three_hidden,43,train_f1,0.4216851592063904,0.8808915191760903,0.5931813772604522,0.6456043956043956,0.45542635658914726,0.5340909090909091
qwen3_vl_8b,gated_visual,fixed_three_hidden,44,fixed_0.5,0.5,0.8734791722622014,0.5933440572745945,0.6533333333333333,0.3798449612403101,0.4803921568627451
qwen3_vl_8b,gated_visual,fixed_three_hidden,44,train_f1,0.5557376742362976,0.8734791722622014,0.5933440572745945,0.6505681818181818,0.4437984496124031,0.5276497695852534
qwen3_vl_8b,gated_visual,fixed_three_hidden,45,fixed_0.5,0.5,0.8779548282132261,0.6026122685077431,0.5164179104477612,0.6705426356589147,0.5834738617200674
qwen3_vl_8b,gated_visual,fixed_three_hidden,45,train_f1,0.4004872739315033,0.8779548282132261,0.6026122685077431,0.6131386861313869,0.4883720930232558,0.5436893203883495
qwen3_vl_8b,gated_visual,searched_one_hidden,43,fixed_0.5,0.5,0.8704004704879924,0.5817315409979874,0.6125290023201856,0.5116279069767442,0.5575501583949314
qwen3_vl_8b,gated_visual,searched_one_hidden,43,train_f1,0.4189494550228119,0.8704004704879924,0.5817315409979874,0.647239263803681,0.40891472868217055,0.501187648456057
qwen3_vl_8b,gated_visual,searched_one_hidden,44,fixed_0.5,0.5,0.8715056850632411,0.58561890902365,0.6018306636155606,0.5096899224806202,0.5519412381951732
qwen3_vl_8b,gated_visual,searched_one_hidden,44,train_f1,0.42894428968429565,0.8715056850632411,0.58561890902365,0.6355685131195336,0.42248062015503873,0.5075669383003493
qwen3_vl_8b,gated_visual,searched_one_hidden,45,fixed_0.5,0.5,0.8718734467567508,0.5824813496360696,0.6728110599078341,0.28294573643410853,0.39836289222373805
qwen3_vl_8b,gated_visual,searched_one_hidden,45,train_f1,0.5749132037162781,0.8718734467567508,0.5824813496360696,0.6503267973856209,0.3856589147286822,0.48418491484184917
qwen3_vl_8b,gated_visual_prompt_sum,fixed_three_hidden,43,fixed_0.5,0.5,0.8859591441070145,0.6300218879791899,0.5363036303630363,0.6298449612403101,0.5793226381461676
qwen3_vl_8b,gated_visual_prompt_sum,fixed_three_hidden,43,train_f1,0.3745054602622986,0.8859591441070145,0.6300218879791899,0.6552706552706553,0.44573643410852715,0.5305651672433679
qwen3_vl_8b,gated_visual_prompt_sum,fixed_three_hidden,44,fixed_0.5,0.5,0.8840751854630323,0.6307782298703825,0.6253041362530414,0.49806201550387597,0.5544768069039914
qwen3_vl_8b,gated_visual_prompt_sum,fixed_three_hidden,44,train_f1,0.4968230128288269,0.8840751854630323,0.6307782298703825,0.624390243902439,0.49612403100775193,0.5529157667386609
qwen3_vl_8b,gated_visual_prompt_sum,fixed_three_hidden,45,fixed_0.5,0.5,0.8804627854494488,0.6105769639058519,0.5833333333333334,0.5562015503875969,0.5694444444444444
qwen3_vl_8b,gated_visual_prompt_sum,fixed_three_hidden,45,train_f1,0.4155588448047638,0.8804627854494488,0.6105769639058519,0.653179190751445,0.437984496124031,0.5243619489559165
qwen3_vl_8b,gated_visual_prompt_sum,searched_one_hidden,43,fixed_0.5,0.5,0.86925203523103,0.6038131420251208,0.6645367412140575,0.40310077519379844,0.5018094089264173
qwen3_vl_8b,gated_visual_prompt_sum,searched_one_hidden,43,train_f1,0.47045987844467163,0.86925203523103,0.6038131420251208,0.6877192982456141,0.3798449612403101,0.4893882646691635
qwen3_vl_8b,gated_visual_prompt_sum,searched_one_hidden,44,fixed_0.5,0.5,0.853027685933829,0.5797064404159481,0.6689895470383276,0.37209302325581395,0.47820672478206727
qwen3_vl_8b,gated_visual_prompt_sum,searched_one_hidden,44,train_f1,0.46992480754852295,0.853027685933829,0.5797064404159481,0.6774193548387096,0.32558139534883723,0.4397905759162304
qwen3_vl_8b,gated_visual_prompt_sum,searched_one_hidden,45,fixed_0.5,0.5,0.855209944461424,0.5808148531389442,0.7136752136752137,0.3236434108527132,0.44533333333333336
qwen3_vl_8b,gated_visual_prompt_sum,searched_one_hidden,45,train_f1,0.48990362882614136,0.855209944461424,0.5808148531389442,0.7232142857142857,0.313953488372093,0.43783783783783786
qwen3_vl_8b,gated_generation,fixed_three_hidden,43,fixed_0.5,0.5,0.8558636572723428,0.5602193922223502,0.4945904173106646,0.6201550387596899,0.5503009458297506
qwen3_vl_8b,gated_generation,fixed_three_hidden,43,train_f1,0.3275721073150635,0.8558636572723428,0.5602193922223502,0.5948275862068966,0.4011627906976744,0.4791666666666667
qwen3_vl_8b,gated_generation,fixed_three_hidden,44,fixed_0.5,0.5,0.8768905189260279,0.6164644937383904,0.6115107913669064,0.4941860465116279,0.5466237942122186
qwen3_vl_8b,gated_generation,fixed_three_hidden,44,train_f1,0.49581530690193176,0.8768905189260279,0.6164644937383904,0.6111111111111112,0.4903100775193798,0.5440860215053763
qwen3_vl_8b,gated_generation,fixed_three_hidden,45,fixed_0.5,0.5,0.8651792577774073,0.5727088984490465,0.6711409395973155,0.3875968992248062,0.4914004914004914
qwen3_vl_8b,gated_generation,fixed_three_hidden,45,train_f1,0.5491040349006653,0.8651792577774073,0.5727088984490465,0.6475644699140402,0.437984496124031,0.522543352601156
qwen3_vl_8b,gated_generation,searched_one_hidden,43,fixed_0.5,0.5,0.8330076346247056,0.5131445012300677,0.5480769230769231,0.4418604651162791,0.4892703862660944
qwen3_vl_8b,gated_generation,searched_one_hidden,43,train_f1,0.38079702854156494,0.8330076346247056,0.5131445012300677,0.6135265700483091,0.24612403100775193,0.35131396957123096
qwen3_vl_8b,gated_generation,searched_one_hidden,44,fixed_0.5,0.5,0.8319147688156607,0.5081485412674966,0.6051502145922747,0.27325581395348836,0.376502002670227
qwen3_vl_8b,gated_generation,searched_one_hidden,44,train_f1,0.44880592823028564,0.8319147688156607,0.5081485412674966,0.6470588235294118,0.2131782945736434,0.3206997084548105
qwen3_vl_8b,gated_generation,searched_one_hidden,45,fixed_0.5,0.5,0.8341336877429233,0.5173848035665934,0.5714285714285714,0.40310077519379844,0.4727272727272727
qwen3_vl_8b,gated_generation,searched_one_hidden,45,train_f1,0.3894478380680084,0.8341336877429233,0.5173848035665934,0.654054054054054,0.23449612403100775,0.34522111269614836
qwen3_vl_8b,gated_vp_generation,fixed_three_hidden,43,fixed_0.5,0.5,0.8958088287503975,0.65138629376183,0.49555273189326554,0.7558139534883721,0.5986185725249424
qwen3_vl_8b,gated_vp_generation,fixed_three_hidden,43,train_f1,0.2047407031059265,0.8958088287503975,0.65138629376183,0.6292906178489702,0.5329457364341085,0.577124868835257
qwen3_vl_8b,gated_vp_generation,fixed_three_hidden,44,fixed_0.5,0.5,0.89656557657933,0.6749955520262947,0.7389937106918238,0.45542635658914726,0.5635491606714629
qwen3_vl_8b,gated_vp_generation,fixed_three_hidden,44,train_f1,0.7139877080917358,0.89656557657933,0.6749955520262947,0.6784140969162996,0.5968992248062015,0.6350515463917525
qwen3_vl_8b,gated_vp_generation,fixed_three_hidden,45,fixed_0.5,0.5,0.8975816484985446,0.6659381180704115,0.5339943342776204,0.7306201550387597,0.6170212765957447
qwen3_vl_8b,gated_vp_generation,fixed_three_hidden,45,train_f1,0.2744137644767761,0.8975816484985446,0.6659381180704115,0.6598639455782312,0.563953488372093,0.6081504702194357
qwen3_vl_8b,gated_vp_generation,searched_one_hidden,43,fixed_0.5,0.5,0.8779073626431299,0.6266741455020591,0.7641921397379913,0.3391472868217054,0.4697986577181208
qwen3_vl_8b,gated_vp_generation,searched_one_hidden,43,train_f1,0.600886881351471,0.8779073626431299,0.6266741455020591,0.6814159292035398,0.4476744186046512,0.5403508771929825
qwen3_vl_8b,gated_vp_generation,searched_one_hidden,44,fixed_0.5,0.5,0.8821946999095452,0.6270435386567105,0.8111111111111111,0.14147286821705427,0.24092409240924093
qwen3_vl_8b,gated_vp_generation,searched_one_hidden,44,train_f1,0.7094563841819763,0.8821946999095452,0.6270435386567105,0.7250996015936255,0.35271317829457366,0.4745762711864407
qwen3_vl_8b,gated_vp_generation,searched_one_hidden,45,fixed_0.5,0.5,0.885572473365255,0.6364814153477634,0.7602040816326531,0.28875968992248063,0.41853932584269665
qwen3_vl_8b,gated_vp_generation,searched_one_hidden,45,train_f1,0.6451852321624756,0.885572473365255,0.6364814153477634,0.6985074626865672,0.45348837209302323,0.5499412455934195
internvl_2_5_8b,attention_visual,fixed_three_hidden,43,fixed_0.5,0.5,0.8546637845401237,0.5193564975800148,0.5614754098360656,0.3672922252010724,0.44408427876823336
internvl_2_5_8b,attention_visual,fixed_three_hidden,43,train_f1,0.49485325813293457,0.8546637845401237,0.5193564975800148,0.5726872246696035,0.3485254691689008,0.43333333333333335
internvl_2_5_8b,attention_visual,fixed_three_hidden,44,fixed_0.5,0.5,0.8528192858592439,0.5303954162335449,0.618421052631579,0.2520107238605898,0.3580952380952381
internvl_2_5_8b,attention_visual,fixed_three_hidden,44,train_f1,0.5691064596176147,0.8528192858592439,0.5303954162335449,0.5584905660377358,0.3967828418230563,0.46394984326018807
internvl_2_5_8b,attention_visual,fixed_three_hidden,45,fixed_0.5,0.5,0.8498425867575276,0.52070489634207,0.5507246376811594,0.30563002680965146,0.3931034482758621
internvl_2_5_8b,attention_visual,fixed_three_hidden,45,train_f1,0.5379565954208374,0.8498425867575276,0.52070489634207,0.5111940298507462,0.3672922252010724,0.42745709828393136
internvl_2_5_8b,attention_visual,searched_one_hidden,43,fixed_0.5,0.5,0.8459720100829925,0.5231312341494538,0.5534351145038168,0.38873994638069703,0.4566929133858268
internvl_2_5_8b,attention_visual,searched_one_hidden,43,train_f1,0.3984007239341736,0.8459720100829925,0.5231312341494538,0.6108108108108108,0.30294906166219837,0.4050179211469534
internvl_2_5_8b,attention_visual,searched_one_hidden,44,fixed_0.5,0.5,0.8410186332418317,0.5207810413496565,0.5761316872427984,0.3753351206434316,0.45454545454545453
internvl_2_5_8b,attention_visual,searched_one_hidden,44,train_f1,0.49618470668792725,0.8410186332418317,0.5207810413496565,0.5805084745762712,0.3672922252010724,0.44991789819376027
internvl_2_5_8b,attention_visual,searched_one_hidden,45,fixed_0.5,0.5,0.8490401664120995,0.5272236100303449,0.5898617511520737,0.34316353887399464,0.43389830508474575
internvl_2_5_8b,attention_visual,searched_one_hidden,45,train_f1,0.4081481993198395,0.8490401664120995,0.5272236100303449,0.626984126984127,0.21179624664879357,0.3166332665330661
internvl_2_5_8b,attention_visual_prompt_sum,fixed_three_hidden,43,fixed_0.5,0.5,0.8499053384317956,0.5253241932705163,0.47186147186147187,0.5844504021447721,0.5221556886227545
internvl_2_5_8b,attention_visual_prompt_sum,fixed_three_hidden,43,train_f1,0.4429331421852112,0.8499053384317956,0.5253241932705163,0.5517241379310345,0.4289544235924933,0.48265460030165913
internvl_2_5_8b,attention_visual_prompt_sum,fixed_three_hidden,44,fixed_0.5,0.5,0.8399031220960662,0.495996926923232,0.6574074074074074,0.1903485254691689,0.29521829521829523
internvl_2_5_8b,attention_visual_prompt_sum,fixed_three_hidden,44,train_f1,0.5185065865516663,0.8399031220960662,0.495996926923232,0.6666666666666666,0.21447721179624665,0.32454361054766734
internvl_2_5_8b,attention_visual_prompt_sum,fixed_three_hidden,45,fixed_0.5,0.5,0.8566050810164169,0.5249824327773968,0.572463768115942,0.42359249329758714,0.4869029275808937
internvl_2_5_8b,attention_visual_prompt_sum,fixed_three_hidden,45,train_f1,0.4715104103088379,0.8566050810164169,0.5249824327773968,0.6028708133971292,0.3378016085790885,0.4329896907216495
internvl_2_5_8b,attention_visual_prompt_sum,searched_one_hidden,43,fixed_0.5,0.5,0.809692196362005,0.4414583012843734,0.6896551724137931,0.05361930294906166,0.09950248756218906
internvl_2_5_8b,attention_visual_prompt_sum,searched_one_hidden,43,train_f1,0.5561378598213196,0.809692196362005,0.4414583012843734,0.6724137931034483,0.10455764075067024,0.18097447795823665
internvl_2_5_8b,attention_visual_prompt_sum,searched_one_hidden,44,fixed_0.5,0.5,0.8195388686540701,0.46802671995250694,0.6517857142857143,0.19571045576407506,0.30103092783505153
internvl_2_5_8b,attention_visual_prompt_sum,searched_one_hidden,44,train_f1,0.4440862834453583,0.8195388686540701,0.46802671995250694,0.6862745098039216,0.0938337801608579,0.1650943396226415
internvl_2_5_8b,attention_visual_prompt_sum,searched_one_hidden,45,fixed_0.5,0.5,0.8271258131014816,0.48738174560812014,0.6357615894039735,0.257372654155496,0.366412213740458
internvl_2_5_8b,attention_visual_prompt_sum,searched_one_hidden,45,train_f1,0.45931804180145264,0.8271258131014816,0.48738174560812014,0.64,0.17158176943699732,0.27061310782241016
internvl_2_5_8b,attention_generation,fixed_three_hidden,43,fixed_0.5,0.5,0.8517878886598378,0.5134053117008675,0.565068493150685,0.44235924932975873,0.49624060150375937
internvl_2_5_8b,attention_generation,fixed_three_hidden,43,train_f1,0.4554767310619354,0.8517878886598378,0.5134053117008675,0.5982532751091703,0.3672922252010724,0.45514950166112955
internvl_2_5_8b,attention_generation,fixed_three_hidden,44,fixed_0.5,0.5,0.8408584162011472,0.4850192422136596,0.430327868852459,0.5630026809651475,0.4878048780487805
internvl_2_5_8b,attention_generation,fixed_three_hidden,44,train_f1,0.30751585960388184,0.8408584162011472,0.4850192422136596,0.5828220858895705,0.2546916890080429,0.35447761194029853
internvl_2_5_8b,attention_generation,fixed_three_hidden,45,fixed_0.5,0.5,0.8413751161573546,0.5009109460210917,0.723404255319149,0.09115281501340483,0.1619047619047619
internvl_2_5_8b,attention_generation,fixed_three_hidden,45,train_f1,0.6784582734107971,0.8413751161573546,0.5009109460210917,0.5612244897959183,0.2949061662198391,0.3866432337434095
internvl_2_5_8b,attention_generation,searched_one_hidden,43,fixed_0.5,0.5,0.829854175790137,0.48052768089069864,1.0,0.005361930294906166,0.010666666666666666
internvl_2_5_8b,attention_generation,searched_one_hidden,43,train_f1,0.6792013645172119,0.829854175790137,0.48052768089069864,0.6049382716049383,0.13136729222520108,0.21585903083700442
internvl_2_5_8b,attention_generation,searched_one_hidden,44,fixed_0.5,0.5,0.8295284011407453,0.47734520055338525,0.6571428571428571,0.06166219839142091,0.11274509803921569
internvl_2_5_8b,attention_generation,searched_one_hidden,44,train_f1,0.5711371898651123,0.8295284011407453,0.47734520055338525,0.5789473684210527,0.1769436997319035,0.27104722792607805
internvl_2_5_8b,attention_generation,searched_one_hidden,45,fixed_0.5,0.5,0.8351653706888265,0.49995026643692286,0.7142857142857143,0.08042895442359249,0.14457831325301204
internvl_2_5_8b,attention_generation,searched_one_hidden,45,train_f1,0.553947389125824,0.8351653706888265,0.49995026643692286,0.6705882352941176,0.15281501340482573,0.24890829694323144
internvl_2_5_8b,attention_vp_generation,fixed_three_hidden,43,fixed_0.5,0.5,0.8671486974354592,0.5463312869272507,0.5379746835443038,0.45576407506702415,0.4934687953555878
internvl_2_5_8b,attention_vp_generation,fixed_three_hidden,43,train_f1,0.4636821746826172,0.8671486974354592,0.5463312869272507,0.5408163265306123,0.4262734584450402,0.4767616191904048
internvl_2_5_8b,attention_vp_generation,fixed_three_hidden,44,fixed_0.5,0.5,0.8695125663565577,0.5376696615564909,0.5075268817204301,0.6327077747989276,0.5632458233890215
internvl_2_5_8b,attention_vp_generation,fixed_three_hidden,44,train_f1,0.37750717997550964,0.8695125663565577,0.5376696615564909,0.5611940298507463,0.5040214477211796,0.5310734463276836
internvl_2_5_8b,attention_vp_generation,fixed_three_hidden,45,fixed_0.5,0.5,0.8641766713307627,0.5485205289853492,0.547945205479452,0.5361930294906166,0.5420054200542005
internvl_2_5_8b,attention_vp_generation,fixed_three_hidden,45,train_f1,0.3952687680721283,0.8641766713307627,0.5485205289853492,0.5698529411764706,0.4155495978552279,0.4806201550387597
internvl_2_5_8b,attention_vp_generation,searched_one_hidden,43,fixed_0.5,0.5,0.8451535680334961,0.5138709998456478,0.5360230547550432,0.49865951742627346,0.5166666666666667
internvl_2_5_8b,attention_vp_generation,searched_one_hidden,43,train_f1,0.38105133175849915,0.8451535680334961,0.5138709998456478,0.6484848484848484,0.2868632707774799,0.39776951672862454
internvl_2_5_8b,attention_vp_generation,searched_one_hidden,44,fixed_0.5,0.5,0.8467544032983348,0.5135846063216069,0.6235955056179775,0.2975871313672922,0.4029038112522686
internvl_2_5_8b,attention_vp_generation,searched_one_hidden,44,train_f1,0.49800652265548706,0.8467544032983348,0.5135846063216069,0.6342857142857142,0.2975871313672922,0.4051094890510949
internvl_2_5_8b,attention_vp_generation,searched_one_hidden,45,fixed_0.5,0.5,0.8468745660788481,0.5173858551085524,0.6444444444444445,0.3109919571045576,0.41952983725135623
internvl_2_5_8b,attention_vp_generation,searched_one_hidden,45,train_f1,0.4413083493709564,0.8468745660788481,0.5173858551085524,0.6475409836065574,0.21179624664879357,0.3191919191919192
internvl_2_5_8b,gated_visual,fixed_three_hidden,43,fixed_0.5,0.5,0.8526730878096195,0.5139293042671418,0.5588235294117647,0.35656836461126007,0.4353518821603928
internvl_2_5_8b,gated_visual,fixed_three_hidden,43,train_f1,0.4780743420124054,0.8526730878096195,0.5139293042671418,0.569060773480663,0.2761394101876676,0.37184115523465705
internvl_2_5_8b,gated_visual,fixed_three_hidden,44,fixed_0.5,0.5,0.8530028678850282,0.5365676798455651,0.6084656084656085,0.30831099195710454,0.4092526690391459
internvl_2_5_8b,gated_visual,fixed_three_hidden,44,train_f1,0.5446013808250427,0.8530028678850282,0.5365676798455651,0.5797665369649806,0.39946380697050937,0.473015873015873
internvl_2_5_8b,gated_visual,fixed_three_hidden,45,fixed_0.5,0.5,0.8568934716896489,0.5362357726692807,0.5805243445692884,0.4155495978552279,0.484375
internvl_2_5_8b,gated_visual,fixed_three_hidden,45,train_f1,0.503093421459198,0.8568934716896489,0.5362357726692807,0.5756457564575646,0.41823056300268097,0.484472049689441
internvl_2_5_8b,gated_visual,searched_one_hidden,43,fixed_0.5,0.5,0.8401748234942268,0.5169492856239333,0.5661157024793388,0.3672922252010724,0.44552845528455287
internvl_2_5_8b,gated_visual,searched_one_hidden,43,train_f1,0.4742024838924408,0.8401748234942268,0.5169492856239333,0.5727699530516432,0.32707774798927614,0.41638225255972694
internvl_2_5_8b,gated_visual,searched_one_hidden,44,fixed_0.5,0.5,0.8483685899832306,0.5170303905907394,0.6289308176100629,0.2680965147453083,0.37593984962406013
internvl_2_5_8b,gated_visual,searched_one_hidden,44,train_f1,0.592430591583252,0.8483685899832306,0.5170303905907394,0.5982532751091703,0.3672922252010724,0.45514950166112955
internvl_2_5_8b,gated_visual,searched_one_hidden,45,fixed_0.5,0.5,0.8457063168238573,0.5246558784272379,0.6692307692307692,0.23324396782841822,0.34592445328031807
internvl_2_5_8b,gated_visual,searched_one_hidden,45,train_f1,0.671470046043396,0.8457063168238573,0.5246558784272379,0.5708955223880597,0.4101876675603217,0.47737909516380655
internvl_2_5_8b,gated_visual_prompt_sum,fixed_three_hidden,43,fixed_0.5,0.5,0.8502124210931075,0.5537356643237302,0.5443037974683544,0.46112600536193027,0.49927431059506533
internvl_2_5_8b,gated_visual_prompt_sum,fixed_three_hidden,43,train_f1,0.4747093617916107,0.8502124210931075,0.5537356643237302,0.5817490494296578,0.4101876675603217,0.4811320754716981
internvl_2_5_8b,gated_visual_prompt_sum,fixed_three_hidden,44,fixed_0.5,0.5,0.8536530820418059,0.5034795034846676,0.5561224489795918,0.29222520107238603,0.38312829525483305
internvl_2_5_8b,gated_visual_prompt_sum,fixed_three_hidden,44,train_f1,0.5894034504890442,0.8536530820418059,0.5034795034846676,0.5132450331125827,0.4155495978552279,0.45925925925925926
internvl_2_5_8b,gated_visual_prompt_sum,fixed_three_hidden,45,fixed_0.5,0.5,0.8582019108552386,0.5174998714943371,0.5230352303523035,0.517426273458445,0.5202156334231806
internvl_2_5_8b,gated_visual_prompt_sum,fixed_three_hidden,45,train_f1,0.4142400026321411,0.8582019108552386,0.5174998714943371,0.5564516129032258,0.3699731903485255,0.4444444444444444
internvl_2_5_8b,gated_visual_prompt_sum,searched_one_hidden,43,fixed_0.5,0.5,0.819444073571665,0.4730166487977259,0.5925925925925926,0.04289544235924933,0.08
internvl_2_5_8b,gated_visual_prompt_sum,searched_one_hidden,43,train_f1,0.5647931098937988,0.819444073571665,0.4730166487977259,0.6666666666666666,0.1554959785522788,0.25217391304347825
internvl_2_5_8b,gated_visual_prompt_sum,searched_one_hidden,44,fixed_0.5,0.5,0.8277339702850796,0.4897466709791421,0.711864406779661,0.1126005361930295,0.19444444444444445
internvl_2_5_8b,gated_visual_prompt_sum,searched_one_hidden,44,train_f1,0.4727867543697357,0.8277339702850796,0.4897466709791421,0.6818181818181818,0.08042895442359249,0.14388489208633093
internvl_2_5_8b,gated_visual_prompt_sum,searched_one_hidden,45,fixed_0.5,0.5,0.8255830565138909,0.47141610910142223,0.6144578313253012,0.2734584450402145,0.3784786641929499
internvl_2_5_8b,gated_visual_prompt_sum,searched_one_hidden,45,train_f1,0.39189064502716064,0.8255830565138909,0.47141610910142223,0.6078431372549019,0.08310991957104558,0.14622641509433962
internvl_2_5_8b,gated_generation,fixed_three_hidden,43,fixed_0.5,0.5,0.8482217243626031,0.509457403912322,0.6170212765957447,0.3109919571045576,0.41354723707664887
internvl_2_5_8b,gated_generation,fixed_three_hidden,43,train_f1,0.5571238994598389,0.8482217243626031,0.509457403912322,0.5668016194331984,0.3753351206434316,0.45161290322580644
internvl_2_5_8b,gated_generation,fixed_three_hidden,44,fixed_0.5,0.5,0.8438704965660146,0.5044058395553939,0.6178343949044586,0.26005361930294907,0.3660377358490566
internvl_2_5_8b,gated_generation,fixed_three_hidden,44,train_f1,0.5587825179100037,0.8438704965660146,0.5044058395553939,0.5518672199170125,0.35656836461126007,0.43322475570032576
internvl_2_5_8b,gated_generation,fixed_three_hidden,45,fixed_0.5,0.5,0.849444046868825,0.5132070762512115,0.6524822695035462,0.24664879356568364,0.35797665369649806
internvl_2_5_8b,gated_generation,fixed_three_hidden,45,train_f1,0.5902345180511475,0.849444046868825,0.5132070762512115,0.5431034482758621,0.3378016085790885,0.41652892561983473
internvl_2_5_8b,gated_generation,searched_one_hidden,43,fixed_0.5,0.5,0.8174787445392692,0.43054563763802356,0.75,0.00804289544235925,0.015915119363395226
internvl_2_5_8b,gated_generation,searched_one_hidden,43,train_f1,0.5117089748382568,0.8174787445392692,0.43054563763802356,0.6,0.00804289544235925,0.015873015873015872
internvl_2_5_8b,gated_generation,searched_one_hidden,44,fixed_0.5,0.5,0.8227004849235764,0.45608958788827525,0.5454545454545454,0.0160857908847185,0.03125
internvl_2_5_8b,gated_generation,searched_one_hidden,44,train_f1,0.5778899788856506,0.8227004849235764,0.45608958788827525,0.647887323943662,0.12332439678284182,0.2072072072072072
internvl_2_5_8b,gated_generation,searched_one_hidden,45,fixed_0.5,0.5,0.8123050692671673,0.411421373104566,0.5263157894736842,0.08042895442359249,0.13953488372093023
internvl_2_5_8b,gated_generation,searched_one_hidden,45,train_f1,0.45214980840682983,0.8123050692671673,0.411421373104566,0.5263157894736842,0.02680965147453083,0.05102040816326531
internvl_2_5_8b,gated_vp_generation,fixed_three_hidden,43,fixed_0.5,0.5,0.8697208485094475,0.5685113571037694,0.563076923076923,0.4906166219839142,0.5243553008595988
internvl_2_5_8b,gated_vp_generation,fixed_three_hidden,43,train_f1,0.5470985174179077,0.8697208485094475,0.5685113571037694,0.547752808988764,0.5227882037533512,0.5349794238683128
internvl_2_5_8b,gated_vp_generation,fixed_three_hidden,44,fixed_0.5,0.5,0.8701527669482927,0.5545532501671724,0.5186915887850467,0.5951742627345844,0.5543071161048689
internvl_2_5_8b,gated_vp_generation,fixed_three_hidden,44,train_f1,0.4238612651824951,0.8701527669482927,0.5545532501671724,0.5558659217877095,0.5335120643431636,0.5444596443228454
internvl_2_5_8b,gated_vp_generation,fixed_three_hidden,45,fixed_0.5,0.5,0.8581044454888223,0.5617331811718862,0.5549738219895288,0.5683646112600537,0.56158940397351
internvl_2_5_8b,gated_vp_generation,fixed_three_hidden,45,train_f1,0.39469894766807556,0.8581044454888223,0.5617331811718862,0.5792880258899676,0.47989276139410186,0.5249266862170088
internvl_2_5_8b,gated_vp_generation,searched_one_hidden,43,fixed_0.5,0.5,0.845117519199342,0.5145382589518627,0.5369318181818182,0.5067024128686327,0.5213793103448275
internvl_2_5_8b,gated_vp_generation,searched_one_hidden,43,train_f1,0.4014851450920105,0.845117519199342,0.5145382589518627,0.631578947368421,0.32171581769436997,0.42628774422735344
internvl_2_5_8b,gated_vp_generation,searched_one_hidden,44,fixed_0.5,0.5,0.847686332418316,0.5212315657999493,0.6904761904761905,0.0777479892761394,0.13975903614457832
internvl_2_5_8b,gated_vp_generation,searched_one_hidden,44,train_f1,0.5960947871208191,0.847686332418316,0.5212315657999493,0.635593220338983,0.20107238605898123,0.3054989816700611
internvl_2_5_8b,gated_vp_generation,searched_one_hidden,45,fixed_0.5,0.5,0.8519320839964538,0.5313296876031057,0.6619718309859155,0.2520107238605898,0.3650485436893204
internvl_2_5_8b,gated_vp_generation,searched_one_hidden,45,train_f1,0.5057123899459839,0.8519320839964538,0.5313296876031057,0.6666666666666666,0.26273458445040215,0.3769230769230769
