model,scope,signal,layer,real_mean,hall_mean,hall_minus_real,real_median,hall_median,real_count,hall_count
qwen2_5_vl_7b,all,kP,1,0.7585009932518005,0.7415462136268616,-0.016954779624938965,0.7876444458961487,0.7525951862335205,7801,916
qwen2_5_vl_7b,all,kP,2,0.6043506860733032,0.5816131830215454,-0.022737503051757812,0.6758072972297668,0.6515583992004395,7801,916
qwen2_5_vl_7b,all,kP,3,0.5151318907737732,0.540611743927002,0.02547985315322876,0.5161144733428955,0.5432474613189697,7801,916
qwen2_5_vl_7b,all,kP,4,0.45336276292800903,0.47132521867752075,0.01796245574951172,0.4470561444759369,0.4679888188838959,7801,916
qwen2_5_vl_7b,all,kP,5,0.6060420274734497,0.6495182514190674,0.043476223945617676,0.5910770297050476,0.6441823244094849,7801,916
qwen2_5_vl_7b,all,kP,6,0.6479043960571289,0.7423298954963684,0.0944254994392395,0.6621177196502686,0.750203013420105,7801,916
qwen2_5_vl_7b,all,kP,7,0.665849506855011,0.692599356174469,0.026749849319458008,0.6598742604255676,0.6892581582069397,7801,916
qwen2_5_vl_7b,all,kP,8,0.7350093126296997,0.8077011704444885,0.07269185781478882,0.7525046467781067,0.8150156736373901,7801,916
qwen2_5_vl_7b,all,kP,9,0.6700329184532166,0.7659419178962708,0.0959089994430542,0.6807472109794617,0.7791973352432251,7801,916
qwen2_5_vl_7b,all,kP,10,0.7058612108230591,0.7685055136680603,0.06264430284500122,0.722158670425415,0.7818019986152649,7801,916
qwen2_5_vl_7b,all,kP,11,0.7085865139961243,0.7721696496009827,0.0635831356048584,0.7088759541511536,0.7776021361351013,7801,916
qwen2_5_vl_7b,all,kP,12,0.8280643820762634,0.907709002494812,0.07964462041854858,0.8596778512001038,0.9266335964202881,7801,916
qwen2_5_vl_7b,all,kP,13,0.7174302339553833,0.784213125705719,0.0667828917503357,0.7188622355461121,0.7884248495101929,7801,916
qwen2_5_vl_7b,all,kP,14,0.6687148213386536,0.7558906078338623,0.08717578649520874,0.6788591742515564,0.7592037916183472,7801,916
qwen2_5_vl_7b,all,kP,15,0.6836064457893372,0.7616142630577087,0.07800781726837158,0.679042398929596,0.7651800513267517,7801,916
qwen2_5_vl_7b,all,kP,16,0.6743675470352173,0.7336012721061707,0.05923372507095337,0.6724644899368286,0.7323294878005981,7801,916
qwen2_5_vl_7b,all,kP,17,0.7211906909942627,0.8482376933097839,0.12704700231552124,0.7105017900466919,0.8704589605331421,7801,916
qwen2_5_vl_7b,all,kP,18,0.7164859175682068,0.7928605675697327,0.07637465000152588,0.7053295373916626,0.8024848699569702,7801,916
qwen2_5_vl_7b,all,kP,19,0.6194925308227539,0.6360799670219421,0.016587436199188232,0.6165780425071716,0.6254353523254395,7801,916
qwen2_5_vl_7b,all,kP,20,0.5856638550758362,0.6260454654693604,0.04038161039352417,0.5795215964317322,0.6248279809951782,7801,916
qwen2_5_vl_7b,all,kP,21,0.7145084142684937,0.8525978922843933,0.13808947801589966,0.7085511088371277,0.8805867433547974,7801,916
qwen2_5_vl_7b,all,kP,22,0.7353711128234863,0.877098798751831,0.14172768592834473,0.7550121545791626,0.9049091339111328,7801,916
qwen2_5_vl_7b,all,kP,23,0.7328199744224548,0.8405973315238953,0.10777735710144043,0.7408042550086975,0.8520541191101074,7801,916
qwen2_5_vl_7b,all,kP,24,0.927672266960144,0.9664871692657471,0.03881490230560303,0.9480263590812683,0.9740344882011414,7801,916
qwen2_5_vl_7b,all,kP,25,0.8597040176391602,0.8999799489974976,0.0402759313583374,0.8766593337059021,0.9090605974197388,7801,916
qwen2_5_vl_7b,all,kP,26,0.9484620094299316,0.9734269380569458,0.02496492862701416,0.9631848931312561,0.9824262857437134,7801,916
qwen2_5_vl_7b,all,kP,27,0.7680213451385498,0.7891449332237244,0.02112358808517456,0.7684236168861389,0.7872394919395447,7801,916
qwen2_5_vl_7b,all,kP,28,0.774544894695282,0.8232331275939941,0.04868823289871216,0.774483323097229,0.8326597213745117,7801,916
qwen2_5_vl_7b,all,kVP,1,0.7440313100814819,0.7335374355316162,-0.010493874549865723,0.7752569913864136,0.7471128702163696,7801,916
qwen2_5_vl_7b,all,kVP,2,0.5874937176704407,0.5578724145889282,-0.02962130308151245,0.6609429717063904,0.6201505064964294,7801,916
qwen2_5_vl_7b,all,kVP,3,0.40159156918525696,0.419143408536911,0.017551839351654053,0.3991193473339081,0.42256057262420654,7801,916
qwen2_5_vl_7b,all,kVP,4,0.3812837600708008,0.38319292664527893,0.0019091665744781494,0.3801993429660797,0.3803849220275879,7801,916
qwen2_5_vl_7b,all,kVP,5,0.4523375332355499,0.4945380389690399,0.04220050573348999,0.4368284046649933,0.4937429130077362,7801,916
qwen2_5_vl_7b,all,kVP,6,0.4041575491428375,0.45621490478515625,0.052057355642318726,0.3909549415111542,0.4393913745880127,7801,916
qwen2_5_vl_7b,all,kVP,7,0.5169273018836975,0.558298647403717,0.04137134552001953,0.499767929315567,0.5465669631958008,7801,916
qwen2_5_vl_7b,all,kVP,8,0.45340001583099365,0.49075841903686523,0.03735840320587158,0.43267062306404114,0.47490379214286804,7801,916
qwen2_5_vl_7b,all,kVP,9,0.4017375409603119,0.41791725158691406,0.016179710626602173,0.39274001121520996,0.40909889340400696,7801,916
qwen2_5_vl_7b,all,kVP,10,0.4388132393360138,0.449473112821579,0.010659873485565186,0.4183639585971832,0.4370299279689789,7801,916
qwen2_5_vl_7b,all,kVP,11,0.44640636444091797,0.4867103397846222,0.040303975343704224,0.4383975565433502,0.47666776180267334,7801,916
qwen2_5_vl_7b,all,kVP,12,0.4319487512111664,0.4566631019115448,0.024714350700378418,0.42977195978164673,0.4431050419807434,7801,916
qwen2_5_vl_7b,all,kVP,13,0.369571328163147,0.39283058047294617,0.023259252309799194,0.3633360266685486,0.3837348222732544,7801,916
qwen2_5_vl_7b,all,kVP,14,0.3595200181007385,0.39585673809051514,0.03633671998977661,0.34794148802757263,0.3849531412124634,7801,916
qwen2_5_vl_7b,all,kVP,15,0.40522274374961853,0.42984509468078613,0.024622350931167603,0.4001491069793701,0.42607665061950684,7801,916
qwen2_5_vl_7b,all,kVP,16,0.3357485234737396,0.34955111145973206,0.013802587985992432,0.3287433087825775,0.33915024995803833,7801,916
qwen2_5_vl_7b,all,kVP,17,0.408643901348114,0.4345332980155945,0.02588939666748047,0.4017797112464905,0.42900460958480835,7801,916
qwen2_5_vl_7b,all,kVP,18,0.3460392951965332,0.3837936818599701,0.03775438666343689,0.3329829275608063,0.3697621822357178,7801,916
qwen2_5_vl_7b,all,kVP,19,0.3614736497402191,0.3779420852661133,0.016468435525894165,0.3541579842567444,0.37308984994888306,7801,916
qwen2_5_vl_7b,all,kVP,20,0.43088969588279724,0.434324711561203,0.0034350156784057617,0.428788959980011,0.42793816328048706,7801,916
qwen2_5_vl_7b,all,kVP,21,0.4102236032485962,0.41021567583084106,-7.927417755126953e-06,0.4101545512676239,0.40378469228744507,7801,916
qwen2_5_vl_7b,all,kVP,22,0.4805668294429779,0.5120015144348145,0.03143468499183655,0.48011088371276855,0.5068246126174927,7801,916
qwen2_5_vl_7b,all,kVP,23,0.411486953496933,0.4309353828430176,0.019448429346084595,0.4074786603450775,0.42127200961112976,7801,916
qwen2_5_vl_7b,all,kVP,24,0.42741796374320984,0.43860989809036255,0.01119193434715271,0.42161309719085693,0.42288923263549805,7801,916
qwen2_5_vl_7b,all,kVP,25,0.38257721066474915,0.41836854815483093,0.03579133749008179,0.36923351883888245,0.4050428867340088,7801,916
qwen2_5_vl_7b,all,kVP,26,0.48305460810661316,0.5221699476242065,0.039115339517593384,0.47154921293258667,0.5139485597610474,7801,916
qwen2_5_vl_7b,all,kVP,27,0.3616686761379242,0.3804953396320343,0.018826663494110107,0.35459885001182556,0.3665500581264496,7801,916
qwen2_5_vl_7b,all,kVP,28,0.5687884092330933,0.6000893712043762,0.03130096197128296,0.5617308616638184,0.5910016298294067,7801,916
qwen2_5_vl_7b,test,kP,1,0.7551973462104797,0.7439873218536377,-0.011210024356842041,0.7851064205169678,0.7688734531402588,763,85
qwen2_5_vl_7b,test,kP,2,0.5969913601875305,0.594590961933136,-0.0024003982543945312,0.6716168522834778,0.6894884705543518,763,85
qwen2_5_vl_7b,test,kP,3,0.5122566819190979,0.5422738194465637,0.03001713752746582,0.5124416351318359,0.5356184840202332,763,85
qwen2_5_vl_7b,test,kP,4,0.4487496018409729,0.4734439551830292,0.024694353342056274,0.4418305456638336,0.4740918278694153,763,85
qwen2_5_vl_7b,test,kP,5,0.6050127148628235,0.6553270220756531,0.05031430721282959,0.5890398025512695,0.6357226967811584,763,85
qwen2_5_vl_7b,test,kP,6,0.6489917635917664,0.7429884076118469,0.09399664402008057,0.6594001650810242,0.7461909651756287,763,85
qwen2_5_vl_7b,test,kP,7,0.6678052544593811,0.698659360408783,0.030854105949401855,0.656562328338623,0.6934486031532288,763,85
qwen2_5_vl_7b,test,kP,8,0.7331547737121582,0.8098520636558533,0.07669728994369507,0.7497168183326721,0.8164402842521667,763,85
qwen2_5_vl_7b,test,kP,9,0.6691474318504333,0.7664172053337097,0.09726977348327637,0.6805905699729919,0.7857214212417603,763,85
qwen2_5_vl_7b,test,kP,10,0.7005685567855835,0.7678447961807251,0.0672762393951416,0.7123444676399231,0.7765953540802002,763,85
qwen2_5_vl_7b,test,kP,11,0.7057170271873474,0.7633967399597168,0.057679712772369385,0.7029085159301758,0.7670693397521973,763,85
qwen2_5_vl_7b,test,kP,12,0.8238929510116577,0.9052477478981018,0.08135479688644409,0.8526409864425659,0.9303497672080994,763,85
qwen2_5_vl_7b,test,kP,13,0.7136104106903076,0.7890756130218506,0.07546520233154297,0.7119421362876892,0.7979968190193176,763,85
qwen2_5_vl_7b,test,kP,14,0.6643169522285461,0.7527784705162048,0.08846151828765869,0.6747637391090393,0.767477810382843,763,85
qwen2_5_vl_7b,test,kP,15,0.681546688079834,0.7636547088623047,0.0821080207824707,0.6746583580970764,0.775873601436615,763,85
qwen2_5_vl_7b,test,kP,16,0.6755778193473816,0.7345937490463257,0.05901592969894409,0.669579803943634,0.7492052316665649,763,85
qwen2_5_vl_7b,test,kP,17,0.720958411693573,0.8558599352836609,0.1349015235900879,0.7088911533355713,0.887766420841217,763,85
qwen2_5_vl_7b,test,kP,18,0.7122623324394226,0.7942346930503845,0.08197236061096191,0.70249342918396,0.8063704967498779,763,85
qwen2_5_vl_7b,test,kP,19,0.6182379126548767,0.6392214298248291,0.020983517169952393,0.6142258644104004,0.6271275877952576,763,85
qwen2_5_vl_7b,test,kP,20,0.5830650925636292,0.6211807131767273,0.038115620613098145,0.5768970847129822,0.6259995102882385,763,85
qwen2_5_vl_7b,test,kP,21,0.7118247747421265,0.8490902781486511,0.13726550340652466,0.708854079246521,0.8914328813552856,763,85
qwen2_5_vl_7b,test,kP,22,0.7344130873680115,0.8711152076721191,0.13670212030410767,0.7455683350563049,0.9052950739860535,763,85
qwen2_5_vl_7b,test,kP,23,0.7312904596328735,0.8369339108467102,0.10564345121383667,0.736752450466156,0.8588411211967468,763,85
qwen2_5_vl_7b,test,kP,24,0.9263095259666443,0.968372642993927,0.042063117027282715,0.947563886642456,0.9800101518630981,763,85
qwen2_5_vl_7b,test,kP,25,0.8571183085441589,0.9044476747512817,0.0473293662071228,0.8741856813430786,0.9171440005302429,763,85
qwen2_5_vl_7b,test,kP,26,0.9469340443611145,0.9764847755432129,0.02955073118209839,0.9610034227371216,0.9841501116752625,763,85
qwen2_5_vl_7b,test,kP,27,0.764274537563324,0.7987458109855652,0.03447127342224121,0.7636280655860901,0.8007330894470215,763,85
qwen2_5_vl_7b,test,kP,28,0.7738233804702759,0.8327221274375916,0.058898746967315674,0.7759881019592285,0.8512012362480164,763,85
qwen2_5_vl_7b,test,kVP,1,0.7415481805801392,0.7345666885375977,-0.006981492042541504,0.7740918397903442,0.7561922669410706,763,85
qwen2_5_vl_7b,test,kVP,2,0.5827988386154175,0.5750030875205994,-0.007795751094818115,0.6581072211265564,0.6537918448448181,763,85
qwen2_5_vl_7b,test,kVP,3,0.39841875433921814,0.4202735424041748,0.021854788064956665,0.39716362953186035,0.418540358543396,763,85
qwen2_5_vl_7b,test,kVP,4,0.37593692541122437,0.38981103897094727,0.0138741135597229,0.37527498602867126,0.39371001720428467,763,85
qwen2_5_vl_7b,test,kVP,5,0.45392677187919617,0.5032712817192078,0.0493445098400116,0.43634748458862305,0.4957984387874603,763,85
qwen2_5_vl_7b,test,kVP,6,0.40654265880584717,0.45810484886169434,0.05156219005584717,0.3896625339984894,0.44210758805274963,763,85
qwen2_5_vl_7b,test,kVP,7,0.522638201713562,0.5588580965995789,0.036219894886016846,0.49787262082099915,0.5533493161201477,763,85
qwen2_5_vl_7b,test,kVP,8,0.4531041979789734,0.4914247393608093,0.03832054138183594,0.42881134152412415,0.4694531559944153,763,85
qwen2_5_vl_7b,test,kVP,9,0.40070343017578125,0.41356900334358215,0.012865573167800903,0.39382100105285645,0.4020882546901703,763,85
qwen2_5_vl_7b,test,kVP,10,0.43547675013542175,0.4515969753265381,0.016120225191116333,0.4194657504558563,0.447731614112854,763,85
qwen2_5_vl_7b,test,kVP,11,0.446818470954895,0.479591965675354,0.032773494720458984,0.4346804618835449,0.4646657705307007,763,85
qwen2_5_vl_7b,test,kVP,12,0.4282912015914917,0.4590071737766266,0.030715972185134888,0.428155779838562,0.43966561555862427,763,85
qwen2_5_vl_7b,test,kVP,13,0.36743974685668945,0.3885434865951538,0.021103739738464355,0.3605990707874298,0.38083234429359436,763,85
qwen2_5_vl_7b,test,kVP,14,0.3607690632343292,0.3809552490711212,0.020186185836791992,0.348184198141098,0.37669500708580017,763,85
qwen2_5_vl_7b,test,kVP,15,0.40510085225105286,0.42203184962272644,0.016930997371673584,0.3988107740879059,0.41615623235702515,763,85
qwen2_5_vl_7b,test,kVP,16,0.3372054100036621,0.3433510363101959,0.0061456263065338135,0.3312658965587616,0.3375031352043152,763,85
qwen2_5_vl_7b,test,kVP,17,0.40982526540756226,0.4228942394256592,0.013068974018096924,0.40161386132240295,0.4132906198501587,763,85
qwen2_5_vl_7b,test,kVP,18,0.3493692874908447,0.37321096658706665,0.023841679096221924,0.3356848657131195,0.3658590614795685,763,85
qwen2_5_vl_7b,test,kVP,19,0.3610025644302368,0.3791526257991791,0.01815006136894226,0.3542492389678955,0.3788750469684601,763,85
qwen2_5_vl_7b,test,kVP,20,0.43189477920532227,0.42343035340309143,-0.008464425802230835,0.42852306365966797,0.4107748568058014,763,85
qwen2_5_vl_7b,test,kVP,21,0.4121866524219513,0.4120703637599945,-0.00011628866195678711,0.41206544637680054,0.3994289040565491,763,85
qwen2_5_vl_7b,test,kVP,22,0.47842058539390564,0.5083137154579163,0.02989313006401062,0.4782325029373169,0.5055921077728271,763,85
qwen2_5_vl_7b,test,kVP,23,0.4080476462841034,0.4214845597743988,0.01343691349029541,0.40409842133522034,0.4108099341392517,763,85
qwen2_5_vl_7b,test,kVP,24,0.42879289388656616,0.42721450328826904,-0.0015783905982971191,0.42416703701019287,0.42353975772857666,763,85
qwen2_5_vl_7b,test,kVP,25,0.38334232568740845,0.4080880582332611,0.02474573254585266,0.37390121817588806,0.40100112557411194,763,85
qwen2_5_vl_7b,test,kVP,26,0.4835354685783386,0.5174726247787476,0.033937156200408936,0.4738808572292328,0.5157658457756042,763,85
qwen2_5_vl_7b,test,kVP,27,0.35916265845298767,0.37266555428504944,0.013502895832061768,0.35598304867744446,0.3634287416934967,763,85
qwen2_5_vl_7b,test,kVP,28,0.5659779906272888,0.6065120697021484,0.04053407907485962,0.558252215385437,0.590817928314209,763,85
llava_1_5_7b,all,kP,1,0.6096226572990417,0.7116122841835022,0.10198962688446045,0.6269024610519409,0.754740834236145,11976,3487
llava_1_5_7b,all,kP,2,0.5160439014434814,0.6010889410972595,0.08504503965377808,0.5060781240463257,0.6100548505783081,11976,3487
llava_1_5_7b,all,kP,3,0.6640414595603943,0.7837607264518738,0.11971926689147949,0.651336669921875,0.8046906590461731,11976,3487
llava_1_5_7b,all,kP,4,0.8643407225608826,0.885498583316803,0.02115786075592041,0.8823232054710388,0.9101216197013855,11976,3487
llava_1_5_7b,all,kP,5,0.7905871868133545,0.8414916396141052,0.05090445280075073,0.8195549249649048,0.851708173751831,11976,3487
llava_1_5_7b,all,kP,6,0.7829341888427734,0.8553027510643005,0.0723685622215271,0.7845449447631836,0.8636220097541809,11976,3487
llava_1_5_7b,all,kP,7,0.6653321385383606,0.7193045616149902,0.05397242307662964,0.6732345819473267,0.7293763756752014,11976,3487
llava_1_5_7b,all,kP,8,0.835783064365387,0.8931379318237305,0.057354867458343506,0.8495694398880005,0.8984354734420776,11976,3487
llava_1_5_7b,all,kP,9,0.7131779789924622,0.7539356350898743,0.04075765609741211,0.7083520293235779,0.7437705993652344,11976,3487
llava_1_5_7b,all,kP,10,0.6834307312965393,0.7607141137123108,0.07728338241577148,0.6850082874298096,0.7683930993080139,11976,3487
llava_1_5_7b,all,kP,11,0.6199554204940796,0.6747596859931946,0.05480426549911499,0.6009323000907898,0.6666127443313599,11976,3487
llava_1_5_7b,all,kP,12,0.6381073594093323,0.6919954419136047,0.05388808250427246,0.6249079704284668,0.6915132999420166,11976,3487
llava_1_5_7b,all,kP,13,0.7047812938690186,0.7994888424873352,0.09470754861831665,0.7127629518508911,0.8068211078643799,11976,3487
llava_1_5_7b,all,kP,14,0.648382842540741,0.7258336544036865,0.07745081186294556,0.6406185626983643,0.7274506092071533,11976,3487
llava_1_5_7b,all,kP,15,0.6447011828422546,0.7174688577651978,0.07276767492294312,0.6207845211029053,0.711736261844635,11976,3487
llava_1_5_7b,all,kP,16,0.647337794303894,0.6915864944458008,0.04424870014190674,0.6488601565361023,0.6833442449569702,11976,3487
llava_1_5_7b,all,kP,17,0.6121793389320374,0.644177258014679,0.0319979190826416,0.609634518623352,0.6440618634223938,11976,3487
llava_1_5_7b,all,kP,18,0.8061516880989075,0.8946011066436768,0.08844941854476929,0.8310272693634033,0.903695821762085,11976,3487
llava_1_5_7b,all,kP,19,0.7886520028114319,0.8829532861709595,0.09430128335952759,0.8207957744598389,0.8926247954368591,11976,3487
llava_1_5_7b,all,kP,20,0.7146479487419128,0.8573737144470215,0.14272576570510864,0.7412769794464111,0.8759182691574097,11976,3487
llava_1_5_7b,all,kP,21,0.6721304059028625,0.7297932505607605,0.05766284465789795,0.6798445582389832,0.7305107712745667,11976,3487
llava_1_5_7b,all,kP,22,0.8207787871360779,0.8964403867721558,0.07566159963607788,0.8536712527275085,0.9040622711181641,11976,3487
llava_1_5_7b,all,kP,23,0.7919700741767883,0.8828012943267822,0.0908312201499939,0.8087875843048096,0.8965978026390076,11976,3487
llava_1_5_7b,all,kP,24,0.8220086097717285,0.8938816785812378,0.07187306880950928,0.855052649974823,0.9018241763114929,11976,3487
llava_1_5_7b,all,kP,25,0.6464190483093262,0.7030545473098755,0.056635499000549316,0.6489614248275757,0.7063462734222412,11976,3487
llava_1_5_7b,all,kP,26,0.8516104221343994,0.8940721154212952,0.04246169328689575,0.8696261644363403,0.8980913162231445,11976,3487
llava_1_5_7b,all,kP,27,0.7004088759422302,0.8015665411949158,0.10115766525268555,0.7128844261169434,0.8112676739692688,11976,3487
llava_1_5_7b,all,kP,28,0.8641951084136963,0.9058016538619995,0.04160654544830322,0.8826280236244202,0.9114289283752441,11976,3487
llava_1_5_7b,all,kP,29,0.7455087304115295,0.8194054365158081,0.07389670610427856,0.7546806335449219,0.8238576650619507,11976,3487
llava_1_5_7b,all,kP,30,0.6741003394126892,0.7588382363319397,0.08473789691925049,0.6776623129844666,0.7673230171203613,11976,3487
llava_1_5_7b,all,kP,31,0.7399769425392151,0.8183981776237488,0.07842123508453369,0.758902907371521,0.8250600695610046,11976,3487
llava_1_5_7b,all,kP,32,0.4572370648384094,0.5062284469604492,0.048991382122039795,0.45179516077041626,0.5023505091667175,11976,3487
llava_1_5_7b,all,kVP,1,0.576667308807373,0.667874813079834,0.09120750427246094,0.5729542970657349,0.6846442222595215,11976,3487
llava_1_5_7b,all,kVP,2,0.4347377121448517,0.4370546340942383,0.0023169219493865967,0.43515917658805847,0.44497576355934143,11976,3487
llava_1_5_7b,all,kVP,3,0.42313656210899353,0.4877893328666687,0.06465277075767517,0.41572022438049316,0.49223756790161133,11976,3487
llava_1_5_7b,all,kVP,4,0.556445300579071,0.6293543577194214,0.07290905714035034,0.5535870790481567,0.631430447101593,11976,3487
llava_1_5_7b,all,kVP,5,0.5604023933410645,0.6435367465019226,0.08313435316085815,0.558373749256134,0.6496255397796631,11976,3487
llava_1_5_7b,all,kVP,6,0.5408753156661987,0.640849769115448,0.09997445344924927,0.5268024206161499,0.6537002325057983,11976,3487
llava_1_5_7b,all,kVP,7,0.4405100345611572,0.5417836308479309,0.10127359628677368,0.4072728157043457,0.5366609692573547,11976,3487
llava_1_5_7b,all,kVP,8,0.5341508984565735,0.6407276391983032,0.10657674074172974,0.5157632827758789,0.6516974568367004,11976,3487
llava_1_5_7b,all,kVP,9,0.4950251281261444,0.581913948059082,0.08688881993293762,0.4776298403739929,0.5822001695632935,11976,3487
llava_1_5_7b,all,kVP,10,0.4532884657382965,0.5346525311470032,0.08136406540870667,0.4300283193588257,0.5360203981399536,11976,3487
llava_1_5_7b,all,kVP,11,0.4124704897403717,0.4408819079399109,0.028411418199539185,0.39954516291618347,0.4250345230102539,11976,3487
llava_1_5_7b,all,kVP,12,0.40764692425727844,0.417311429977417,0.00966450572013855,0.3995896577835083,0.40742284059524536,11976,3487
llava_1_5_7b,all,kVP,13,0.46430182456970215,0.508588433265686,0.04428660869598389,0.4565504789352417,0.5031710267066956,11976,3487
llava_1_5_7b,all,kVP,14,0.3777984082698822,0.416903555393219,0.03910514712333679,0.3624752163887024,0.4079892337322235,11976,3487
llava_1_5_7b,all,kVP,15,0.43322429060935974,0.4250340461730957,-0.008190244436264038,0.421848863363266,0.4115312397480011,11976,3487
llava_1_5_7b,all,kVP,16,0.3990381360054016,0.41845038533210754,0.019412249326705933,0.38994935154914856,0.4136737585067749,11976,3487
llava_1_5_7b,all,kVP,17,0.3951301872730255,0.35570260882377625,-0.03942757844924927,0.3830505311489105,0.3421734571456909,11976,3487
llava_1_5_7b,all,kVP,18,0.41902226209640503,0.40129154920578003,-0.017730712890625,0.40569040179252625,0.38344138860702515,11976,3487
llava_1_5_7b,all,kVP,19,0.4234740138053894,0.3810095489025116,-0.04246446490287781,0.41748037934303284,0.3639662563800812,11976,3487
llava_1_5_7b,all,kVP,20,0.36540472507476807,0.34803062677383423,-0.017374098300933838,0.35173505544662476,0.3336769938468933,11976,3487
llava_1_5_7b,all,kVP,21,0.39263033866882324,0.37013909220695496,-0.022491246461868286,0.3808889389038086,0.3591901957988739,11976,3487
llava_1_5_7b,all,kVP,22,0.3721558451652527,0.3444361984729767,-0.027719646692276,0.35939717292785645,0.3261869549751282,11976,3487
llava_1_5_7b,all,kVP,23,0.3712145686149597,0.3562052547931671,-0.015009313821792603,0.35505998134613037,0.33779898285865784,11976,3487
llava_1_5_7b,all,kVP,24,0.3791295886039734,0.37638163566589355,-0.002747952938079834,0.3659583330154419,0.3588190972805023,11976,3487
llava_1_5_7b,all,kVP,25,0.35974112153053284,0.34016069769859314,-0.019580423831939697,0.3495078980922699,0.3274049758911133,11976,3487
llava_1_5_7b,all,kVP,26,0.34186428785324097,0.33284246921539307,-0.0090218186378479,0.3186027705669403,0.30886921286582947,11976,3487
llava_1_5_7b,all,kVP,27,0.39365702867507935,0.37115761637687683,-0.022499412298202515,0.381563663482666,0.34896719455718994,11976,3487
llava_1_5_7b,all,kVP,28,0.5675009489059448,0.6087139248847961,0.04121297597885132,0.5691099166870117,0.613653838634491,11976,3487
llava_1_5_7b,all,kVP,29,0.46736079454421997,0.4482532739639282,-0.019107520580291748,0.4518292546272278,0.4313529431819916,11976,3487
llava_1_5_7b,all,kVP,30,0.3699767589569092,0.3601142168045044,-0.009862542152404785,0.3619232177734375,0.3487088978290558,11976,3487
llava_1_5_7b,all,kVP,31,0.4757018983364105,0.5242300629615784,0.04852816462516785,0.46883779764175415,0.5206711292266846,11976,3487
llava_1_5_7b,all,kVP,32,0.3991541862487793,0.4310394823551178,0.0318852961063385,0.3958660960197449,0.43578413128852844,11976,3487
llava_1_5_7b,test,kP,1,0.6138691306114197,0.7154620289802551,0.10159289836883545,0.6299792528152466,0.7582101821899414,1228,333
llava_1_5_7b,test,kP,2,0.5189829468727112,0.6055193543434143,0.08653640747070312,0.5108393430709839,0.6172173023223877,1228,333
llava_1_5_7b,test,kP,3,0.6713176965713501,0.7912989854812622,0.11998128890991211,0.6598666906356812,0.8133688569068909,1228,333
llava_1_5_7b,test,kP,4,0.8677787780761719,0.8843737244606018,0.01659494638442993,0.8850566744804382,0.9106261134147644,1228,333
llava_1_5_7b,test,kP,5,0.7964082956314087,0.8408378958702087,0.04442960023880005,0.8239024877548218,0.8484549522399902,1228,333
llava_1_5_7b,test,kP,6,0.7890368103981018,0.8586544990539551,0.06961768865585327,0.7933727502822876,0.8681226968765259,1228,333
llava_1_5_7b,test,kP,7,0.6708317399024963,0.722833514213562,0.052001774311065674,0.6805997490882874,0.73689204454422,1228,333
llava_1_5_7b,test,kP,8,0.8399010896682739,0.8943006992340088,0.05439960956573486,0.8576897382736206,0.9000104665756226,1228,333
llava_1_5_7b,test,kP,9,0.7166699171066284,0.7555822730064392,0.03891235589981079,0.711686909198761,0.7433992624282837,1228,333
llava_1_5_7b,test,kP,10,0.6883081793785095,0.7649824619293213,0.07667428255081177,0.6893417239189148,0.7764312624931335,1228,333
llava_1_5_7b,test,kP,11,0.6237305998802185,0.6737039685249329,0.049973368644714355,0.6053525805473328,0.661863386631012,1228,333
llava_1_5_7b,test,kP,12,0.6421211361885071,0.6911745667457581,0.04905343055725098,0.6274381875991821,0.6895076036453247,1228,333
llava_1_5_7b,test,kP,13,0.7108984589576721,0.7997411489486694,0.08884268999099731,0.7200301885604858,0.8127023577690125,1228,333
llava_1_5_7b,test,kP,14,0.6550548672676086,0.725593090057373,0.0705382227897644,0.6507567167282104,0.7310805916786194,1228,333
llava_1_5_7b,test,kP,15,0.648860514163971,0.7204917669296265,0.07163125276565552,0.6249596476554871,0.7143515944480896,1228,333
llava_1_5_7b,test,kP,16,0.6497387290000916,0.6881390810012817,0.038400352001190186,0.6519795656204224,0.6797701716423035,1228,333
llava_1_5_7b,test,kP,17,0.6164790391921997,0.6433765292167664,0.02689749002456665,0.6138445138931274,0.6401240229606628,1228,333
llava_1_5_7b,test,kP,18,0.8108773231506348,0.8963077068328857,0.08543038368225098,0.8368250131607056,0.9041271209716797,1228,333
llava_1_5_7b,test,kP,19,0.7948421835899353,0.881226658821106,0.08638447523117065,0.8223239183425903,0.8904276490211487,1228,333
llava_1_5_7b,test,kP,20,0.7203330397605896,0.8585755228996277,0.13824248313903809,0.7531946897506714,0.8822353482246399,1228,333
llava_1_5_7b,test,kP,21,0.6760406494140625,0.7272158265113831,0.05117517709732056,0.6851334571838379,0.7293127179145813,1228,333
llava_1_5_7b,test,kP,22,0.8255829811096191,0.8976395726203918,0.0720565915107727,0.8621936440467834,0.9035969376564026,1228,333
llava_1_5_7b,test,kP,23,0.7961605787277222,0.8842579126358032,0.08809733390808105,0.81349778175354,0.897794783115387,1228,333
llava_1_5_7b,test,kP,24,0.8270002007484436,0.8942651152610779,0.06726491451263428,0.8604472875595093,0.9044057130813599,1228,333
llava_1_5_7b,test,kP,25,0.6495282053947449,0.7034216523170471,0.053893446922302246,0.6545398235321045,0.7077950239181519,1228,333
llava_1_5_7b,test,kP,26,0.8549010157585144,0.8938217163085938,0.038920700550079346,0.874213695526123,0.8974584937095642,1228,333
llava_1_5_7b,test,kP,27,0.7076323628425598,0.8041070103645325,0.09647464752197266,0.7210556268692017,0.8119755983352661,1228,333
llava_1_5_7b,test,kP,28,0.8688525557518005,0.9074228405952454,0.038570284843444824,0.8883671164512634,0.9129667282104492,1228,333
llava_1_5_7b,test,kP,29,0.7529850006103516,0.8209656476974487,0.06798064708709717,0.761086106300354,0.8233364224433899,1228,333
llava_1_5_7b,test,kP,30,0.6770293116569519,0.7554672956466675,0.07843798398971558,0.6812434196472168,0.7625210881233215,1228,333
llava_1_5_7b,test,kP,31,0.7463131546974182,0.81983482837677,0.0735216736793518,0.7645651698112488,0.8288694620132446,1228,333
llava_1_5_7b,test,kP,32,0.4581094980239868,0.5053869485855103,0.04727745056152344,0.4527595639228821,0.500095784664154,1228,333
llava_1_5_7b,test,kVP,1,0.5807763338088989,0.6742677688598633,0.09349143505096436,0.578122615814209,0.6903682351112366,1228,333
llava_1_5_7b,test,kVP,2,0.43589216470718384,0.4380951523780823,0.0022029876708984375,0.4357396066188812,0.45170533657073975,1228,333
llava_1_5_7b,test,kVP,3,0.42542561888694763,0.49504104256629944,0.0696154236793518,0.4171205163002014,0.49796703457832336,1228,333
llava_1_5_7b,test,kVP,4,0.560643196105957,0.6285786628723145,0.06793546676635742,0.5580397844314575,0.62554532289505,1228,333
llava_1_5_7b,test,kVP,5,0.5654475092887878,0.6421715617179871,0.07672405242919922,0.5616016387939453,0.6461603045463562,1228,333
llava_1_5_7b,test,kVP,6,0.5466904640197754,0.6403012275695801,0.09361076354980469,0.5328282713890076,0.6558233499526978,1228,333
llava_1_5_7b,test,kVP,7,0.4468672573566437,0.5481497049331665,0.10128244757652283,0.41306960582733154,0.5435261130332947,1228,333
llava_1_5_7b,test,kVP,8,0.5411674976348877,0.6414716243743896,0.10030412673950195,0.5279070138931274,0.6469578742980957,1228,333
llava_1_5_7b,test,kVP,9,0.49893540143966675,0.5862339735031128,0.08729857206344604,0.4807503819465637,0.5834394097328186,1228,333
llava_1_5_7b,test,kVP,10,0.4598919451236725,0.5394735336303711,0.07958158850669861,0.4338127076625824,0.5458803772926331,1228,333
llava_1_5_7b,test,kVP,11,0.41572287678718567,0.44244980812072754,0.02672693133354187,0.4001466631889343,0.42818209528923035,1228,333
llava_1_5_7b,test,kVP,12,0.41105639934539795,0.4154869318008423,0.004430532455444336,0.40191614627838135,0.4074849784374237,1228,333
llava_1_5_7b,test,kVP,13,0.46749088168144226,0.5072574019432068,0.039766520261764526,0.4582413136959076,0.5063071846961975,1228,333
llava_1_5_7b,test,kVP,14,0.383171945810318,0.41862553358078003,0.035453587770462036,0.3673722743988037,0.4108325242996216,1228,333
llava_1_5_7b,test,kVP,15,0.4352498948574066,0.4203902781009674,-0.014859616756439209,0.4231753349304199,0.4092539846897125,1228,333
llava_1_5_7b,test,kVP,16,0.4009157419204712,0.41695263981819153,0.016036897897720337,0.39128220081329346,0.41312310099601746,1228,333
llava_1_5_7b,test,kVP,17,0.39523380994796753,0.3552951216697693,-0.03993868827819824,0.38298743963241577,0.34526127576828003,1228,333
llava_1_5_7b,test,kVP,18,0.42195314168930054,0.4005855619907379,-0.021367579698562622,0.4078235924243927,0.3852933645248413,1228,333
llava_1_5_7b,test,kVP,19,0.4273357093334198,0.3775186240673065,-0.04981708526611328,0.4187350869178772,0.3640270531177521,1228,333
llava_1_5_7b,test,kVP,20,0.3677067160606384,0.3468559682369232,-0.02085074782371521,0.35434746742248535,0.3320595324039459,1228,333
llava_1_5_7b,test,kVP,21,0.3874163329601288,0.3643152117729187,-0.023101121187210083,0.37705421447753906,0.35525715351104736,1228,333
llava_1_5_7b,test,kVP,22,0.37749871611595154,0.3424650728702545,-0.03503364324569702,0.36185503005981445,0.32533419132232666,1228,333
llava_1_5_7b,test,kVP,23,0.3739359378814697,0.35784947872161865,-0.016086459159851074,0.3572870194911957,0.3440999984741211,1228,333
llava_1_5_7b,test,kVP,24,0.38094696402549744,0.3789497911930084,-0.0019971728324890137,0.36884474754333496,0.3584243059158325,1228,333
llava_1_5_7b,test,kVP,25,0.35781171917915344,0.33905521035194397,-0.018756508827209473,0.34589049220085144,0.32668009400367737,1228,333
llava_1_5_7b,test,kVP,26,0.34727632999420166,0.3421112596988678,-0.005165070295333862,0.32178395986557007,0.3181070387363434,1228,333
llava_1_5_7b,test,kVP,27,0.39570876955986023,0.3671416640281677,-0.028567105531692505,0.38218843936920166,0.3449373245239258,1228,333
llava_1_5_7b,test,kVP,28,0.5734429955482483,0.6149740815162659,0.04153108596801758,0.5754549503326416,0.6227710247039795,1228,333
llava_1_5_7b,test,kVP,29,0.46886610984802246,0.4507860541343689,-0.018080055713653564,0.4515613317489624,0.4327051639556885,1228,333
llava_1_5_7b,test,kVP,30,0.37066248059272766,0.36048832535743713,-0.010174155235290527,0.3609241843223572,0.34989485144615173,1228,333
llava_1_5_7b,test,kVP,31,0.48162373900413513,0.5305150747299194,0.0488913357257843,0.47050899267196655,0.528586745262146,1228,333
llava_1_5_7b,test,kVP,32,0.3994195759296417,0.4353749454021454,0.03595536947250366,0.3990280032157898,0.43953603506088257,1228,333
qwen3_vl_8b,all,kP,1,0.8586845397949219,0.8586227297782898,-6.181001663208008e-05,0.8744860887527466,0.8769091963768005,12280,2593
qwen3_vl_8b,all,kP,2,0.7608292698860168,0.7464817762374878,-0.014347493648529053,0.7526980638504028,0.7309653759002686,12280,2593
qwen3_vl_8b,all,kP,3,0.5110334753990173,0.5239836573600769,0.01295018196105957,0.5139779448509216,0.5223816633224487,12280,2593
qwen3_vl_8b,all,kP,4,0.562700629234314,0.5783205032348633,0.015619874000549316,0.5604862570762634,0.5724778175354004,12280,2593
qwen3_vl_8b,all,kP,5,0.6490278244018555,0.6555888056755066,0.006560981273651123,0.6471143364906311,0.6494782567024231,12280,2593
qwen3_vl_8b,all,kP,6,0.7676687836647034,0.8183504343032837,0.05068165063858032,0.7769249677658081,0.826280415058136,12280,2593
qwen3_vl_8b,all,kP,7,0.8172697424888611,0.8395627737045288,0.022293031215667725,0.820780873298645,0.8480782508850098,12280,2593
qwen3_vl_8b,all,kP,8,0.7734432220458984,0.8338290452957153,0.060385823249816895,0.7985403537750244,0.8495625853538513,12280,2593
qwen3_vl_8b,all,kP,9,0.8092488646507263,0.873935878276825,0.06468701362609863,0.8176620006561279,0.8906164765357971,12280,2593
qwen3_vl_8b,all,kP,10,0.8369728922843933,0.8965420126914978,0.05956912040710449,0.8679032325744629,0.9166868329048157,12280,2593
qwen3_vl_8b,all,kP,11,0.7881667613983154,0.8452892899513245,0.05712252855300903,0.8081541061401367,0.8580038547515869,12280,2593
qwen3_vl_8b,all,kP,12,0.8170957565307617,0.879036009311676,0.06194025278091431,0.8429111242294312,0.8929346799850464,12280,2593
qwen3_vl_8b,all,kP,13,0.8351477980613708,0.8662621378898621,0.03111433982849121,0.8478902578353882,0.869824230670929,12280,2593
qwen3_vl_8b,all,kP,14,0.8692535758018494,0.9280673861503601,0.05881381034851074,0.8953911066055298,0.9432746767997742,12280,2593
qwen3_vl_8b,all,kP,15,0.8453062176704407,0.9077167510986328,0.06241053342819214,0.8680528402328491,0.9221146106719971,12280,2593
qwen3_vl_8b,all,kP,16,0.7977760434150696,0.8729274868965149,0.07515144348144531,0.8267077207565308,0.889581024646759,12280,2593
qwen3_vl_8b,all,kP,17,0.7670478820800781,0.823436975479126,0.05638909339904785,0.7736916542053223,0.8317359685897827,12280,2593
qwen3_vl_8b,all,kP,18,0.7819340825080872,0.8316766619682312,0.04974257946014404,0.7843036651611328,0.8378721475601196,12280,2593
qwen3_vl_8b,all,kP,19,0.8009272813796997,0.8855587840080261,0.08463150262832642,0.8174261450767517,0.9031581878662109,12280,2593
qwen3_vl_8b,all,kP,20,0.8027377128601074,0.8363144993782043,0.033576786518096924,0.8085532188415527,0.8418847918510437,12280,2593
qwen3_vl_8b,all,kP,21,0.8907753825187683,0.95332932472229,0.06255394220352173,0.9132330417633057,0.9685686826705933,12280,2593
qwen3_vl_8b,all,kP,22,0.8836343288421631,0.9532284736633301,0.06959414482116699,0.9185610413551331,0.9683001637458801,12280,2593
qwen3_vl_8b,all,kP,23,0.7140775322914124,0.7734230756759644,0.059345543384552,0.7154848575592041,0.7825443148612976,12280,2593
qwen3_vl_8b,all,kP,24,0.8627609014511108,0.9430586695671082,0.08029776811599731,0.8965727090835571,0.9635955691337585,12280,2593
qwen3_vl_8b,all,kP,25,0.6295859217643738,0.7088269591331482,0.07924103736877441,0.6142279505729675,0.7100862264633179,12280,2593
qwen3_vl_8b,all,kP,26,0.8684141039848328,0.9398460984230042,0.07143199443817139,0.8976659774780273,0.9581407904624939,12280,2593
qwen3_vl_8b,all,kP,27,0.8960939049720764,0.9261475205421448,0.03005361557006836,0.9073752760887146,0.9362383484840393,12280,2593
qwen3_vl_8b,all,kP,28,0.9172160625457764,0.9536331295967102,0.03641706705093384,0.932615339756012,0.9646748900413513,12280,2593
qwen3_vl_8b,all,kP,29,0.8936426639556885,0.9584943056106567,0.06485164165496826,0.9283884763717651,0.9736214876174927,12280,2593
qwen3_vl_8b,all,kP,30,0.9411268830299377,0.9692213535308838,0.028094470500946045,0.9555097818374634,0.978204607963562,12280,2593
qwen3_vl_8b,all,kP,31,0.9036843776702881,0.9500638842582703,0.04637950658798218,0.9229165315628052,0.9612342715263367,12280,2593
qwen3_vl_8b,all,kP,32,0.9225249290466309,0.9595496654510498,0.037024736404418945,0.942460298538208,0.9696077108383179,12280,2593
qwen3_vl_8b,all,kP,33,0.786430299282074,0.8476409912109375,0.061210691928863525,0.7936079502105713,0.8608785271644592,12280,2593
qwen3_vl_8b,all,kP,34,0.9609313607215881,0.9806019067764282,0.019670546054840088,0.9721589088439941,0.9871076941490173,12280,2593
qwen3_vl_8b,all,kP,35,0.9308992028236389,0.9509660601615906,0.02006685733795166,0.9373145699501038,0.9568026065826416,12280,2593
qwen3_vl_8b,all,kP,36,0.9496828317642212,0.9396939873695374,-0.009988844394683838,0.9559396505355835,0.9474125504493713,12280,2593
qwen3_vl_8b,all,kVP,1,0.7406713366508484,0.7497285604476929,0.009057223796844482,0.7489379644393921,0.7574192881584167,12280,2593
qwen3_vl_8b,all,kVP,2,0.7217282056808472,0.7116942405700684,-0.010033965110778809,0.7120040059089661,0.698982298374176,12280,2593
qwen3_vl_8b,all,kVP,3,0.4629254639148712,0.4549490511417389,-0.007976412773132324,0.45762574672698975,0.4511682987213135,12280,2593
qwen3_vl_8b,all,kVP,4,0.5031350255012512,0.5231314301490784,0.01999640464782715,0.5024017691612244,0.5204600095748901,12280,2593
qwen3_vl_8b,all,kVP,5,0.5641983151435852,0.572952926158905,0.008754611015319824,0.5672088861465454,0.5748147368431091,12280,2593
qwen3_vl_8b,all,kVP,6,0.5612768530845642,0.6168562769889832,0.055579423904418945,0.5475614666938782,0.6101123690605164,12280,2593
qwen3_vl_8b,all,kVP,7,0.5114163756370544,0.5548703670501709,0.043453991413116455,0.49856850504875183,0.5461635589599609,12280,2593
qwen3_vl_8b,all,kVP,8,0.5854891538619995,0.6570330858230591,0.07154393196105957,0.5815697908401489,0.6624069213867188,12280,2593
qwen3_vl_8b,all,kVP,9,0.5283402800559998,0.57354336977005,0.04520308971405029,0.5234535932540894,0.5674253702163696,12280,2593
qwen3_vl_8b,all,kVP,10,0.5348576307296753,0.552949845790863,0.018092215061187744,0.5216540694236755,0.5462974309921265,12280,2593
qwen3_vl_8b,all,kVP,11,0.5180839896202087,0.5648476481437683,0.04676365852355957,0.5111132264137268,0.5532264113426208,12280,2593
qwen3_vl_8b,all,kVP,12,0.5009961128234863,0.5425109267234802,0.041514813899993896,0.49730491638183594,0.5389219522476196,12280,2593
qwen3_vl_8b,all,kVP,13,0.5053722262382507,0.5674818158149719,0.06210958957672119,0.4942864179611206,0.5634852051734924,12280,2593
qwen3_vl_8b,all,kVP,14,0.42410144209861755,0.4362001121044159,0.01209867000579834,0.4199250340461731,0.4299902319908142,12280,2593
qwen3_vl_8b,all,kVP,15,0.4373980760574341,0.46728232502937317,0.029884248971939087,0.4323580265045166,0.46001118421554565,12280,2593
qwen3_vl_8b,all,kVP,16,0.3886004686355591,0.4019283056259155,0.013327836990356445,0.38377490639686584,0.39751744270324707,12280,2593
qwen3_vl_8b,all,kVP,17,0.3686228096485138,0.4173069894313812,0.04868417978286743,0.35764893889427185,0.4080811142921448,12280,2593
qwen3_vl_8b,all,kVP,18,0.3965505063533783,0.4175950586795807,0.021044552326202393,0.38935545086860657,0.4061641991138458,12280,2593
qwen3_vl_8b,all,kVP,19,0.3619218170642853,0.3944661319255829,0.03254431486129761,0.35510650277137756,0.3901764452457428,12280,2593
qwen3_vl_8b,all,kVP,20,0.3851071298122406,0.42253378033638,0.037426650524139404,0.37422406673431396,0.4071477949619293,12280,2593
qwen3_vl_8b,all,kVP,21,0.42840850353240967,0.4670867323875427,0.03867822885513306,0.4212647080421448,0.45852017402648926,12280,2593
qwen3_vl_8b,all,kVP,22,0.40376266837120056,0.44154009222984314,0.03777742385864258,0.39731156826019287,0.4331211447715759,12280,2593
qwen3_vl_8b,all,kVP,23,0.39546114206314087,0.4234355390071869,0.02797439694404602,0.38576769828796387,0.41320717334747314,12280,2593
qwen3_vl_8b,all,kVP,24,0.5014287233352661,0.5271478295326233,0.025719106197357178,0.49757325649261475,0.5254538059234619,12280,2593
qwen3_vl_8b,all,kVP,25,0.4010505676269531,0.41428521275520325,0.013234645128250122,0.39621537923812866,0.40944692492485046,12280,2593
qwen3_vl_8b,all,kVP,26,0.45327237248420715,0.4801110625267029,0.026838690042495728,0.44282492995262146,0.4711393713951111,12280,2593
qwen3_vl_8b,all,kVP,27,0.4188579022884369,0.43621471524238586,0.017356812953948975,0.41367799043655396,0.4276553988456726,12280,2593
qwen3_vl_8b,all,kVP,28,0.4514599144458771,0.4916393458843231,0.040179431438446045,0.44451189041137695,0.4842967689037323,12280,2593
qwen3_vl_8b,all,kVP,29,0.4714224338531494,0.4967520833015442,0.025329649448394775,0.46833735704421997,0.4927978813648224,12280,2593
qwen3_vl_8b,all,kVP,30,0.48657551407814026,0.46927428245544434,-0.017301231622695923,0.4757585823535919,0.4567156732082367,12280,2593
qwen3_vl_8b,all,kVP,31,0.49339234828948975,0.5276059508323669,0.0342136025428772,0.4814046025276184,0.5089608430862427,12280,2593
qwen3_vl_8b,all,kVP,32,0.456351637840271,0.5030417442321777,0.04669010639190674,0.4453226327896118,0.4856112003326416,12280,2593
qwen3_vl_8b,all,kVP,33,0.42840853333473206,0.46381011605262756,0.03540158271789551,0.41881895065307617,0.44618892669677734,12280,2593
qwen3_vl_8b,all,kVP,34,0.5080066323280334,0.5419914126396179,0.03398478031158447,0.4932483434677124,0.5198535919189453,12280,2593
qwen3_vl_8b,all,kVP,35,0.6865463256835938,0.7179831862449646,0.03143686056137085,0.6884820461273193,0.7199553847312927,12280,2593
qwen3_vl_8b,all,kVP,36,0.9352206587791443,0.9283309578895569,-0.006889700889587402,0.9421995282173157,0.9368618726730347,12280,2593
qwen3_vl_8b,test,kP,1,0.858666181564331,0.8601458668708801,0.0014796853065490723,0.8742347955703735,0.8805571794509888,1250,242
qwen3_vl_8b,test,kP,2,0.7599339485168457,0.7511839866638184,-0.008749961853027344,0.7501829862594604,0.7348366975784302,1250,242
qwen3_vl_8b,test,kP,3,0.5120680332183838,0.5235927104949951,0.011524677276611328,0.5159486532211304,0.5218530893325806,1250,242
qwen3_vl_8b,test,kP,4,0.5623621344566345,0.5807695984840393,0.018407464027404785,0.561093807220459,0.5766206383705139,1250,242
qwen3_vl_8b,test,kP,5,0.6471046805381775,0.6547307968139648,0.0076261162757873535,0.6463491320610046,0.651186466217041,1250,242
qwen3_vl_8b,test,kP,6,0.7664920687675476,0.8177273273468018,0.05123525857925415,0.7782429456710815,0.8261702060699463,1250,242
qwen3_vl_8b,test,kP,7,0.8189530372619629,0.8384137153625488,0.019460678100585938,0.8236823081970215,0.8491792678833008,1250,242
qwen3_vl_8b,test,kP,8,0.7786627411842346,0.8345140218734741,0.0558512806892395,0.8063406348228455,0.8562459945678711,1250,242
qwen3_vl_8b,test,kP,9,0.8094364404678345,0.8711373805999756,0.06170094013214111,0.8175526261329651,0.889232337474823,1250,242
qwen3_vl_8b,test,kP,10,0.8394367098808289,0.8921392560005188,0.05270254611968994,0.8715312480926514,0.9143033623695374,1250,242
qwen3_vl_8b,test,kP,11,0.7907731533050537,0.8446371555328369,0.0538640022277832,0.8112025260925293,0.8526734113693237,1250,242
qwen3_vl_8b,test,kP,12,0.8188951015472412,0.8784611225128174,0.05956602096557617,0.844028115272522,0.8919994831085205,1250,242
qwen3_vl_8b,test,kP,13,0.8354920148849487,0.865303099155426,0.029811084270477295,0.8475231528282166,0.8679051399230957,1250,242
qwen3_vl_8b,test,kP,14,0.8706529140472412,0.929267942905426,0.058615028858184814,0.8947421312332153,0.9438042640686035,1250,242
qwen3_vl_8b,test,kP,15,0.8466494083404541,0.9095783829689026,0.06292897462844849,0.8679428100585938,0.9283367991447449,1250,242
qwen3_vl_8b,test,kP,16,0.8008826971054077,0.8749379515647888,0.0740552544593811,0.8296709060668945,0.8930598497390747,1250,242
qwen3_vl_8b,test,kP,17,0.7692072987556458,0.8234390616416931,0.05423176288604736,0.777604341506958,0.828650176525116,1250,242
qwen3_vl_8b,test,kP,18,0.7822558879852295,0.8330082893371582,0.05075240135192871,0.783453643321991,0.8350127935409546,1250,242
qwen3_vl_8b,test,kP,19,0.7984857559204102,0.890870213508606,0.0923844575881958,0.8152451515197754,0.905453085899353,1250,242
qwen3_vl_8b,test,kP,20,0.8042863607406616,0.8383772373199463,0.03409087657928467,0.8106778264045715,0.8447220325469971,1250,242
qwen3_vl_8b,test,kP,21,0.8917574286460876,0.9554355144500732,0.0636780858039856,0.9135257005691528,0.968477725982666,1250,242
qwen3_vl_8b,test,kP,22,0.8860785365104675,0.9543431997299194,0.0682646632194519,0.9206544160842896,0.969152569770813,1250,242
qwen3_vl_8b,test,kP,23,0.7176474332809448,0.7772895097732544,0.05964207649230957,0.7185524702072144,0.7860180735588074,1250,242
qwen3_vl_8b,test,kP,24,0.8656625151634216,0.9438262581825256,0.078163743019104,0.9021366834640503,0.9654427766799927,1250,242
qwen3_vl_8b,test,kP,25,0.629734218120575,0.7174196839332581,0.0876854658126831,0.6137818098068237,0.720917820930481,1250,242
qwen3_vl_8b,test,kP,26,0.8708099722862244,0.9412449598312378,0.07043498754501343,0.8989657163619995,0.9609955549240112,1250,242
qwen3_vl_8b,test,kP,27,0.8959359526634216,0.9251097440719604,0.02917379140853882,0.9070059657096863,0.9348635673522949,1250,242
qwen3_vl_8b,test,kP,28,0.9190875887870789,0.9545257091522217,0.03543812036514282,0.9350857138633728,0.9643860459327698,1250,242
qwen3_vl_8b,test,kP,29,0.8962798714637756,0.9587746858596802,0.06249481439590454,0.9311282634735107,0.97309410572052,1250,242
qwen3_vl_8b,test,kP,30,0.9417857527732849,0.9708602428436279,0.029074490070343018,0.9559704065322876,0.9782289266586304,1250,242
qwen3_vl_8b,test,kP,31,0.9057360291481018,0.9506129026412964,0.04487687349319458,0.9247786998748779,0.9606654644012451,1250,242
qwen3_vl_8b,test,kP,32,0.9242360591888428,0.9600001573562622,0.035764098167419434,0.9430373907089233,0.9695132970809937,1250,242
qwen3_vl_8b,test,kP,33,0.7873010635375977,0.8477380871772766,0.060437023639678955,0.7941622734069824,0.8598283529281616,1250,242
qwen3_vl_8b,test,kP,34,0.9622515439987183,0.9814741611480713,0.019222617149353027,0.9732755422592163,0.9879048466682434,1250,242
qwen3_vl_8b,test,kP,35,0.9320553541183472,0.9521323442459106,0.020076990127563477,0.9379070401191711,0.9580652713775635,1250,242
qwen3_vl_8b,test,kP,36,0.9493939280509949,0.9395352005958557,-0.00985872745513916,0.9562556743621826,0.9462116956710815,1250,242
qwen3_vl_8b,test,kVP,1,0.739920437335968,0.7445878982543945,0.004667460918426514,0.7473970055580139,0.7540812492370605,1250,242
qwen3_vl_8b,test,kVP,2,0.7190161347389221,0.7192298173904419,0.0002136826515197754,0.7077590227127075,0.7012954950332642,1250,242
qwen3_vl_8b,test,kVP,3,0.46346011757850647,0.45023295283317566,-0.01322716474533081,0.45605844259262085,0.4463596045970917,1250,242
qwen3_vl_8b,test,kVP,4,0.5033916234970093,0.5220039486885071,0.018612325191497803,0.5041521191596985,0.5203299522399902,1250,242
qwen3_vl_8b,test,kVP,5,0.5634511113166809,0.5735392570495605,0.010088145732879639,0.5664056539535522,0.573296070098877,1250,242
qwen3_vl_8b,test,kVP,6,0.5598425269126892,0.6182578802108765,0.058415353298187256,0.5469591617584229,0.612830638885498,1250,242
qwen3_vl_8b,test,kVP,7,0.5067825317382812,0.5558027625083923,0.049020230770111084,0.49617263674736023,0.5424062013626099,1250,242
qwen3_vl_8b,test,kVP,8,0.5885199904441833,0.6593227982521057,0.07080280780792236,0.5868421792984009,0.6659337282180786,1250,242
qwen3_vl_8b,test,kVP,9,0.525190532207489,0.5715153217315674,0.04632478952407837,0.5189080238342285,0.5694558024406433,1250,242
qwen3_vl_8b,test,kVP,10,0.5334543585777283,0.5426900386810303,0.009235680103302002,0.5225570201873779,0.5367252826690674,1250,242
qwen3_vl_8b,test,kVP,11,0.5188656449317932,0.5589675307273865,0.04010188579559326,0.5097274780273438,0.53910231590271,1250,242
qwen3_vl_8b,test,kVP,12,0.501570463180542,0.538332998752594,0.036762535572052,0.4965994358062744,0.5388177633285522,1250,242
qwen3_vl_8b,test,kVP,13,0.5028089880943298,0.5688759088516235,0.0660669207572937,0.49156180024147034,0.5640241503715515,1250,242
qwen3_vl_8b,test,kVP,14,0.4239653944969177,0.43143171072006226,0.007466316223144531,0.41716814041137695,0.42388373613357544,1250,242
qwen3_vl_8b,test,kVP,15,0.4395274519920349,0.4673544466495514,0.02782699465751648,0.4343218207359314,0.46254563331604004,1250,242
qwen3_vl_8b,test,kVP,16,0.38864433765411377,0.40161681175231934,0.012972474098205566,0.3842127025127411,0.4006132185459137,1250,242
qwen3_vl_8b,test,kVP,17,0.37126830220222473,0.4157615900039673,0.044493287801742554,0.3639339506626129,0.40571287274360657,1250,242
qwen3_vl_8b,test,kVP,18,0.39946332573890686,0.41956108808517456,0.0200977623462677,0.39250659942626953,0.41034162044525146,1250,242
qwen3_vl_8b,test,kVP,19,0.36447909474372864,0.39360180497169495,0.02912271022796631,0.35609835386276245,0.3911314308643341,1250,242
qwen3_vl_8b,test,kVP,20,0.38797837495803833,0.4250642657279968,0.037085890769958496,0.3738369941711426,0.4114958643913269,1250,242
qwen3_vl_8b,test,kVP,21,0.43043485283851624,0.4688703119754791,0.03843545913696289,0.4229774475097656,0.46415039896965027,1250,242
qwen3_vl_8b,test,kVP,22,0.40300700068473816,0.43907108902931213,0.036064088344573975,0.39483290910720825,0.43052518367767334,1250,242
qwen3_vl_8b,test,kVP,23,0.39764830470085144,0.4226595163345337,0.02501121163368225,0.3872377276420593,0.4112691581249237,1250,242
qwen3_vl_8b,test,kVP,24,0.5022175908088684,0.5259793400764465,0.023761749267578125,0.49858516454696655,0.5252740979194641,1250,242
qwen3_vl_8b,test,kVP,25,0.40111973881721497,0.41397202014923096,0.012852281332015991,0.3965867757797241,0.40765470266342163,1250,242
qwen3_vl_8b,test,kVP,26,0.4545626938343048,0.4818671941757202,0.027304500341415405,0.44138413667678833,0.4662809371948242,1250,242
qwen3_vl_8b,test,kVP,27,0.4194399416446686,0.436282753944397,0.016842812299728394,0.41265279054641724,0.42708343267440796,1250,242
qwen3_vl_8b,test,kVP,28,0.45083677768707275,0.49491244554519653,0.04407566785812378,0.44307172298431396,0.48353326320648193,1250,242
qwen3_vl_8b,test,kVP,29,0.4699919819831848,0.49991559982299805,0.029923617839813232,0.46664947271347046,0.49133825302124023,1250,242
qwen3_vl_8b,test,kVP,30,0.4868386685848236,0.4695724546909332,-0.01726621389389038,0.4736652970314026,0.4582749009132385,1250,242
qwen3_vl_8b,test,kVP,31,0.4924934506416321,0.5307848453521729,0.03829139471054077,0.4799480438232422,0.5128545761108398,1250,242
qwen3_vl_8b,test,kVP,32,0.45572665333747864,0.5022534132003784,0.04652675986289978,0.441493421792984,0.48674604296684265,1250,242
qwen3_vl_8b,test,kVP,33,0.4270380437374115,0.4660003185272217,0.03896227478981018,0.41756168007850647,0.45188844203948975,1250,242
qwen3_vl_8b,test,kVP,34,0.5062951445579529,0.5385139584541321,0.0322188138961792,0.4930151402950287,0.520133912563324,1250,242
qwen3_vl_8b,test,kVP,35,0.6878712177276611,0.7250849604606628,0.03721374273300171,0.6909997463226318,0.7298753261566162,1250,242
qwen3_vl_8b,test,kVP,36,0.9354720711708069,0.9292065501213074,-0.006265521049499512,0.9423422813415527,0.9367367625236511,1250,242
internvl_2_5_8b,all,kP,1,0.5958396196365356,0.5746604204177856,-0.02117919921875,0.6050195693969727,0.5815836191177368,9993,1766
internvl_2_5_8b,all,kP,2,0.6706478595733643,0.746521532535553,0.07587367296218872,0.6806771159172058,0.7563369870185852,9993,1766
internvl_2_5_8b,all,kP,3,0.9146494269371033,0.9396840929985046,0.025034666061401367,0.9273163080215454,0.9449557065963745,9993,1766
internvl_2_5_8b,all,kP,4,0.8345891833305359,0.8771421313285828,0.042552947998046875,0.8483176231384277,0.8867504596710205,9993,1766
internvl_2_5_8b,all,kP,5,0.7828667759895325,0.8374201655387878,0.05455338954925537,0.7966610789299011,0.8489624261856079,9993,1766
internvl_2_5_8b,all,kP,6,0.8517753481864929,0.9078236222267151,0.05604827404022217,0.8788967132568359,0.9212340116500854,9993,1766
internvl_2_5_8b,all,kP,7,0.8043734431266785,0.8488861918449402,0.04451274871826172,0.8217131495475769,0.8580173254013062,9993,1766
internvl_2_5_8b,all,kP,8,0.8290737271308899,0.8910402655601501,0.061966538429260254,0.8512623310089111,0.9048815965652466,9993,1766
internvl_2_5_8b,all,kP,9,0.8228779435157776,0.8832848072052002,0.06040686368942261,0.8401716351509094,0.8951361179351807,9993,1766
internvl_2_5_8b,all,kP,10,0.8226116895675659,0.8862913250923157,0.06367963552474976,0.8445932269096375,0.9007969498634338,9993,1766
internvl_2_5_8b,all,kP,11,0.7468385100364685,0.7840358018875122,0.0371972918510437,0.7467582821846008,0.7851817607879639,9993,1766
internvl_2_5_8b,all,kP,12,0.7364523410797119,0.8305101990699768,0.09405785799026489,0.7384653091430664,0.8381466865539551,9993,1766
internvl_2_5_8b,all,kP,13,0.7547309398651123,0.8388803005218506,0.08414936065673828,0.7575597763061523,0.8486884832382202,9993,1766
internvl_2_5_8b,all,kP,14,0.6141505837440491,0.6666945219039917,0.05254393815994263,0.6083534955978394,0.6592310070991516,9993,1766
internvl_2_5_8b,all,kP,15,0.6817175149917603,0.7481300830841064,0.06641256809234619,0.6690626740455627,0.7577517628669739,9993,1766
internvl_2_5_8b,all,kP,16,0.7657666802406311,0.8687341809272766,0.10296750068664551,0.7812533974647522,0.890471339225769,9993,1766
internvl_2_5_8b,all,kP,17,0.726219654083252,0.8340929746627808,0.10787332057952881,0.7217497825622559,0.8507647514343262,9993,1766
internvl_2_5_8b,all,kP,18,0.7716583013534546,0.8863855600357056,0.11472725868225098,0.8041198253631592,0.9089654088020325,9993,1766
internvl_2_5_8b,all,kP,19,0.6419662237167358,0.7269627451896667,0.08499652147293091,0.6363362073898315,0.7231621146202087,9993,1766
internvl_2_5_8b,all,kP,20,0.7307887077331543,0.8351101279258728,0.1043214201927185,0.739235520362854,0.8506547808647156,9993,1766
internvl_2_5_8b,all,kP,21,0.6036760807037354,0.7460872530937195,0.14241117238998413,0.5941544771194458,0.7604526281356812,9993,1766
internvl_2_5_8b,all,kP,22,0.7532326579093933,0.8327649831771851,0.07953232526779175,0.7613411545753479,0.8480905890464783,9993,1766
internvl_2_5_8b,all,kP,23,0.6804080009460449,0.7615714073181152,0.08116340637207031,0.6862820982933044,0.769219160079956,9993,1766
internvl_2_5_8b,all,kP,24,0.5577343106269836,0.6469859480857849,0.08925163745880127,0.55044025182724,0.6511029005050659,9993,1766
internvl_2_5_8b,all,kP,25,0.5885138511657715,0.7018589973449707,0.11334514617919922,0.5766941905021667,0.7133592367172241,9993,1766
internvl_2_5_8b,all,kP,26,0.6970319747924805,0.7855603694915771,0.08852839469909668,0.7121611833572388,0.7971954345703125,9993,1766
internvl_2_5_8b,all,kP,27,0.6013111472129822,0.633732259273529,0.032421112060546875,0.6007717251777649,0.6292958855628967,9993,1766
internvl_2_5_8b,all,kP,28,0.7261794209480286,0.7889156341552734,0.06273621320724487,0.7285234928131104,0.7938486337661743,9993,1766
internvl_2_5_8b,all,kP,29,0.5408309102058411,0.5998955368995667,0.059064626693725586,0.5491698384284973,0.6015702486038208,9993,1766
internvl_2_5_8b,all,kP,30,0.8138061165809631,0.8996427059173584,0.08583658933639526,0.8413467407226562,0.9155141115188599,9993,1766
internvl_2_5_8b,all,kP,31,0.733629584312439,0.8101352453231812,0.07650566101074219,0.7496998310089111,0.8229277729988098,9993,1766
internvl_2_5_8b,all,kP,32,0.7755461931228638,0.8177660703659058,0.04221987724304199,0.7771835923194885,0.8263683319091797,9993,1766
internvl_2_5_8b,all,kVP,1,0.6237108707427979,0.6110467314720154,-0.01266413927078247,0.6661031246185303,0.6503963470458984,9993,1766
internvl_2_5_8b,all,kVP,2,0.516218900680542,0.5663049221038818,0.050086021423339844,0.5149533748626709,0.5639556646347046,9993,1766
internvl_2_5_8b,all,kVP,3,0.771355926990509,0.8226551413536072,0.051299214363098145,0.7831622362136841,0.8328889012336731,9993,1766
internvl_2_5_8b,all,kVP,4,0.6571398973464966,0.7315676808357239,0.0744277834892273,0.6677756309509277,0.7437566518783569,9993,1766
internvl_2_5_8b,all,kVP,5,0.5088900327682495,0.5945656895637512,0.08567565679550171,0.5038204193115234,0.6047210693359375,9993,1766
internvl_2_5_8b,all,kVP,6,0.5096933245658875,0.5809972286224365,0.07130390405654907,0.4977447986602783,0.5800180435180664,9993,1766
internvl_2_5_8b,all,kVP,7,0.4724303185939789,0.5720698237419128,0.09963950514793396,0.45406076312065125,0.5804641842842102,9993,1766
internvl_2_5_8b,all,kVP,8,0.4311475157737732,0.4985790550708771,0.06743153929710388,0.4117255210876465,0.48406362533569336,9993,1766
internvl_2_5_8b,all,kVP,9,0.5263943076133728,0.6189374327659607,0.09254312515258789,0.5160238146781921,0.6275964975357056,9993,1766
internvl_2_5_8b,all,kVP,10,0.41416043043136597,0.45531001687049866,0.04114958643913269,0.40448421239852905,0.43904855847358704,9993,1766
internvl_2_5_8b,all,kVP,11,0.4609226584434509,0.5079953074455261,0.047072649002075195,0.44762298464775085,0.49314096570014954,9993,1766
internvl_2_5_8b,all,kVP,12,0.41802549362182617,0.494424432516098,0.07639893889427185,0.4003451466560364,0.47165805101394653,9993,1766
internvl_2_5_8b,all,kVP,13,0.41766273975372314,0.45919084548950195,0.04152810573577881,0.40696677565574646,0.4408891201019287,9993,1766
internvl_2_5_8b,all,kVP,14,0.39455318450927734,0.44554799795150757,0.050994813442230225,0.38224801421165466,0.4287285804748535,9993,1766
internvl_2_5_8b,all,kVP,15,0.39157381653785706,0.4237782061100006,0.032204389572143555,0.3814716041088104,0.40279677510261536,9993,1766
internvl_2_5_8b,all,kVP,16,0.3879580795764923,0.4256839156150818,0.03772583603858948,0.3781420588493347,0.4089241623878479,9993,1766
internvl_2_5_8b,all,kVP,17,0.4092850983142853,0.4467847943305969,0.037499696016311646,0.3979226350784302,0.4266353249549866,9993,1766
internvl_2_5_8b,all,kVP,18,0.4400675296783447,0.5150828957557678,0.0750153660774231,0.4312005043029785,0.49740925431251526,9993,1766
internvl_2_5_8b,all,kVP,19,0.3905324935913086,0.4147716164588928,0.02423912286758423,0.38598406314849854,0.39888566732406616,9993,1766
internvl_2_5_8b,all,kVP,20,0.4743255376815796,0.4922812283039093,0.017955690622329712,0.4716205298900604,0.48220425844192505,9993,1766
internvl_2_5_8b,all,kVP,21,0.34454259276390076,0.38078954815864563,0.03624695539474487,0.33281493186950684,0.367832213640213,9993,1766
internvl_2_5_8b,all,kVP,22,0.4141097068786621,0.43135032057762146,0.01724061369895935,0.40312790870666504,0.41418543457984924,9993,1766
internvl_2_5_8b,all,kVP,23,0.3539709150791168,0.42158398032188416,0.06761306524276733,0.3334265649318695,0.40226781368255615,9993,1766
internvl_2_5_8b,all,kVP,24,0.32674640417099,0.37188616394996643,0.04513975977897644,0.3111931085586548,0.35410186648368835,9993,1766
internvl_2_5_8b,all,kVP,25,0.4432928264141083,0.4503985345363617,0.007105708122253418,0.4272668659687042,0.4353145658969879,9993,1766
internvl_2_5_8b,all,kVP,26,0.3965149521827698,0.4271935522556305,0.030678600072860718,0.38631191849708557,0.4113631248474121,9993,1766
internvl_2_5_8b,all,kVP,27,0.4002496004104614,0.4258252680301666,0.0255756676197052,0.38482365012168884,0.39924484491348267,9993,1766
internvl_2_5_8b,all,kVP,28,0.521077573299408,0.5816084742546082,0.060530900955200195,0.5081188678741455,0.57646244764328,9993,1766
internvl_2_5_8b,all,kVP,29,0.3625664710998535,0.38466253876686096,0.022096067667007446,0.354611337184906,0.37337759137153625,9993,1766
internvl_2_5_8b,all,kVP,30,0.4254896938800812,0.5083974599838257,0.0829077661037445,0.40502363443374634,0.4803783595561981,9993,1766
internvl_2_5_8b,all,kVP,31,0.4535040259361267,0.5209234356880188,0.06741940975189209,0.43285831809043884,0.5038627982139587,9993,1766
internvl_2_5_8b,all,kVP,32,0.6410021185874939,0.6821879148483276,0.04118579626083374,0.6439995765686035,0.6872014999389648,9993,1766
internvl_2_5_8b,test,kP,1,0.6000514030456543,0.57038414478302,-0.029667258262634277,0.6071557998657227,0.5779241919517517,988,175
internvl_2_5_8b,test,kP,2,0.6761663556098938,0.7567342519760132,0.08056789636611938,0.6894292831420898,0.7590075731277466,988,175
internvl_2_5_8b,test,kP,3,0.9167391061782837,0.9417596459388733,0.0250205397605896,0.9298094511032104,0.9423159956932068,988,175
internvl_2_5_8b,test,kP,4,0.8378292322158813,0.8809008598327637,0.043071627616882324,0.8554543256759644,0.8908507227897644,988,175
internvl_2_5_8b,test,kP,5,0.7868759036064148,0.8436605334281921,0.056784629821777344,0.8009498119354248,0.8534855246543884,988,175
internvl_2_5_8b,test,kP,6,0.8536268472671509,0.915032684803009,0.061405837535858154,0.8777427673339844,0.9271082282066345,988,175
internvl_2_5_8b,test,kP,7,0.8075201511383057,0.8507194519042969,0.04319930076599121,0.8262306451797485,0.8617372512817383,988,175
internvl_2_5_8b,test,kP,8,0.8315751552581787,0.8967233896255493,0.0651482343673706,0.8557084202766418,0.9107588529586792,988,175
internvl_2_5_8b,test,kP,9,0.8225553035736084,0.8865360021591187,0.06398069858551025,0.8426128029823303,0.8968377113342285,988,175
internvl_2_5_8b,test,kP,10,0.8232021331787109,0.8900890350341797,0.06688690185546875,0.849479079246521,0.9028279781341553,988,175
internvl_2_5_8b,test,kP,11,0.7478005290031433,0.784577488899231,0.036776959896087646,0.7492669820785522,0.7832014560699463,988,175
internvl_2_5_8b,test,kP,12,0.7382732033729553,0.8357888460159302,0.09751564264297485,0.7418268322944641,0.843930721282959,988,175
internvl_2_5_8b,test,kP,13,0.7554470896720886,0.8433011174201965,0.08785402774810791,0.7599517107009888,0.8557611107826233,988,175
internvl_2_5_8b,test,kP,14,0.613121509552002,0.6754899621009827,0.06236845254898071,0.6078283786773682,0.6705286502838135,988,175
internvl_2_5_8b,test,kP,15,0.6823442578315735,0.756645143032074,0.07430088520050049,0.6724652051925659,0.7649403810501099,988,175
internvl_2_5_8b,test,kP,16,0.7645451426506042,0.8777071833610535,0.11316204071044922,0.782028079032898,0.8948572278022766,988,175
internvl_2_5_8b,test,kP,17,0.7252508401870728,0.848182737827301,0.12293189764022827,0.7188541889190674,0.8638939261436462,988,175
internvl_2_5_8b,test,kP,18,0.777366042137146,0.9004989266395569,0.12313288450241089,0.810983419418335,0.9192047715187073,988,175
internvl_2_5_8b,test,kP,19,0.6440752148628235,0.741584837436676,0.09750962257385254,0.6382776498794556,0.7400248050689697,988,175
internvl_2_5_8b,test,kP,20,0.7309454083442688,0.844158411026001,0.11321300268173218,0.7390892505645752,0.8591943383216858,988,175
internvl_2_5_8b,test,kP,21,0.6060343384742737,0.770473301410675,0.16443896293640137,0.5950142741203308,0.7663491368293762,988,175
internvl_2_5_8b,test,kP,22,0.754949152469635,0.8429420590400696,0.08799290657043457,0.7623038291931152,0.8547276854515076,988,175
internvl_2_5_8b,test,kP,23,0.681775689125061,0.773938000202179,0.09216231107711792,0.6892256736755371,0.7799371480941772,988,175
internvl_2_5_8b,test,kP,24,0.5596895217895508,0.6593620181083679,0.09967249631881714,0.5540125966072083,0.6670503616333008,988,175
internvl_2_5_8b,test,kP,25,0.5890585780143738,0.7161710858345032,0.1271125078201294,0.5726768970489502,0.7358676791191101,988,175
internvl_2_5_8b,test,kP,26,0.6998459696769714,0.7943969964981079,0.09455102682113647,0.7156195640563965,0.8058067560195923,988,175
internvl_2_5_8b,test,kP,27,0.6028050184249878,0.637543261051178,0.034738242626190186,0.6010692119598389,0.6243985891342163,988,175
internvl_2_5_8b,test,kP,28,0.7292206287384033,0.7995004653930664,0.07027983665466309,0.731651782989502,0.808339536190033,988,175
internvl_2_5_8b,test,kP,29,0.5432114005088806,0.6043007373809814,0.06108933687210083,0.5501916408538818,0.6072761416435242,988,175
internvl_2_5_8b,test,kP,30,0.8186423182487488,0.9050243496894836,0.08638203144073486,0.8458139896392822,0.921008825302124,988,175
internvl_2_5_8b,test,kP,31,0.7366911172866821,0.8115145564079285,0.07482343912124634,0.7539010047912598,0.8250777125358582,988,175
internvl_2_5_8b,test,kP,32,0.7779626846313477,0.8222707509994507,0.04430806636810303,0.7812036275863647,0.831542432308197,988,175
internvl_2_5_8b,test,kVP,1,0.6264235973358154,0.6087130308151245,-0.017710566520690918,0.6668956875801086,0.6558724641799927,988,175
internvl_2_5_8b,test,kVP,2,0.5187298655509949,0.5770930647850037,0.05836319923400879,0.5170347094535828,0.5767572522163391,988,175
internvl_2_5_8b,test,kVP,3,0.7745514512062073,0.8241109848022461,0.04955953359603882,0.7870849370956421,0.8322446346282959,988,175
internvl_2_5_8b,test,kVP,4,0.6620472073554993,0.7356204390525818,0.07357323169708252,0.6739466786384583,0.7493367195129395,988,175
internvl_2_5_8b,test,kVP,5,0.5121135115623474,0.6060395836830139,0.0939260721206665,0.502612829208374,0.6262157559394836,988,175
internvl_2_5_8b,test,kVP,6,0.5084759593009949,0.5975177884101868,0.0890418291091919,0.4954080581665039,0.6051377654075623,988,175
internvl_2_5_8b,test,kVP,7,0.47549116611480713,0.573093593120575,0.09760242700576782,0.4601535201072693,0.5739473104476929,988,175
internvl_2_5_8b,test,kVP,8,0.4295825958251953,0.5072117447853088,0.07762914896011353,0.4131249785423279,0.4956924319267273,988,175
internvl_2_5_8b,test,kVP,9,0.5289818048477173,0.621891975402832,0.09291017055511475,0.5208355188369751,0.6358014941215515,988,175
internvl_2_5_8b,test,kVP,10,0.4082919657230377,0.4614695608615875,0.053177595138549805,0.4021771550178528,0.44367706775665283,988,175
internvl_2_5_8b,test,kVP,11,0.4591430127620697,0.511236846446991,0.052093833684921265,0.4474748373031616,0.48510828614234924,988,175
internvl_2_5_8b,test,kVP,12,0.4144190549850464,0.4966416656970978,0.08222261071205139,0.39836329221725464,0.4727828800678253,988,175
internvl_2_5_8b,test,kVP,13,0.4149315655231476,0.46233001351356506,0.04739844799041748,0.4057798981666565,0.4374953806400299,988,175
internvl_2_5_8b,test,kVP,14,0.3950198292732239,0.45282208919525146,0.05780225992202759,0.38680875301361084,0.4221460223197937,988,175
internvl_2_5_8b,test,kVP,15,0.38833707571029663,0.4300813376903534,0.04174426198005676,0.38224267959594727,0.408124715089798,988,175
internvl_2_5_8b,test,kVP,16,0.3855598270893097,0.43218258023262024,0.04662275314331055,0.37760281562805176,0.408279687166214,988,175
internvl_2_5_8b,test,kVP,17,0.40659186244010925,0.4545752704143524,0.047983407974243164,0.4001094102859497,0.42945361137390137,988,175
internvl_2_5_8b,test,kVP,18,0.44164037704467773,0.5216854214668274,0.08004504442214966,0.4354013204574585,0.4977560341358185,988,175
internvl_2_5_8b,test,kVP,19,0.38797226548194885,0.4188563823699951,0.030884116888046265,0.38394856452941895,0.40107235312461853,988,175
internvl_2_5_8b,test,kVP,20,0.4705069363117218,0.49396753311157227,0.023460596799850464,0.4678599238395691,0.482198029756546,988,175
internvl_2_5_8b,test,kVP,21,0.34204787015914917,0.3807651996612549,0.03871732950210571,0.32965806126594543,0.3681884706020355,988,175
internvl_2_5_8b,test,kVP,22,0.41069334745407104,0.432071715593338,0.021378368139266968,0.3949190080165863,0.41605105996131897,988,175
internvl_2_5_8b,test,kVP,23,0.3515978455543518,0.4258657395839691,0.07426789402961731,0.3322163224220276,0.410281240940094,988,175
internvl_2_5_8b,test,kVP,24,0.3271953761577606,0.37646248936653137,0.04926711320877075,0.31488877534866333,0.3570408523082733,988,175
internvl_2_5_8b,test,kVP,25,0.43817561864852905,0.4507697522640228,0.012594133615493774,0.42411482334136963,0.4358768165111542,988,175
internvl_2_5_8b,test,kVP,26,0.3955408036708832,0.42207035422325134,0.026529550552368164,0.38482436537742615,0.4012437164783478,988,175
internvl_2_5_8b,test,kVP,27,0.40307357907295227,0.4296497404575348,0.02657616138458252,0.384901225566864,0.4091368317604065,988,175
internvl_2_5_8b,test,kVP,28,0.5238814353942871,0.5837755799293518,0.0598941445350647,0.5102403163909912,0.5797024965286255,988,175
internvl_2_5_8b,test,kVP,29,0.36311331391334534,0.3894956707954407,0.026382356882095337,0.35647234320640564,0.37810859084129333,988,175
internvl_2_5_8b,test,kVP,30,0.42659589648246765,0.5105466246604919,0.08395072817802429,0.40675586462020874,0.4952951669692993,988,175
internvl_2_5_8b,test,kVP,31,0.4556930661201477,0.5199918150901794,0.06429874897003174,0.43685030937194824,0.4999072551727295,988,175
internvl_2_5_8b,test,kVP,32,0.642994225025177,0.6839037537574768,0.040909528732299805,0.6457997560501099,0.7009038925170898,988,175
