signal,split,layer,label,n,mean,median,p10,p90
Q_positive,train,1,HALL,733,1.2376296520233154,1.0569281578063965,0.5397760272026062,2.0947420597076416
Q_positive,train,2,HALL,733,0.26694703102111816,0.23491546511650085,0.12513858079910278,0.442149817943573
Q_positive,train,3,HALL,733,0.26642975211143494,0.17316041886806488,0.0997958555817604,0.45846569538116455
Q_positive,train,4,HALL,733,0.4299386739730835,0.30178648233413696,0.14436112344264984,0.8896503448486328
Q_positive,train,5,HALL,733,0.8298423290252686,0.5689417123794556,0.25762617588043213,1.6676928997039795
Q_positive,train,6,HALL,733,1.7156760692596436,1.397067904472351,0.5745991468429565,3.18827223777771
Q_positive,train,7,HALL,733,1.1434673070907593,0.9509836435317993,0.4199826121330261,2.201784610748291
Q_positive,train,8,HALL,733,2.359787940979004,2.123626232147217,0.6539857387542725,4.341084957122803
Q_positive,train,9,HALL,733,4.3584723472595215,3.851670742034912,1.3990323543548584,8.140584945678711
Q_positive,train,10,HALL,733,9.192655563354492,8.474493026733398,3.8603670597076416,14.844527244567871
Q_positive,train,11,HALL,733,2.7113418579101562,2.5863823890686035,1.6051177978515625,4.010708332061768
Q_positive,train,12,HALL,733,4.5019850730896,4.3873443603515625,2.016244411468506,7.112947463989258
Q_positive,train,13,HALL,733,4.801830291748047,4.935456275939941,2.3977842330932617,6.902475833892822
Q_positive,train,14,HALL,733,4.871090888977051,4.769477844238281,2.2629730701446533,7.447815418243408
Q_positive,train,15,HALL,733,9.449125289916992,9.137638092041016,4.367344379425049,14.500677108764648
Q_positive,train,16,HALL,733,3.6923961639404297,3.3294248580932617,1.7801148891448975,5.927557945251465
Q_positive,train,17,HALL,733,7.194141387939453,6.9447526931762695,2.9097347259521484,11.69827938079834
Q_positive,train,18,HALL,733,3.5403904914855957,3.253676176071167,1.144268274307251,6.118810653686523
Q_positive,train,19,HALL,733,4.700353622436523,4.5244460105896,2.172316789627075,7.216701984405518
Q_positive,train,20,HALL,733,11.808090209960938,11.649388313293457,6.496183395385742,17.253677368164062
Q_positive,train,21,HALL,733,7.556295394897461,7.653667449951172,3.6315228939056396,11.154754638671875
Q_positive,train,22,HALL,733,20.391448974609375,20.24553108215332,12.558517456054688,28.23181915283203
Q_positive,train,23,HALL,733,17.599409103393555,16.833919525146484,8.540948867797852,26.659767150878906
Q_positive,train,24,HALL,733,18.286794662475586,17.765317916870117,7.050257205963135,30.3666934967041
Q_positive,train,25,HALL,733,11.21432113647461,10.188824653625488,3.886204957962036,19.637313842773438
Q_positive,train,26,HALL,733,8.209768295288086,7.637974739074707,2.4056663513183594,14.8834228515625
Q_positive,train,27,HALL,733,20.554153442382812,19.548114776611328,8.376729011535645,33.186004638671875
Q_positive,train,28,HALL,733,47.635475158691406,45.57316970825195,18.821819305419922,79.85945892333984
Q_positive,train,1,REAL,6252,1.8800528049468994,1.6516101360321045,0.7087273597717285,3.3406965732574463
Q_positive,train,2,REAL,6252,0.37808650732040405,0.3339974284172058,0.1602739840745926,0.6436925530433655
Q_positive,train,3,REAL,6252,0.41386544704437256,0.2611563801765442,0.12418529391288757,0.8249477744102478
Q_positive,train,4,REAL,6252,0.7734634876251221,0.5325177311897278,0.20556706190109253,1.5769490003585815
Q_positive,train,5,REAL,6252,1.3123500347137451,1.0271426439285278,0.3268130421638489,2.5950584411621094
Q_positive,train,6,REAL,6252,2.3590683937072754,2.046700954437256,0.887773334980011,4.40764045715332
Q_positive,train,7,REAL,6252,1.97359037399292,1.6510019302368164,0.5353401303291321,3.8062565326690674
Q_positive,train,8,REAL,6252,2.858163595199585,2.8089022636413574,0.7856612205505371,4.9929914474487305
Q_positive,train,9,REAL,6252,5.529064655303955,5.056353569030762,1.8814198970794678,9.681010246276855
Q_positive,train,10,REAL,6252,11.23218059539795,10.80219841003418,4.974143981933594,17.757041931152344
Q_positive,train,11,REAL,6252,3.4131271839141846,3.395514965057373,2.011967182159424,4.718267917633057
Q_positive,train,12,REAL,6252,5.076198577880859,4.897529602050781,2.6637697219848633,7.661245346069336
Q_positive,train,13,REAL,6252,5.390945911407471,5.456021308898926,3.252124071121216,7.39907169342041
Q_positive,train,14,REAL,6252,5.806056976318359,5.812939643859863,3.0811755657196045,8.604326248168945
Q_positive,train,15,REAL,6252,9.352429389953613,8.755480766296387,5.491918563842773,14.120326042175293
Q_positive,train,16,REAL,6252,3.8947505950927734,3.42179536819458,2.0638043880462646,6.272958755493164
Q_positive,train,17,REAL,6252,8.19624137878418,7.980710983276367,4.817136764526367,11.882636070251465
Q_positive,train,18,REAL,6252,4.322839260101318,4.0899152755737305,2.057394504547119,6.794661521911621
Q_positive,train,19,REAL,6252,5.33291482925415,5.046779632568359,2.9625515937805176,7.873641490936279
Q_positive,train,20,REAL,6252,13.163575172424316,13.324563026428223,8.577841758728027,17.519502639770508
Q_positive,train,21,REAL,6252,9.785809516906738,9.814717292785645,5.186495304107666,14.262202262878418
Q_positive,train,22,REAL,6252,20.00263214111328,19.444198608398438,12.334312438964844,28.363229751586914
Q_positive,train,23,REAL,6252,20.352031707763672,20.208385467529297,11.485139846801758,29.050146102905273
Q_positive,train,24,REAL,6252,21.999921798706055,20.823455810546875,8.288125038146973,36.376976013183594
Q_positive,train,25,REAL,6252,11.786284446716309,11.647366523742676,5.853222846984863,17.56270408630371
Q_positive,train,26,REAL,6252,10.081724166870117,9.924358367919922,4.443617343902588,15.753435134887695
Q_positive,train,27,REAL,6252,23.262821197509766,22.66150665283203,10.842113494873047,35.99657440185547
Q_positive,train,28,REAL,6252,52.3410758972168,50.24907684326172,26.472360610961914,80.35517883300781
Q_positive,test,1,HALL,183,1.2548047304153442,1.07173490524292,0.5498142838478088,2.217961311340332
Q_positive,test,2,HALL,183,0.26608148217201233,0.2255731225013733,0.11458694189786911,0.4452967643737793
Q_positive,test,3,HALL,183,0.2785373330116272,0.17578057944774628,0.10086628794670105,0.5218856334686279
Q_positive,test,4,HALL,183,0.4549451172351837,0.2882993519306183,0.15006254613399506,0.9707074165344238
Q_positive,test,5,HALL,183,0.8214778304100037,0.5579700469970703,0.27210551500320435,1.6783634424209595
Q_positive,test,6,HALL,183,1.8434782028198242,1.4094510078430176,0.6770957708358765,3.460907220840454
Q_positive,test,7,HALL,183,1.226723551750183,0.9925962686538696,0.4548943042755127,2.335738182067871
Q_positive,test,8,HALL,183,2.564948797225952,2.5256381034851074,0.6519393920898438,4.529858112335205
Q_positive,test,9,HALL,183,4.497999668121338,4.112240314483643,1.8130298852920532,7.53758430480957
Q_positive,test,10,HALL,183,9.47265911102295,8.508416175842285,4.5994133949279785,15.19566535949707
Q_positive,test,11,HALL,183,2.795468807220459,2.672085762023926,1.7371923923492432,3.9979496002197266
Q_positive,test,12,HALL,183,4.670029163360596,4.7623724937438965,2.2090137004852295,7.225823879241943
Q_positive,test,13,HALL,183,5.075817108154297,5.099937438964844,2.6976449489593506,6.9734721183776855
Q_positive,test,14,HALL,183,5.123931407928467,4.990081787109375,2.7538256645202637,7.6297430992126465
Q_positive,test,15,HALL,183,9.8294095993042,9.65186595916748,4.808489799499512,14.774855613708496
Q_positive,test,16,HALL,183,3.713817834854126,3.416290283203125,1.9565463066101074,5.961750030517578
Q_positive,test,17,HALL,183,7.518039703369141,7.1365203857421875,3.52093768119812,12.090934753417969
Q_positive,test,18,HALL,183,3.7210443019866943,3.5314865112304688,1.3820719718933105,6.604650020599365
Q_positive,test,19,HALL,183,4.920875549316406,4.859614372253418,2.31935715675354,7.142877578735352
Q_positive,test,20,HALL,183,11.75465202331543,11.208410263061523,7.144285202026367,17.07917022705078
Q_positive,test,21,HALL,183,7.833626747131348,7.728514194488525,3.7097599506378174,12.345351219177246
Q_positive,test,22,HALL,183,20.777185440063477,19.789691925048828,13.86739444732666,28.394548416137695
Q_positive,test,23,HALL,183,17.251237869262695,16.569589614868164,9.066307067871094,26.678434371948242
Q_positive,test,24,HALL,183,18.467151641845703,17.32073402404785,7.7629852294921875,30.47002410888672
Q_positive,test,25,HALL,183,10.793614387512207,9.864484786987305,4.924515724182129,17.47687530517578
Q_positive,test,26,HALL,183,7.975423812866211,7.099515914916992,3.204681634902954,13.48166275024414
Q_positive,test,27,HALL,183,19.791738510131836,18.64874267578125,9.560741424560547,31.575231552124023
Q_positive,test,28,HALL,183,45.66529083251953,46.27984619140625,18.289199829101562,75.03961944580078
Q_positive,test,1,REAL,1549,1.9099973440170288,1.6541556119918823,0.7161777019500732,3.500743865966797
Q_positive,test,2,REAL,1549,0.3817923665046692,0.34113845229148865,0.15791954100131989,0.6564825177192688
Q_positive,test,3,REAL,1549,0.4242652654647827,0.2669069170951843,0.12423878163099289,0.9031479954719543
Q_positive,test,4,REAL,1549,0.7846489548683167,0.5439932942390442,0.2042073756456375,1.5975885391235352
Q_positive,test,5,REAL,1549,1.401299238204956,1.1233906745910645,0.33071690797805786,2.84552264213562
Q_positive,test,6,REAL,1549,2.4237239360809326,2.1023826599121094,0.8747822642326355,4.516108512878418
Q_positive,test,7,REAL,1549,1.979878306388855,1.6833059787750244,0.5182408690452576,3.83479642868042
Q_positive,test,8,REAL,1549,2.893449306488037,2.8869428634643555,0.7649186849594116,4.979211807250977
Q_positive,test,9,REAL,1549,5.697826862335205,5.267046928405762,1.9496971368789673,9.677932739257812
Q_positive,test,10,REAL,1549,11.263010025024414,11.088773727416992,4.896411895751953,17.667770385742188
Q_positive,test,11,REAL,1549,3.3923215866088867,3.3704636096954346,1.9329955577850342,4.716341972351074
Q_positive,test,12,REAL,1549,5.116014003753662,4.9373016357421875,2.8438591957092285,7.72837495803833
Q_positive,test,13,REAL,1549,5.421439170837402,5.474367141723633,3.3114359378814697,7.4197587966918945
Q_positive,test,14,REAL,1549,5.852370738983154,5.828596591949463,3.1681904792785645,8.684304237365723
Q_positive,test,15,REAL,1549,9.486281394958496,8.89723014831543,5.578774452209473,14.640242576599121
Q_positive,test,16,REAL,1549,3.965848684310913,3.5158772468566895,2.132544994354248,6.285874843597412
Q_positive,test,17,REAL,1549,8.211079597473145,7.9322004318237305,4.819128036499023,12.290544509887695
Q_positive,test,18,REAL,1549,4.391719341278076,4.0974016189575195,2.042330503463745,6.952509880065918
Q_positive,test,19,REAL,1549,5.240115642547607,4.960992813110352,2.945223093032837,7.616110801696777
Q_positive,test,20,REAL,1549,13.25246524810791,13.423116683959961,8.692808151245117,17.73210334777832
Q_positive,test,21,REAL,1549,9.940439224243164,10.008341789245605,5.3030171394348145,14.472267150878906
Q_positive,test,22,REAL,1549,20.00897216796875,19.47750473022461,12.298990249633789,28.324899673461914
Q_positive,test,23,REAL,1549,20.381587982177734,20.256744384765625,11.3414945602417,28.88318634033203
Q_positive,test,24,REAL,1549,22.384885787963867,20.654741287231445,8.575718879699707,38.087772369384766
Q_positive,test,25,REAL,1549,11.66419506072998,11.52403450012207,5.781286239624023,17.06220054626465
Q_positive,test,26,REAL,1549,10.088677406311035,9.925080299377441,4.390901565551758,15.736406326293945
Q_positive,test,27,REAL,1549,23.322975158691406,22.51036834716797,10.825804710388184,36.25552749633789
Q_positive,test,28,REAL,1549,52.88599395751953,50.889991760253906,27.502912521362305,79.55071258544922
Q_negative,train,1,HALL,733,9.048095307662152e-06,0.0,0.0,0.0
Q_negative,train,2,HALL,733,0.0008721632184460759,6.384954031091183e-05,0.0,0.002575512742623687
Q_negative,train,3,HALL,733,0.0017706261714920402,0.00014114058285485953,0.0,0.004759694449603558
Q_negative,train,4,HALL,733,0.007748910691589117,0.0015332858311012387,4.1502771637169644e-05,0.01950513944029808
Q_negative,train,5,HALL,733,0.0012090214295312762,5.700405017705634e-05,0.0,0.0029549282044172287
Q_negative,train,6,HALL,733,0.023075031116604805,0.0063628870993852615,0.0001796288852347061,0.05967428535223007
Q_negative,train,7,HALL,733,0.0007509816205129027,0.00011107761383755133,0.0,0.0018001454882323742
Q_negative,train,8,HALL,733,0.004231568891555071,0.0007617343217134476,0.0,0.009592623449862003
Q_negative,train,9,HALL,733,0.03606163337826729,0.0016121359076350927,0.0,0.09926256537437439
Q_negative,train,10,HALL,733,0.06632130593061447,0.030538056045770645,0.0037511861883103848,0.17180711030960083
Q_negative,train,11,HALL,733,0.002205432625487447,0.00017494296480435878,0.0,0.005261868238449097
Q_negative,train,12,HALL,733,0.022687330842018127,0.013715230859816074,0.0010946595575660467,0.05554799735546112
Q_negative,train,13,HALL,733,0.02360934019088745,0.011183404363691807,0.0032862641382962465,0.06191562861204147
Q_negative,train,14,HALL,733,0.016366157680749893,0.009448683820664883,0.0014485694700852036,0.035686854273080826
Q_negative,train,15,HALL,733,0.23312804102897644,0.08981708437204361,0.006298587191849947,0.6234474182128906
Q_negative,train,16,HALL,733,0.08268576860427856,0.0255584716796875,0.010873998515307903,0.13970370590686798
Q_negative,train,17,HALL,733,0.0819450244307518,0.0390545092523098,0.007939154282212257,0.21232785284519196
Q_negative,train,18,HALL,733,0.017985811457037926,0.011973983608186245,0.0022326940670609474,0.03783277049660683
Q_negative,train,19,HALL,733,0.04513470083475113,0.02610941231250763,0.004386243410408497,0.10963378101587296
Q_negative,train,20,HALL,733,0.07706345617771149,0.040167711675167084,0.0038234777748584747,0.18379166722297668
Q_negative,train,21,HALL,733,0.01907377503812313,0.009493646211922169,0.0013346956111490726,0.04310618340969086
Q_negative,train,22,HALL,733,0.09145054221153259,0.04662134498357773,0.005805857013911009,0.21476693451404572
Q_negative,train,23,HALL,733,0.033183496445417404,0.012977711856365204,0.0018076231935992837,0.06515880674123764
Q_negative,train,24,HALL,733,0.27284276485443115,0.208546444773674,0.05927874892950058,0.5519191026687622
Q_negative,train,25,HALL,733,0.10930861532688141,0.0599193200469017,0.004629179369658232,0.2660982012748718
Q_negative,train,26,HALL,733,0.04969649761915207,0.031309857964515686,0.002254727529361844,0.11609058082103729
Q_negative,train,27,HALL,733,0.1825832575559616,0.11663590371608734,0.008872682228684425,0.4458075165748596
Q_negative,train,28,HALL,733,0.17148318886756897,0.06787306070327759,0.0013313195668160915,0.45626628398895264
Q_negative,train,1,REAL,6252,2.3655920813325793e-05,0.0,0.0,0.0
Q_negative,train,2,REAL,6252,0.001485323766246438,8.19211927591823e-05,0.0,0.003397553227841854
Q_negative,train,3,REAL,6252,0.0023945639841258526,0.000163640666869469,0.0,0.005983130075037479
Q_negative,train,4,REAL,6252,0.012985480949282646,0.003394500585272908,0.00013653934001922607,0.030679576098918915
Q_negative,train,5,REAL,6252,0.0035079477820545435,4.48018399765715e-05,0.0,0.003046879544854164
Q_negative,train,6,REAL,6252,0.03579966351389885,0.008759548887610435,0.00020135051454417408,0.09803233295679092
Q_negative,train,7,REAL,6252,0.002059082267805934,0.000291856616968289,0.0,0.00428767642006278
Q_negative,train,8,REAL,6252,0.005065385717898607,0.0008301122579723597,0.0,0.01192717906087637
Q_negative,train,9,REAL,6252,0.040942393243312836,0.001758170546963811,0.0,0.12003292888402939
Q_negative,train,10,REAL,6252,0.061895936727523804,0.02293478511273861,0.0025454347487539053,0.15026473999023438
Q_negative,train,11,REAL,6252,0.0059187873266637325,0.0008268601959571242,0.0,0.016834422945976257
Q_negative,train,12,REAL,6252,0.02194873057305813,0.010064026340842247,0.0007112872553989291,0.059161849319934845
Q_negative,train,13,REAL,6252,0.024799611419439316,0.010769296437501907,0.002168336184695363,0.05767644941806793
Q_negative,train,14,REAL,6252,0.018680518493056297,0.013536414131522179,0.0023543303832411766,0.03848843649029732
Q_negative,train,15,REAL,6252,0.1487421840429306,0.054060738533735275,0.005672872997820377,0.39985939860343933
Q_negative,train,16,REAL,6252,0.09578537195920944,0.027390189468860626,0.011583504267036915,0.20281872153282166
Q_negative,train,17,REAL,6252,0.07928489148616791,0.043433383107185364,0.011050482280552387,0.18745432794094086
Q_negative,train,18,REAL,6252,0.020690107718110085,0.012577202171087265,0.003093397244811058,0.0464647077023983
Q_negative,train,19,REAL,6252,0.03494666516780853,0.01886112242937088,0.004275915212929249,0.08011558651924133
Q_negative,train,20,REAL,6252,0.05970410257577896,0.03268774226307869,0.004556717816740274,0.13649024069309235
Q_negative,train,21,REAL,6252,0.03921184316277504,0.020456908270716667,0.001906753983348608,0.09968311339616776
Q_negative,train,22,REAL,6252,0.052835576236248016,0.020030302926898003,0.002212911145761609,0.1254173368215561
Q_negative,train,23,REAL,6252,0.028999319300055504,0.016026804223656654,0.002570054493844509,0.0627441331744194
Q_negative,train,24,REAL,6252,0.23176154494285583,0.16211089491844177,0.03540172800421715,0.5174728631973267
Q_negative,train,25,REAL,6252,0.08017117530107498,0.039217814803123474,0.005532186944037676,0.19771897792816162
Q_negative,train,26,REAL,6252,0.06453145295381546,0.045867856591939926,0.008100800216197968,0.14206337928771973
Q_negative,train,27,REAL,6252,0.132619246840477,0.08026941120624542,0.01175888255238533,0.3267579674720764
Q_negative,train,28,REAL,6252,0.159737691283226,0.07170122116804123,0.0018653322476893663,0.42764773964881897
Q_negative,test,1,HALL,183,1.0408633897895925e-05,0.0,0.0,0.0
Q_negative,test,2,HALL,183,0.0011348177213221788,3.304172059870325e-05,0.0,0.0022850169334560633
Q_negative,test,3,HALL,183,0.0015913659008219838,0.00011923977581318468,0.0,0.005066426936537027
Q_negative,test,4,HALL,183,0.008866271935403347,0.002300058491528034,7.554426701972261e-05,0.020650777965784073
Q_negative,test,5,HALL,183,0.001716944039799273,5.523366417037323e-05,0.0,0.0033066188916563988
Q_negative,test,6,HALL,183,0.0356275700032711,0.008901110850274563,0.0006274796323850751,0.08761738240718842
Q_negative,test,7,HALL,183,0.0009938986040651798,0.00011589763744268566,0.0,0.002369409892708063
Q_negative,test,8,HALL,183,0.004267861135303974,0.001142007065936923,1.2492865607782733e-05,0.01064865943044424
Q_negative,test,9,HALL,183,0.030968498438596725,0.0017324499785900116,0.0,0.07717103511095047
Q_negative,test,10,HALL,183,0.07204382121562958,0.033761583268642426,0.005887424107640982,0.20864875614643097
Q_negative,test,11,HALL,183,0.0018727290444076061,0.00014822468801867217,0.0,0.004791783634573221
Q_negative,test,12,HALL,183,0.020492561161518097,0.009779231622815132,0.001347171957604587,0.051900073885917664
Q_negative,test,13,HALL,183,0.025307228788733482,0.01207253523170948,0.0035063421819359064,0.06324823200702667
Q_negative,test,14,HALL,183,0.017322856932878494,0.010592043399810791,0.0022202685941010714,0.03574899211525917
Q_negative,test,15,HALL,183,0.2275252640247345,0.08506201952695847,0.0077599696815013885,0.6416823863983154
Q_negative,test,16,HALL,183,0.06449846178293228,0.025278031826019287,0.012395840138196945,0.12533460557460785
Q_negative,test,17,HALL,183,0.08446531742811203,0.04577729105949402,0.009338169358670712,0.23402060568332672
Q_negative,test,18,HALL,183,0.018822187557816505,0.010333649814128876,0.0025842003524303436,0.04619813710451126
Q_negative,test,19,HALL,183,0.04597034305334091,0.03300042450428009,0.004812581930309534,0.09109970927238464
Q_negative,test,20,HALL,183,0.08571617305278778,0.042397305369377136,0.0043380181305110455,0.21677352488040924
Q_negative,test,21,HALL,183,0.022176893427968025,0.01073530688881874,0.0010939607163891196,0.05137785151600838
Q_negative,test,22,HALL,183,0.08531533926725388,0.05161504074931145,0.007361541502177715,0.18961156904697418
Q_negative,test,23,HALL,183,0.027206452563405037,0.01399698480963707,0.0022768541239202023,0.06054532527923584
Q_negative,test,24,HALL,183,0.2625293731689453,0.21466843783855438,0.08700700849294662,0.4904147982597351
Q_negative,test,25,HALL,183,0.09622884541749954,0.05538603290915489,0.00928220059722662,0.23599804937839508
Q_negative,test,26,HALL,183,0.05702212452888489,0.03706623986363411,0.003664064686745405,0.13799789547920227
Q_negative,test,27,HALL,183,0.1835898458957672,0.11256976425647736,0.0155756501480937,0.4686078429222107
Q_negative,test,28,HALL,183,0.1458822339773178,0.05176866799592972,0.0008635992999188602,0.36805614829063416
Q_negative,test,1,REAL,1549,2.7064470486948267e-05,0.0,0.0,0.0
Q_negative,test,2,REAL,1549,0.001642820076085627,7.894910231698304e-05,0.0,0.0036393783520907164
Q_negative,test,3,REAL,1549,0.0024851334746927023,0.00018874849774874747,0.0,0.006606161594390869
Q_negative,test,4,REAL,1549,0.013062898069620132,0.003919795621186495,0.00020674464758485556,0.027467206120491028
Q_negative,test,5,REAL,1549,0.003435414982959628,3.79262346541509e-05,0.0,0.003453640267252922
Q_negative,test,6,REAL,1549,0.03549220785498619,0.010062968358397484,0.0002706396917346865,0.10823629796504974
Q_negative,test,7,REAL,1549,0.0023850095458328724,0.00028773813392035663,0.0,0.005695112515240908
Q_negative,test,8,REAL,1549,0.005286884028464556,0.0008457486983388662,0.0,0.014838575385510921
Q_negative,test,9,REAL,1549,0.04779911786317825,0.0024677461478859186,0.0,0.12898726761341095
Q_negative,test,10,REAL,1549,0.06307610869407654,0.02302684634923935,0.00306775257922709,0.15906158089637756
Q_negative,test,11,REAL,1549,0.005503651220351458,0.0006458739517256618,0.0,0.01603519357740879
Q_negative,test,12,REAL,1549,0.02297280542552471,0.010296383872628212,0.0006931325769983232,0.06193142384290695
Q_negative,test,13,REAL,1549,0.02479456178843975,0.011195393279194832,0.0020932157058268785,0.05820188298821449
Q_negative,test,14,REAL,1549,0.019506074488162994,0.013369500637054443,0.0024664043448865414,0.03886833041906357
Q_negative,test,15,REAL,1549,0.16370174288749695,0.056157905608415604,0.005855787079781294,0.46970266103744507
Q_negative,test,16,REAL,1549,0.09830445051193237,0.027824390679597855,0.01230873353779316,0.19433066248893738
Q_negative,test,17,REAL,1549,0.08424624800682068,0.04398813098669052,0.010928673669695854,0.20655275881290436
Q_negative,test,18,REAL,1549,0.02073478326201439,0.012817630544304848,0.0028601831290870905,0.04671920835971832
Q_negative,test,19,REAL,1549,0.034261081367731094,0.018364762887358665,0.00452711246907711,0.07882430404424667
Q_negative,test,20,REAL,1549,0.05923992395401001,0.03312978148460388,0.005000622011721134,0.13667583465576172
Q_negative,test,21,REAL,1549,0.04044683277606964,0.01915968582034111,0.0020938836969435215,0.10062618553638458
Q_negative,test,22,REAL,1549,0.04986370727419853,0.019547095522284508,0.002129576401785016,0.12983742356300354
Q_negative,test,23,REAL,1549,0.03033629059791565,0.015859616920351982,0.0025605722330510616,0.06352102011442184
Q_negative,test,24,REAL,1549,0.24571363627910614,0.17467261850833893,0.0350370854139328,0.5568029880523682
Q_negative,test,25,REAL,1549,0.07901695370674133,0.03799779713153839,0.005861395038664341,0.19172044098377228
Q_negative,test,26,REAL,1549,0.06617859750986099,0.04802995175123215,0.009127059020102024,0.14300896227359772
Q_negative,test,27,REAL,1549,0.13542422652244568,0.08002790063619614,0.012003415264189243,0.3226987421512604
Q_negative,test,28,REAL,1549,0.1684287041425705,0.07586642354726791,0.0021968085784465075,0.4401443302631378
B_Q,train,1,HALL,733,4.860363333136775e-06,0.0,0.0,0.0
B_Q,train,2,HALL,733,0.0022003266494721174,0.00020718159794341773,0.0,0.006615515798330307
B_Q,train,3,HALL,733,0.0032826648093760014,0.00044992048060521483,0.0,0.009728454053401947
B_Q,train,4,HALL,733,0.00657959608361125,0.002484348136931658,9.150927508017048e-05,0.01856086030602455
B_Q,train,5,HALL,733,0.0006657068734057248,5.9978265198878944e-05,0.0,0.0017369561828672886
B_Q,train,6,HALL,733,0.005922967568039894,0.003018608083948493,0.00010769490472739562,0.01621003821492195
B_Q,train,7,HALL,733,0.0003112684062216431,7.073013694025576e-05,0.0,0.0008733391296118498
B_Q,train,8,HALL,733,0.0006271913298405707,0.00019047940440941602,0.0,0.0014881141250953078
B_Q,train,9,HALL,733,0.002285224851220846,0.00022009122767485678,0.0,0.006982861552387476
B_Q,train,10,HALL,733,0.003659868845716119,0.0021224471274763346,0.0003282192046754062,0.008909330703318119
B_Q,train,11,HALL,733,0.0003448629577178508,3.244094841647893e-05,0.0,0.0008990071946755052
B_Q,train,12,HALL,733,0.0023626855108886957,0.0015958610456436872,0.0001804106868803501,0.005730899050831795
B_Q,train,13,HALL,733,0.002170284977182746,0.0011784280650317669,0.0003848738269880414,0.005255496129393578
B_Q,train,14,HALL,733,0.0015692883171141148,0.000962885795161128,0.00018866801110561937,0.0034617730416357517
B_Q,train,15,HALL,733,0.0094742551445961,0.00499692652374506,0.0005091328057460487,0.023357488214969635
B_Q,train,16,HALL,733,0.006696600001305342,0.0034416222479194403,0.0013857783051207662,0.013904464431107044
B_Q,train,17,HALL,733,0.004779286682605743,0.0030647150706499815,0.0008299277978949249,0.01136364322155714
B_Q,train,18,HALL,733,0.001799980876967311,0.0014346448006108403,0.00041874463204294443,0.003630161751061678
B_Q,train,19,HALL,733,0.004358683712780476,0.0027653530705720186,0.000658759381622076,0.00990775041282177
B_Q,train,20,HALL,733,0.0030872132629156113,0.001866037491708994,0.00022557542251888663,0.007556883618235588
B_Q,train,21,HALL,733,0.001137211686000228,0.0006265323609113693,0.00011291582632111385,0.002566443756222725
B_Q,train,22,HALL,733,0.002673292998224497,0.0014166871551424265,0.0001933683961397037,0.006444616708904505
B_Q,train,23,HALL,733,0.0007979515357874334,0.0004178500676061958,6.473796383943409e-05,0.001904200529679656
B_Q,train,24,HALL,733,0.008771775290369987,0.006926890462636948,0.002724289894104004,0.017182782292366028
B_Q,train,25,HALL,733,0.003918165806680918,0.0024992141406983137,0.0003892411768902093,0.009015684016048908
B_Q,train,26,HALL,733,0.0021067361813038588,0.001415521721355617,0.00028007151558995247,0.004462036769837141
B_Q,train,27,HALL,733,0.0031376280821859837,0.002094246679916978,0.0002883142151404172,0.007653375621885061
B_Q,train,28,HALL,733,0.001655504573136568,0.0008730683475732803,2.1471862055477686e-05,0.004167305305600166
B_Q,train,1,REAL,6252,6.26841119810706e-06,0.0,0.0,0.0
B_Q,train,2,REAL,6252,0.002486791927367449,0.0001772505638655275,0.0,0.006465287413448095
B_Q,train,3,REAL,6252,0.0027328492142260075,0.0003836745454464108,0.0,0.008320862427353859
B_Q,train,4,REAL,6252,0.0066499351523816586,0.0031140928622335196,0.0002314814191777259,0.01737089641392231
B_Q,train,5,REAL,6252,0.0008059406536631286,3.140051558148116e-05,0.0,0.00150799541734159
B_Q,train,6,REAL,6252,0.006791920866817236,0.003126506693661213,8.320948836626485e-05,0.01767551526427269
B_Q,train,7,REAL,6252,0.00047032785369083285,0.0001067250341293402,0.0,0.0011954746441915631
B_Q,train,8,REAL,6252,0.0006445819162763655,0.0001637177774682641,0.0,0.0015781503170728683
B_Q,train,9,REAL,6252,0.002279179636389017,0.00019947666442021728,0.0,0.007461227010935545
B_Q,train,10,REAL,6252,0.0030489019118249416,0.0012523640180006623,0.00018852416542358696,0.007363324053585529
B_Q,train,11,REAL,6252,0.0007168407901190221,0.00013671978376805782,0.0,0.002066815970465541
B_Q,train,12,REAL,6252,0.0018993157427757978,0.001102617010474205,9.598760516382754e-05,0.004683006089180708
B_Q,train,13,REAL,6252,0.0018815980292856693,0.0010012146085500717,0.00019757416157517582,0.004400668200105429
B_Q,train,14,REAL,6252,0.0014700742904096842,0.0010281261056661606,0.0002388720604358241,0.002995448186993599
B_Q,train,15,REAL,6252,0.005946802441030741,0.0029621017165482044,0.0003965581418015063,0.015620578080415726
B_Q,train,16,REAL,6252,0.006794617511332035,0.003390541533008218,0.0015341438120231032,0.014336204156279564
B_Q,train,17,REAL,6252,0.004163068253546953,0.0026317103765904903,0.0008021785761229694,0.009420471265912056
B_Q,train,18,REAL,6252,0.0016169651644304395,0.0011294123250991106,0.00033524681930430233,0.003417877946048975
B_Q,train,19,REAL,6252,0.002705097896978259,0.001589308143593371,0.00042865052819252014,0.006119332741945982
B_Q,train,20,REAL,6252,0.0022117625921964645,0.0013336635893210769,0.00021443094010464847,0.0051372116431593895
B_Q,train,21,REAL,6252,0.0017290075775235891,0.00105431885458529,0.0001320729061262682,0.004133312962949276
B_Q,train,22,REAL,6252,0.001494519878178835,0.0005780431674793363,6.956545985303819e-05,0.0035977482330054045
B_Q,train,23,REAL,6252,0.0006416676915250719,0.0003802576975431293,7.048863335512578e-05,0.0014143119333311915
B_Q,train,24,REAL,6252,0.005935925059020519,0.00447861198335886,0.0013430045219138265,0.012484216131269932
B_Q,train,25,REAL,6252,0.002741578733548522,0.0016022565541788936,0.0003208056150469929,0.006344909314066172
B_Q,train,26,REAL,6252,0.0024652935098856688,0.0018251431174576283,0.0004390678368508816,0.005277806892991066
B_Q,train,27,REAL,6252,0.0020286741200834513,0.0013612061738967896,0.00028496599406935275,0.004580290988087654
B_Q,train,28,REAL,6252,0.001417646068148315,0.0007473505102097988,2.4251537979580462e-05,0.0036355506163090467
B_Q,test,1,HALL,183,4.702435489889467e-06,0.0,0.0,0.0
B_Q,test,2,HALL,183,0.0029410424176603556,9.981888433685526e-05,0.0,0.005787066649645567
B_Q,test,3,HALL,183,0.0028598334174603224,0.00042043166467919946,0.0,0.009427092038094997
B_Q,test,4,HALL,183,0.00691671296954155,0.0033372528851032257,0.00014906849537510425,0.01941836066544056
B_Q,test,5,HALL,183,0.0009121329640038311,4.2504256271058694e-05,0.0,0.001855919836089015
B_Q,test,6,HALL,183,0.007519338745623827,0.0037859445437788963,0.0002827294811140746,0.01826944760978222
B_Q,test,7,HALL,183,0.000363918807124719,7.769736112095416e-05,0.0,0.0009108665981329978
B_Q,test,8,HALL,183,0.0006418873672373593,0.00024560632300563157,3.2054524581326405e-06,0.0015832221833989024
B_Q,test,9,HALL,183,0.002094448311254382,0.00021885691967327148,0.0,0.005080206785351038
B_Q,test,10,HALL,183,0.0038985314313322306,0.0023003853857517242,0.00043135162559337914,0.010709753260016441
B_Q,test,11,HALL,183,0.00031233037589117885,2.8456959626055323e-05,0.0,0.0006357533275149763
B_Q,test,12,HALL,183,0.002098323777318001,0.0012301726965233684,0.0001805964857339859,0.00487139169126749
B_Q,test,13,HALL,183,0.0022394133266061544,0.0013454671716317534,0.00033213113783858716,0.0053048995323479176
B_Q,test,14,HALL,183,0.0016611957689747214,0.0009454364189878106,0.0002120213903253898,0.0033419826067984104
B_Q,test,15,HALL,183,0.00941262673586607,0.004703741520643234,0.0005140402354300022,0.02451382204890251
B_Q,test,16,HALL,183,0.005891849286854267,0.003628708887845278,0.0014289377722889185,0.010447932407259941
B_Q,test,17,HALL,183,0.005008990876376629,0.0029454738833010197,0.000884395616594702,0.012301229871809483
B_Q,test,18,HALL,183,0.0018210463458672166,0.0012956580612808466,0.0003707636205945164,0.0035522193647921085
B_Q,test,19,HALL,183,0.004317655693739653,0.0033390221651643515,0.0007610583561472595,0.00878229457885027
B_Q,test,20,HALL,183,0.0033335769549012184,0.0021523453760892153,0.00031075868173502386,0.008093149401247501
B_Q,test,21,HALL,183,0.0012354027712717652,0.0006333506316877902,0.00012218355550430715,0.0026767845265567303
B_Q,test,22,HALL,183,0.00240704114548862,0.0016011832049116492,0.00020082035916857421,0.005498618818819523
B_Q,test,23,HALL,183,0.0007412029663100839,0.00047040823847055435,5.7283734349766746e-05,0.0016620701644569635
B_Q,test,24,HALL,183,0.008947262540459633,0.006727232132107019,0.002988528460264206,0.018397847190499306
B_Q,test,25,HALL,183,0.0037433914840221405,0.0028205474372953176,0.000565909082069993,0.008168766275048256
B_Q,test,26,HALL,183,0.002470695646479726,0.0018037670524790883,0.00031145778484642506,0.005133648402988911
B_Q,test,27,HALL,183,0.003222694154828787,0.0025349159259349108,0.0005006555584259331,0.007574112620204687
B_Q,test,28,HALL,183,0.0013786093331873417,0.0006067266804166138,1.4626952179241925e-05,0.0034439610317349434
B_Q,test,1,REAL,1549,8.238771442847792e-06,0.0,0.0,0.0
B_Q,test,2,REAL,1549,0.0026366417296230793,0.00018673395970836282,0.0,0.006735588889569044
B_Q,test,3,REAL,1549,0.003059610491618514,0.0004037423641420901,0.0,0.008988268673419952
B_Q,test,4,REAL,1549,0.006879320368170738,0.003419583197683096,0.00034465393400751054,0.01821175403892994
B_Q,test,5,REAL,1549,0.0007612796034663916,2.6895926566794515e-05,0.0,0.00152690801769495
B_Q,test,6,REAL,1549,0.006623642053455114,0.0032701760064810514,0.00010800844756886363,0.018043609336018562
B_Q,test,7,REAL,1549,0.0005324969533830881,0.00010844309872481972,0.0,0.0014899660600349307
B_Q,test,8,REAL,1549,0.0006877236301079392,0.00016978889470919967,0.0,0.001967493211850524
B_Q,test,9,REAL,1549,0.0026205419562757015,0.00025623937835916877,0.0,0.008350434713065624
B_Q,test,10,REAL,1549,0.0030973809771239758,0.0013038803590461612,0.00020542334823403507,0.007781083229929209
B_Q,test,11,REAL,1549,0.0006579765467904508,0.00010494047455722466,0.0,0.0020566240418702364
B_Q,test,12,REAL,1549,0.0019672573544085026,0.0011038325028494,9.261987725039944e-05,0.005091874394565821
B_Q,test,13,REAL,1549,0.0018980356398969889,0.001010964042507112,0.00018567361985333264,0.004458324052393436
B_Q,test,14,REAL,1549,0.001466974150389433,0.0010298588313162327,0.00023522850824519992,0.0029987874440848827
B_Q,test,15,REAL,1549,0.0063894460909068584,0.002961650025099516,0.00038773537380620837,0.017824895679950714
B_Q,test,16,REAL,1549,0.006897395011037588,0.0033219957258552313,0.0015652119182050228,0.013837091624736786
B_Q,test,17,REAL,1549,0.004383551888167858,0.0027405687142163515,0.0007573304465040565,0.010145911946892738
B_Q,test,18,REAL,1549,0.0015998384915292263,0.0011266099754720926,0.000309131748508662,0.003467903006821871
B_Q,test,19,REAL,1549,0.0027028571348637342,0.0015607309760525823,0.000445978541392833,0.006200719624757767
B_Q,test,20,REAL,1549,0.00220864568836987,0.0013273824006319046,0.00022864789934828877,0.005156320054084063
B_Q,test,21,REAL,1549,0.001749559072777629,0.0010177830699831247,0.00014115609519649297,0.00411710562184453
B_Q,test,22,REAL,1549,0.0014583958545699716,0.0005328978295437992,6.795798981329426e-05,0.003696566680446267
B_Q,test,23,REAL,1549,0.0006611856515519321,0.00036899044062010944,6.825783930253237e-05,0.0014626032207161188
B_Q,test,24,REAL,1549,0.006172095891088247,0.004760173615068197,0.0013770383084192872,0.012408616952598095
B_Q,test,25,REAL,1549,0.0027580703608691692,0.0016449271934106946,0.000317918456858024,0.006178218871355057
B_Q,test,26,REAL,1549,0.0025980479549616575,0.0019207316217944026,0.000502447597682476,0.00538378581404686
B_Q,test,27,REAL,1549,0.0020739177707582712,0.0013945664977654815,0.0002871123724617064,0.004749638959765434
B_Q,test,28,REAL,1549,0.001471297349780798,0.0007463425281457603,3.181363354087807e-05,0.0037036079447716475
