model,experiment,group,classifier,auc,auc_std,hall_aupr,hall_aupr_std,status,source
qwen2_5_vl_7b,old_composition,AE_I,fixed_three_hidden,0.8611713767975343,0.005236017423550844,0.42081730501573206,0.004115089235055722,see source numerical limits,outputs/ffn_source_composition_v1/qwen2_5_vl_7b/detection.json
qwen2_5_vl_7b,old_composition,B,fixed_three_hidden,0.8705986940278763,0.005023524823812361,0.42808031174052646,0.0195658041655984,see source numerical limits,outputs/ffn_source_composition_v1/qwen2_5_vl_7b/detection.json
qwen2_5_vl_7b,old_composition,AE_I_SC,fixed_three_hidden,0.8645162693835026,0.007147666865151994,0.43008552359981506,0.006967538022040764,see source numerical limits,outputs/ffn_source_composition_v1/qwen2_5_vl_7b/detection.json
qwen2_5_vl_7b,old_composition,B_SC,fixed_three_hidden,0.8720450705020338,0.003930363530332557,0.44019208646926306,0.00356418628122717,see source numerical limits,outputs/ffn_source_composition_v1/qwen2_5_vl_7b/detection.json
qwen2_5_vl_7b,old_composition,B_JS_TE,fixed_three_hidden,0.8667340466438773,0.0011839425790674916,0.4273782829998943,0.006698098558845522,see source numerical limits,outputs/ffn_source_composition_v1/qwen2_5_vl_7b/detection.json
qwen2_5_vl_7b,old_composition,B_JS_TC,fixed_three_hidden,0.8776165597171216,0.005616059033831753,0.4487943272385495,0.006048877768108574,see source numerical limits,outputs/ffn_source_composition_v1/qwen2_5_vl_7b/detection.json
qwen2_5_vl_7b,old_composition,B_OT_TE,fixed_three_hidden,0.871158429964217,0.005397138804162452,0.4362656515149423,0.007128357822763505,see source numerical limits,outputs/ffn_source_composition_v1/qwen2_5_vl_7b/detection.json
qwen2_5_vl_7b,old_composition,B_OT_TC,fixed_three_hidden,0.866435951980301,0.003532163531670122,0.43389884178491983,0.007370303552415156,see source numerical limits,outputs/ffn_source_composition_v1/qwen2_5_vl_7b/detection.json
qwen2_5_vl_7b,old_composition,F,fixed_three_hidden,0.874488623602277,0.0008451358710269548,0.43982126471102706,0.016776119232432937,see source numerical limits,outputs/ffn_source_composition_v1/qwen2_5_vl_7b/detection.json
qwen2_5_vl_7b,old_composition,F_C,fixed_three_hidden,0.8718157669146674,0.0030618829650429593,0.4556788070614475,0.0020380960147070447,see source numerical limits,outputs/ffn_source_composition_v1/qwen2_5_vl_7b/detection.json
llava_1_5_7b,old_composition,AE_I,fixed_three_hidden,0.8988641649202593,0.000939501915078873,0.7091493904380629,0.0033875283913054593,see source numerical limits,outputs/ffn_source_composition_v1/llava_1_5_7b/detection.json
llava_1_5_7b,old_composition,B,fixed_three_hidden,0.900478229088112,0.0039046055981986857,0.7066504751615184,0.004215715365475308,see source numerical limits,outputs/ffn_source_composition_v1/llava_1_5_7b/detection.json
llava_1_5_7b,old_composition,AE_I_SC,fixed_three_hidden,0.9030678890841882,0.0013509377107946228,0.710422526073747,0.0045932628213515665,see source numerical limits,outputs/ffn_source_composition_v1/llava_1_5_7b/detection.json
llava_1_5_7b,old_composition,B_SC,fixed_three_hidden,0.8991836402399228,0.0029622379632108504,0.7013431080637038,0.008059503362767407,see source numerical limits,outputs/ffn_source_composition_v1/llava_1_5_7b/detection.json
llava_1_5_7b,old_composition,B_JS_TE,fixed_three_hidden,0.8982790389271802,0.0041511812199288714,0.7047219096001597,0.004459685966976002,see source numerical limits,outputs/ffn_source_composition_v1/llava_1_5_7b/detection.json
llava_1_5_7b,old_composition,B_JS_TC,fixed_three_hidden,0.9006318897717547,0.0032255150888433498,0.7104059823855148,0.006612089218170283,see source numerical limits,outputs/ffn_source_composition_v1/llava_1_5_7b/detection.json
llava_1_5_7b,old_composition,B_OT_TE,fixed_three_hidden,0.8984380049074959,0.0031915345868176732,0.707877323573868,0.005682637719277647,see source numerical limits,outputs/ffn_source_composition_v1/llava_1_5_7b/detection.json
llava_1_5_7b,old_composition,B_OT_TC,fixed_three_hidden,0.9032279161238383,0.0019148258146340755,0.7121485906999147,0.0012425941832877427,see source numerical limits,outputs/ffn_source_composition_v1/llava_1_5_7b/detection.json
llava_1_5_7b,old_composition,F,fixed_three_hidden,0.9001515192729853,0.00272196496534372,0.708153265166643,0.006193537416397996,see source numerical limits,outputs/ffn_source_composition_v1/llava_1_5_7b/detection.json
llava_1_5_7b,old_composition,F_C,fixed_three_hidden,0.9010108808740968,0.0008056630844659982,0.712237436485016,0.0025072604849356514,see source numerical limits,outputs/ffn_source_composition_v1/llava_1_5_7b/detection.json
qwen3_vl_8b,old_composition,AE_I,fixed_three_hidden,0.8738073149974737,0.011528511922693462,0.6085267833207474,0.019731372731529844,see source numerical limits,outputs/ffn_source_composition_v1/qwen3_vl_8b/detection.json
qwen3_vl_8b,old_composition,B,fixed_three_hidden,0.875557752606876,0.016037394685854047,0.6207998677663498,0.023734572994093702,see source numerical limits,outputs/ffn_source_composition_v1/qwen3_vl_8b/detection.json
qwen3_vl_8b,old_composition,AE_I_SC,fixed_three_hidden,0.8842530848761573,0.012525197850549452,0.6418563065147372,0.02402943645250678,see source numerical limits,outputs/ffn_source_composition_v1/qwen3_vl_8b/detection.json
qwen3_vl_8b,old_composition,B_SC,fixed_three_hidden,0.8871178700024801,0.005226149050093805,0.6424327126462291,0.007949794020689691,see source numerical limits,outputs/ffn_source_composition_v1/qwen3_vl_8b/detection.json
qwen3_vl_8b,old_composition,B_JS_TE,fixed_three_hidden,0.8881021695753156,0.006264610020381659,0.6480854920692604,0.0030926508299246856,see source numerical limits,outputs/ffn_source_composition_v1/qwen3_vl_8b/detection.json
qwen3_vl_8b,old_composition,B_JS_TC,fixed_three_hidden,0.8564966601732739,0.03174878981554475,0.5749175976683175,0.07236210799743606,see source numerical limits,outputs/ffn_source_composition_v1/qwen3_vl_8b/detection.json
qwen3_vl_8b,old_composition,B_OT_TE,fixed_three_hidden,0.8852697999602781,0.0012836808090112167,0.6341049942857094,0.014529624319321569,see source numerical limits,outputs/ffn_source_composition_v1/qwen3_vl_8b/detection.json
qwen3_vl_8b,old_composition,B_OT_TC,fixed_three_hidden,0.8648709245212537,0.013130042345144087,0.5918148772986476,0.0303004006559218,see source numerical limits,outputs/ffn_source_composition_v1/qwen3_vl_8b/detection.json
qwen3_vl_8b,old_composition,F,fixed_three_hidden,0.8865496981241195,0.0030478083329301894,0.6283199927748971,0.003527532443769331,see source numerical limits,outputs/ffn_source_composition_v1/qwen3_vl_8b/detection.json
qwen3_vl_8b,old_composition,F_C,fixed_three_hidden,0.886070926167756,0.0032251772805136966,0.6262662611335135,0.0077036437926857595,see source numerical limits,outputs/ffn_source_composition_v1/qwen3_vl_8b/detection.json
internvl_2_5_8b,old_composition,AE_I,fixed_three_hidden,0.855419474915352,0.002860732508815906,0.5353710151079936,0.009151679455671427,see source numerical limits,outputs/ffn_source_composition_v1/internvl_2_5_8b/detection.json
internvl_2_5_8b,old_composition,B,fixed_three_hidden,0.860232661845914,0.00674273582628652,0.5156840416218659,0.015936719304658984,see source numerical limits,outputs/ffn_source_composition_v1/internvl_2_5_8b/detection.json
internvl_2_5_8b,old_composition,AE_I_SC,fixed_three_hidden,0.8602533565470023,0.011071129181083389,0.5256615559885333,0.023852965531323538,see source numerical limits,outputs/ffn_source_composition_v1/internvl_2_5_8b/detection.json
internvl_2_5_8b,old_composition,B_SC,fixed_three_hidden,0.859973866820475,0.005817092939220776,0.5320352453523655,0.015288097342281773,see source numerical limits,outputs/ffn_source_composition_v1/internvl_2_5_8b/detection.json
internvl_2_5_8b,old_composition,B_JS_TE,fixed_three_hidden,0.8712662753810495,0.005068341587552744,0.5646410857395416,0.012734341541683566,see source numerical limits,outputs/ffn_source_composition_v1/internvl_2_5_8b/detection.json
internvl_2_5_8b,old_composition,B_JS_TC,fixed_three_hidden,0.8587617804029636,0.017200555379308285,0.5104071466881239,0.04362253629488145,see source numerical limits,outputs/ffn_source_composition_v1/internvl_2_5_8b/detection.json
internvl_2_5_8b,old_composition,B_OT_TE,fixed_three_hidden,0.8573176018001275,0.004027051728145653,0.5096244524576271,0.023166553944749677,see source numerical limits,outputs/ffn_source_composition_v1/internvl_2_5_8b/detection.json
internvl_2_5_8b,old_composition,B_OT_TC,fixed_three_hidden,0.8550834641772499,0.005567720002001723,0.520650306845077,0.026292104134375768,see source numerical limits,outputs/ffn_source_composition_v1/internvl_2_5_8b/detection.json
internvl_2_5_8b,old_composition,F,fixed_three_hidden,0.8582539813934611,0.005868731996798687,0.5303403431153165,0.012005098836062829,see source numerical limits,outputs/ffn_source_composition_v1/internvl_2_5_8b/detection.json
internvl_2_5_8b,old_composition,F_C,fixed_three_hidden,0.8489498218030468,0.005999741104978822,0.5089028840219793,0.007019219831781086,see source numerical limits,outputs/ffn_source_composition_v1/internvl_2_5_8b/detection.json
qwen2_5_vl_7b,old_gate,attention_raw_prompt,fixed_three_hidden,0.8343746068031436,0.003907120461523757,0.3849101739605713,0.017535688618427036,see source numerical limits,outputs/prefix_attention_gate/full/group_detection/detection.csv
qwen2_5_vl_7b,old_gate,attention_raw_generation,fixed_three_hidden,0.8129711747751944,0.0013043040341529782,0.3281658536938567,0.012517731648157419,see source numerical limits,outputs/prefix_attention_gate/full/group_detection/detection.csv
qwen2_5_vl_7b,old_gate,attention_raw_visual,fixed_three_hidden,0.8178653364706768,0.0066302532711876045,0.33479413297112304,0.01388243292378364,see source numerical limits,outputs/prefix_attention_gate/full/group_detection/detection.csv
qwen2_5_vl_7b,old_gate,attention_raw_concat,fixed_three_hidden,0.8453312025738446,0.0034603160133434047,0.40933462737185494,0.01320909208221898,see source numerical limits,outputs/prefix_attention_gate/full/group_detection/detection.csv
qwen2_5_vl_7b,old_gate,attention_raw_visual_prompt_sum,fixed_three_hidden,0.809111231054526,0.006508324352381155,0.3241992229148569,0.026125103883595246,see source numerical limits,outputs/prefix_attention_gate/full/group_detection/detection.csv
qwen2_5_vl_7b,old_gate,attention_log1p_prompt,fixed_three_hidden,0.8338724907426026,0.0033232421679605223,0.38610129000236126,0.013062780486579325,see source numerical limits,outputs/prefix_attention_gate/full/group_detection/detection.csv
qwen2_5_vl_7b,old_gate,attention_log1p_generation,fixed_three_hidden,0.8081493319034196,0.002722860978366422,0.319743812043497,0.01589004242281503,see source numerical limits,outputs/prefix_attention_gate/full/group_detection/detection.csv
qwen2_5_vl_7b,old_gate,attention_log1p_visual,fixed_three_hidden,0.8231281477796945,0.0025607354018611704,0.3433714469779443,0.008495066714851136,see source numerical limits,outputs/prefix_attention_gate/full/group_detection/detection.csv
qwen2_5_vl_7b,old_gate,attention_log1p_concat,fixed_three_hidden,0.845669278375731,0.002504302094997588,0.40948232735316376,0.01372928915077854,see source numerical limits,outputs/prefix_attention_gate/full/group_detection/detection.csv
qwen2_5_vl_7b,old_gate,attention_log1p_visual_prompt_sum,fixed_three_hidden,0.8097509292674867,0.002155359094188966,0.32978219935148473,0.01641402891261366,see source numerical limits,outputs/prefix_attention_gate/full/group_detection/detection.csv
qwen2_5_vl_7b,old_gate,gated_raw_prompt,fixed_three_hidden,0.8437819334643303,0.004247361432463345,0.4183611070511984,0.0022396141486528565,see source numerical limits,outputs/prefix_attention_gate/full/group_detection/detection.csv
qwen2_5_vl_7b,old_gate,gated_raw_generation,fixed_three_hidden,0.8178870909135808,0.0008658590157401484,0.3588986857775003,0.003265311620316763,see source numerical limits,outputs/prefix_attention_gate/full/group_detection/detection.csv
qwen2_5_vl_7b,old_gate,gated_raw_visual,fixed_three_hidden,0.8282857146216903,0.004524575430771034,0.36132441068509563,0.00529272783460116,see source numerical limits,outputs/prefix_attention_gate/full/group_detection/detection.csv
qwen2_5_vl_7b,old_gate,gated_raw_concat,fixed_three_hidden,0.8747485010012923,0.0048898875986956095,0.4819518720432247,0.01564204436394011,see source numerical limits,outputs/prefix_attention_gate/full/group_detection/detection.csv
qwen2_5_vl_7b,old_gate,gated_raw_visual_prompt_sum,fixed_three_hidden,0.8329793826677063,0.003632738512865125,0.4237174708736067,0.008785932594221228,see source numerical limits,outputs/prefix_attention_gate/full/group_detection/detection.csv
qwen2_5_vl_7b,old_gate,gated_log1p_prompt,fixed_three_hidden,0.8423296774110097,0.0027017269560999113,0.4164137677268251,0.002604068253786957,see source numerical limits,outputs/prefix_attention_gate/full/group_detection/detection.csv
qwen2_5_vl_7b,old_gate,gated_log1p_generation,fixed_three_hidden,0.8242276290832207,0.005534489309960535,0.3690753245470934,0.012413934244419412,see source numerical limits,outputs/prefix_attention_gate/full/group_detection/detection.csv
qwen2_5_vl_7b,old_gate,gated_log1p_visual,fixed_three_hidden,0.8286690631831336,0.006599549968290056,0.3635004159934227,0.005170706672780558,see source numerical limits,outputs/prefix_attention_gate/full/group_detection/detection.csv
qwen2_5_vl_7b,old_gate,gated_log1p_concat,fixed_three_hidden,0.8803152865530498,0.003512255283104995,0.493417563065712,0.008378737163048216,see source numerical limits,outputs/prefix_attention_gate/full/group_detection/detection.csv
qwen2_5_vl_7b,old_gate,gated_log1p_visual_prompt_sum,fixed_three_hidden,0.8317088056105297,0.003526897208325889,0.4175226113705648,0.0165553274526779,see source numerical limits,outputs/prefix_attention_gate/full/group_detection/detection.csv
qwen2_5_vl_7b,old_gate,F_E_reference,fixed_three_hidden,0.874488623602277,0.0008451358710269548,0.43982126471102706,0.016776119232432937,see source numerical limits,outputs/prefix_attention_gate/full/group_detection/detection.csv
llava_1_5_7b,old_gate,attention_raw_prompt,fixed_three_hidden,0.8787164808944691,0.0010237787756325848,0.6471707358956565,0.004051705605811959,see source numerical limits,outputs/prefix_attention_gate/full/group_detection/detection.csv
llava_1_5_7b,old_gate,attention_raw_generation,fixed_three_hidden,0.8805692834126138,0.0008650666342019912,0.6497701743366805,0.006394557047203902,see source numerical limits,outputs/prefix_attention_gate/full/group_detection/detection.csv
llava_1_5_7b,old_gate,attention_raw_visual,fixed_three_hidden,0.8795958097030597,0.0021457426103709378,0.6599557982431397,0.0009568473683293476,see source numerical limits,outputs/prefix_attention_gate/full/group_detection/detection.csv
llava_1_5_7b,old_gate,attention_raw_concat,fixed_three_hidden,0.8895449772441356,0.003880600387881472,0.6651532674125694,0.007022832700759109,see source numerical limits,outputs/prefix_attention_gate/full/group_detection/detection.csv
llava_1_5_7b,old_gate,attention_raw_visual_prompt_sum,fixed_three_hidden,0.8801340561655359,0.0005959924876633259,0.648062064515468,0.0031058953668927545,see source numerical limits,outputs/prefix_attention_gate/full/group_detection/detection.csv
llava_1_5_7b,old_gate,attention_log1p_prompt,fixed_three_hidden,0.8786903402508615,0.0006227240481303835,0.6438046850069964,0.003002871855986409,see source numerical limits,outputs/prefix_attention_gate/full/group_detection/detection.csv
llava_1_5_7b,old_gate,attention_log1p_generation,fixed_three_hidden,0.8802687142410948,0.0012598421144778618,0.6484556638706122,0.007309018823199673,see source numerical limits,outputs/prefix_attention_gate/full/group_detection/detection.csv
llava_1_5_7b,old_gate,attention_log1p_visual,fixed_three_hidden,0.8805886718604556,0.0021302074361629424,0.659079605986184,0.0024590646067622094,see source numerical limits,outputs/prefix_attention_gate/full/group_detection/detection.csv
llava_1_5_7b,old_gate,attention_log1p_concat,fixed_three_hidden,0.8910483054014287,0.0035468616351268588,0.67419538893318,0.005241323047064806,see source numerical limits,outputs/prefix_attention_gate/full/group_detection/detection.csv
llava_1_5_7b,old_gate,attention_log1p_visual_prompt_sum,fixed_three_hidden,0.8714779341136171,0.003976175090567829,0.6315202374964496,0.00856207426359053,see source numerical limits,outputs/prefix_attention_gate/full/group_detection/detection.csv
llava_1_5_7b,old_gate,gated_raw_prompt,fixed_three_hidden,0.8481758171459085,0.0017949535462221122,0.5653847411284111,0.007190767251656998,see source numerical limits,outputs/prefix_attention_gate/full/group_detection/detection.csv
llava_1_5_7b,old_gate,gated_raw_generation,fixed_three_hidden,0.8786547465331815,0.002037211579469975,0.6540624201699166,0.002814999340108542,see source numerical limits,outputs/prefix_attention_gate/full/group_detection/detection.csv
llava_1_5_7b,old_gate,gated_raw_visual,fixed_three_hidden,0.8787056773812437,0.001412549210205182,0.6632332646104498,0.003963250525110917,see source numerical limits,outputs/prefix_attention_gate/full/group_detection/detection.csv
llava_1_5_7b,old_gate,gated_raw_concat,fixed_three_hidden,0.8954139858037977,0.00199100628494951,0.6936133744098911,0.0017150340257450756,see source numerical limits,outputs/prefix_attention_gate/full/group_detection/detection.csv
llava_1_5_7b,old_gate,gated_raw_visual_prompt_sum,fixed_three_hidden,0.8721252767676814,0.0007469359829402694,0.6220433920547688,0.0016782710435351976,see source numerical limits,outputs/prefix_attention_gate/full/group_detection/detection.csv
llava_1_5_7b,old_gate,gated_log1p_prompt,fixed_three_hidden,0.851210253923074,0.0012783220930320347,0.5713471072372752,0.006242924189641243,see source numerical limits,outputs/prefix_attention_gate/full/group_detection/detection.csv
llava_1_5_7b,old_gate,gated_log1p_generation,fixed_three_hidden,0.8774455247314603,0.0008800829382275753,0.650529988800252,0.0017920978327329521,see source numerical limits,outputs/prefix_attention_gate/full/group_detection/detection.csv
llava_1_5_7b,old_gate,gated_log1p_visual,fixed_three_hidden,0.8789806846687922,0.0009543353411443382,0.6627952785437187,0.0019373567270736885,see source numerical limits,outputs/prefix_attention_gate/full/group_detection/detection.csv
llava_1_5_7b,old_gate,gated_log1p_concat,fixed_three_hidden,0.8961120663860455,0.0012353790415692144,0.6947323502999557,0.001508300804323037,see source numerical limits,outputs/prefix_attention_gate/full/group_detection/detection.csv
llava_1_5_7b,old_gate,gated_log1p_visual_prompt_sum,fixed_three_hidden,0.8713235017504585,0.0015929316315285566,0.6295822319677898,0.005006270949316079,see source numerical limits,outputs/prefix_attention_gate/full/group_detection/detection.csv
llava_1_5_7b,old_gate,F_E_reference,fixed_three_hidden,0.9001515192729853,0.00272196496534372,0.708153265166643,0.006193537416397996,see source numerical limits,outputs/prefix_attention_gate/full/group_detection/detection.csv
qwen3_vl_8b,old_gate,attention_raw_prompt,fixed_three_hidden,0.8591651513701472,0.0024562947106606774,0.588862726301861,0.003939565229773044,see source numerical limits,outputs/prefix_attention_gate/full/group_detection/detection.csv
qwen3_vl_8b,old_gate,attention_raw_generation,fixed_three_hidden,0.8522813573763811,0.0014145580452543825,0.5497844602372105,0.008068369153135808,see source numerical limits,outputs/prefix_attention_gate/full/group_detection/detection.csv
qwen3_vl_8b,old_gate,attention_raw_visual,fixed_three_hidden,0.8553541420334508,0.0011620362506423033,0.5690470931289282,0.004636493439297662,see source numerical limits,outputs/prefix_attention_gate/full/group_detection/detection.csv
qwen3_vl_8b,old_gate,attention_raw_concat,fixed_three_hidden,0.8809109427562651,0.0024683310817941845,0.6271486732278334,0.009335577236150692,see source numerical limits,outputs/prefix_attention_gate/full/group_detection/detection.csv
qwen3_vl_8b,old_gate,attention_raw_visual_prompt_sum,fixed_three_hidden,0.8514134706516135,0.0021028876662382615,0.5466588191261187,0.0028308391841833694,see source numerical limits,outputs/prefix_attention_gate/full/group_detection/detection.csv
qwen3_vl_8b,old_gate,attention_log1p_prompt,fixed_three_hidden,0.8578296837583882,0.002714050387557619,0.5848198921401054,0.0063440151417029226,see source numerical limits,outputs/prefix_attention_gate/full/group_detection/detection.csv
qwen3_vl_8b,old_gate,attention_log1p_generation,fixed_three_hidden,0.8453774966375339,0.0026725336809195767,0.5374130160362013,0.004866196086646679,see source numerical limits,outputs/prefix_attention_gate/full/group_detection/detection.csv
qwen3_vl_8b,old_gate,attention_log1p_visual,fixed_three_hidden,0.8573184962907394,0.0017163515998264024,0.5719783260975343,0.004761121408438352,see source numerical limits,outputs/prefix_attention_gate/full/group_detection/detection.csv
qwen3_vl_8b,old_gate,attention_log1p_concat,fixed_three_hidden,0.8820290206296431,0.004826203516354962,0.6266759677700993,0.008951792012640182,see source numerical limits,outputs/prefix_attention_gate/full/group_detection/detection.csv
qwen3_vl_8b,old_gate,attention_log1p_visual_prompt_sum,fixed_three_hidden,0.84380431527635,0.005176264293060121,0.538719333634793,0.00826943732468849,see source numerical limits,outputs/prefix_attention_gate/full/group_detection/detection.csv
qwen3_vl_8b,old_gate,gated_raw_prompt,fixed_three_hidden,0.8285699254031614,0.0038452968675028007,0.5589774727741558,0.0010054373443494737,see source numerical limits,outputs/prefix_attention_gate/full/group_detection/detection.csv
qwen3_vl_8b,old_gate,gated_raw_generation,fixed_three_hidden,0.8527482950984661,0.003629325767902774,0.569025875908011,0.00582246089395657,see source numerical limits,outputs/prefix_attention_gate/full/group_detection/detection.csv
qwen3_vl_8b,old_gate,gated_raw_visual,fixed_three_hidden,0.8591466282208412,0.0017026039055378047,0.5633419408885915,0.004994139131326269,see source numerical limits,outputs/prefix_attention_gate/full/group_detection/detection.csv
qwen3_vl_8b,old_gate,gated_raw_concat,fixed_three_hidden,0.8990429191660055,0.0024511504100927423,0.6692841244026667,0.002208531057597542,see source numerical limits,outputs/prefix_attention_gate/full/group_detection/detection.csv
qwen3_vl_8b,old_gate,gated_raw_visual_prompt_sum,fixed_three_hidden,0.8550952038421128,0.0025338647200311634,0.5823326733932787,0.0045638088326235525,see source numerical limits,outputs/prefix_attention_gate/full/group_detection/detection.csv
qwen3_vl_8b,old_gate,gated_log1p_prompt,fixed_three_hidden,0.8316846444121319,0.0031304523245235644,0.5642288804343425,0.006017028101599927,see source numerical limits,outputs/prefix_attention_gate/full/group_detection/detection.csv
qwen3_vl_8b,old_gate,gated_log1p_generation,fixed_three_hidden,0.8530992058714267,0.004350061363551035,0.5627144373336365,0.00670607504057449,see source numerical limits,outputs/prefix_attention_gate/full/group_detection/detection.csv
qwen3_vl_8b,old_gate,gated_log1p_visual,fixed_three_hidden,0.8600367684513722,0.0012943417985470844,0.5632691432355718,0.0031250665520277596,see source numerical limits,outputs/prefix_attention_gate/full/group_detection/detection.csv
qwen3_vl_8b,old_gate,gated_log1p_concat,fixed_three_hidden,0.9016487661009903,0.0028156355007796915,0.6743605427005774,0.006728973056882081,see source numerical limits,outputs/prefix_attention_gate/full/group_detection/detection.csv
qwen3_vl_8b,old_gate,gated_log1p_visual_prompt_sum,fixed_three_hidden,0.861851265285457,0.0014974963527088613,0.5933425166207904,0.00029386455065285054,see source numerical limits,outputs/prefix_attention_gate/full/group_detection/detection.csv
qwen3_vl_8b,old_gate,F_E_reference,fixed_three_hidden,0.8865496981241195,0.0030478083329301894,0.6283199927748971,0.003527532443769331,see source numerical limits,outputs/prefix_attention_gate/full/group_detection/detection.csv
internvl_2_5_8b,old_gate,attention_raw_prompt,fixed_three_hidden,0.8397587042357825,0.004766093470401495,0.47213921020656024,0.008643917045333297,see source numerical limits,outputs/prefix_attention_gate/full/group_detection/detection.csv
internvl_2_5_8b,old_gate,attention_raw_generation,fixed_three_hidden,0.8405459929718125,0.0011173540663172027,0.4633038809722391,0.008638957591769417,see source numerical limits,outputs/prefix_attention_gate/full/group_detection/detection.csv
internvl_2_5_8b,old_gate,attention_raw_visual,fixed_three_hidden,0.834165571850222,0.003705927666233245,0.46924549021276635,0.008379619679840796,see source numerical limits,outputs/prefix_attention_gate/full/group_detection/detection.csv
internvl_2_5_8b,old_gate,attention_raw_concat,fixed_three_hidden,0.8600726673288972,0.0010652205412164672,0.5177461014048537,0.0028902875373480897,see source numerical limits,outputs/prefix_attention_gate/full/group_detection/detection.csv
internvl_2_5_8b,old_gate,attention_raw_visual_prompt_sum,fixed_three_hidden,0.8219857389031898,0.015039631896582787,0.44143951967139766,0.017188371626750902,see source numerical limits,outputs/prefix_attention_gate/full/group_detection/detection.csv
internvl_2_5_8b,old_gate,attention_log1p_prompt,fixed_three_hidden,0.8324358953818326,0.011932961689260203,0.45869503376529663,0.010319689766774338,see source numerical limits,outputs/prefix_attention_gate/full/group_detection/detection.csv
internvl_2_5_8b,old_gate,attention_log1p_generation,fixed_three_hidden,0.840235794979154,0.0030446674109429125,0.4611769338549001,0.012959417310836375,see source numerical limits,outputs/prefix_attention_gate/full/group_detection/detection.csv
internvl_2_5_8b,old_gate,attention_log1p_visual,fixed_three_hidden,0.8332169534551696,0.003296392578326805,0.4630177514596883,0.007448440066949657,see source numerical limits,outputs/prefix_attention_gate/full/group_detection/detection.csv
internvl_2_5_8b,old_gate,attention_log1p_concat,fixed_three_hidden,0.8550293909260188,0.005312544366673788,0.5094768445683906,0.013266958429991838,see source numerical limits,outputs/prefix_attention_gate/full/group_detection/detection.csv
internvl_2_5_8b,old_gate,attention_log1p_visual_prompt_sum,fixed_three_hidden,0.7791223399520772,0.03185647625013169,0.4006304853050586,0.024642287774707707,see source numerical limits,outputs/prefix_attention_gate/full/group_detection/detection.csv
internvl_2_5_8b,old_gate,gated_raw_prompt,fixed_three_hidden,0.8387172934713337,0.0017137927488672978,0.4921922777803717,0.006041215124422891,see source numerical limits,outputs/prefix_attention_gate/full/group_detection/detection.csv
internvl_2_5_8b,old_gate,gated_raw_generation,fixed_three_hidden,0.8335547443826125,0.0012603506378939,0.4503763839976688,0.006655114826799082,see source numerical limits,outputs/prefix_attention_gate/full/group_detection/detection.csv
internvl_2_5_8b,old_gate,gated_raw_visual,fixed_three_hidden,0.8354199377645807,0.002646683069615049,0.4761159318239973,0.0022389606612301083,see source numerical limits,outputs/prefix_attention_gate/full/group_detection/detection.csv
internvl_2_5_8b,old_gate,gated_raw_concat,fixed_three_hidden,0.8741239243205907,0.0017056776025886017,0.5641410249648707,0.0050654378595408455,see source numerical limits,outputs/prefix_attention_gate/full/group_detection/detection.csv
internvl_2_5_8b,old_gate,gated_raw_visual_prompt_sum,fixed_three_hidden,0.8375953291392072,0.004392312418694449,0.4679921887897367,0.010316751745500513,see source numerical limits,outputs/prefix_attention_gate/full/group_detection/detection.csv
internvl_2_5_8b,old_gate,gated_log1p_prompt,fixed_three_hidden,0.8300066045024549,0.00688979249415087,0.4727271669770525,0.006451061990096008,see source numerical limits,outputs/prefix_attention_gate/full/group_detection/detection.csv
internvl_2_5_8b,old_gate,gated_log1p_generation,fixed_three_hidden,0.8350122744055057,0.002040339688066044,0.45421167643736265,0.008821694543960139,see source numerical limits,outputs/prefix_attention_gate/full/group_detection/detection.csv
internvl_2_5_8b,old_gate,gated_log1p_visual,fixed_three_hidden,0.8371342600999042,0.0031235582465290886,0.47329427750605624,0.004179329663522217,see source numerical limits,outputs/prefix_attention_gate/full/group_detection/detection.csv
internvl_2_5_8b,old_gate,gated_log1p_concat,fixed_three_hidden,0.8738453246887339,0.0024806530263029093,0.5598732657059421,0.01202844759840154,see source numerical limits,outputs/prefix_attention_gate/full/group_detection/detection.csv
internvl_2_5_8b,old_gate,gated_log1p_visual_prompt_sum,fixed_three_hidden,0.8097745301190237,0.03332555827417498,0.4209040133462851,0.05031785344961872,see source numerical limits,outputs/prefix_attention_gate/full/group_detection/detection.csv
internvl_2_5_8b,old_gate,F_E_reference,fixed_three_hidden,0.8582539813934611,0.005868731996798687,0.5303403431153165,0.012005098836062829,see source numerical limits,outputs/prefix_attention_gate/full/group_detection/detection.csv
qwen2_5_vl_7b,old_strength,raw_prompt,fixed_three_hidden,0.8153906216008683,0.0018970522077485876,0.3383065489695675,0.010330432890107655,see source numerical limits,outputs/ffn_source_composition_v1/source_strength_detection/detection.csv
qwen2_5_vl_7b,old_strength,raw_generation,fixed_three_hidden,0.8004976475803769,0.0031449419920955243,0.3230350904986082,0.009721677969800384,see source numerical limits,outputs/ffn_source_composition_v1/source_strength_detection/detection.csv
qwen2_5_vl_7b,old_strength,raw_visual,fixed_three_hidden,0.8439095203321726,0.003006835524176037,0.37306854401641765,0.015726672742489057,see source numerical limits,outputs/ffn_source_composition_v1/source_strength_detection/detection.csv
qwen2_5_vl_7b,old_strength,raw_concat,fixed_three_hidden,0.8553588248367534,0.001458443092575756,0.4203866968047834,0.012796736377232304,see source numerical limits,outputs/ffn_source_composition_v1/source_strength_detection/detection.csv
qwen2_5_vl_7b,old_strength,raw_visual_prompt_sum,fixed_three_hidden,0.8316488339030647,0.0028247074629657786,0.3517369400201605,0.006382675319354789,see source numerical limits,outputs/ffn_source_composition_v1/source_strength_detection/detection.csv
qwen2_5_vl_7b,old_strength,log1p_prompt,fixed_three_hidden,0.8245733483380193,0.000844001250073388,0.35144679699304476,0.01039169361712118,see source numerical limits,outputs/ffn_source_composition_v1/source_strength_detection/detection.csv
qwen2_5_vl_7b,old_strength,log1p_generation,fixed_three_hidden,0.8097474015199889,0.0024899039658365318,0.337134218488854,0.009831609808369465,see source numerical limits,outputs/ffn_source_composition_v1/source_strength_detection/detection.csv
qwen2_5_vl_7b,old_strength,log1p_visual,fixed_three_hidden,0.8477418300307736,0.004142926627097189,0.38485446515262894,0.009364536985040502,see source numerical limits,outputs/ffn_source_composition_v1/source_strength_detection/detection.csv
qwen2_5_vl_7b,old_strength,log1p_concat,fixed_three_hidden,0.8561678549296157,0.0010319855704241444,0.42017980360207136,0.0030850382706880983,see source numerical limits,outputs/ffn_source_composition_v1/source_strength_detection/detection.csv
qwen2_5_vl_7b,old_strength,log1p_visual_prompt_sum,fixed_three_hidden,0.8352483122668012,0.0036544811739871405,0.3515248381797371,0.005529390154636208,see source numerical limits,outputs/ffn_source_composition_v1/source_strength_detection/detection.csv
qwen2_5_vl_7b,old_strength,F_E,fixed_three_hidden,0.874488623602277,0.0008451358710269548,0.43982126471102706,0.016776119232432937,see source numerical limits,outputs/ffn_source_composition_v1/source_strength_detection/detection.csv
qwen2_5_vl_7b,old_strength,F_C,fixed_three_hidden,0.8718157669146674,0.0030618829650429593,0.4556788070614475,0.0020380960147070447,see source numerical limits,outputs/ffn_source_composition_v1/source_strength_detection/detection.csv
qwen2_5_vl_7b,old_strength,share_concat,fixed_three_hidden,0.8577312350291216,0.001095120824996052,0.4266091512324722,0.01119687243243626,see source numerical limits,outputs/ffn_source_composition_v1/source_strength_detection/detection.csv
llava_1_5_7b,old_strength,raw_prompt,fixed_three_hidden,0.8888814293202332,0.0003534739704229534,0.7042218190134601,0.0029321687687594283,see source numerical limits,outputs/ffn_source_composition_v1/source_strength_detection/detection.csv
llava_1_5_7b,old_strength,raw_generation,fixed_three_hidden,0.8778537431954746,0.0006949699730353231,0.6406119996586518,0.00048436475324946246,see source numerical limits,outputs/ffn_source_composition_v1/source_strength_detection/detection.csv
llava_1_5_7b,old_strength,raw_visual,fixed_three_hidden,0.8842064018918494,0.0007531201186760617,0.6821849435211789,0.0024706346833154786,see source numerical limits,outputs/ffn_source_composition_v1/source_strength_detection/detection.csv
llava_1_5_7b,old_strength,raw_concat,fixed_three_hidden,0.9005197068621023,0.0011242897508486186,0.7089901579623757,0.005586479851363411,see source numerical limits,outputs/ffn_source_composition_v1/source_strength_detection/detection.csv
llava_1_5_7b,old_strength,raw_visual_prompt_sum,fixed_three_hidden,0.8891686870200997,0.0016045148310056862,0.6974086750660632,0.0031351239214307963,see source numerical limits,outputs/ffn_source_composition_v1/source_strength_detection/detection.csv
llava_1_5_7b,old_strength,log1p_prompt,fixed_three_hidden,0.8905545269710672,0.0014139795010303256,0.706170166650527,0.0038980239806749774,see source numerical limits,outputs/ffn_source_composition_v1/source_strength_detection/detection.csv
llava_1_5_7b,old_strength,log1p_generation,fixed_three_hidden,0.8789484670489953,0.0018292247816983857,0.6360416230759459,0.002608029790930555,see source numerical limits,outputs/ffn_source_composition_v1/source_strength_detection/detection.csv
llava_1_5_7b,old_strength,log1p_visual,fixed_three_hidden,0.889435205832971,0.0009531586998288802,0.6882422996484387,0.0012331607972003926,see source numerical limits,outputs/ffn_source_composition_v1/source_strength_detection/detection.csv
llava_1_5_7b,old_strength,log1p_concat,fixed_three_hidden,0.8997367415330841,0.003076881887280514,0.703385529003285,0.006262016104811836,see source numerical limits,outputs/ffn_source_composition_v1/source_strength_detection/detection.csv
llava_1_5_7b,old_strength,log1p_visual_prompt_sum,fixed_three_hidden,0.8935257824878522,0.0015768157582321093,0.7009691676555873,0.0017571426887528952,see source numerical limits,outputs/ffn_source_composition_v1/source_strength_detection/detection.csv
llava_1_5_7b,old_strength,F_E,fixed_three_hidden,0.9001515192729853,0.00272196496534372,0.708153265166643,0.006193537416397996,see source numerical limits,outputs/ffn_source_composition_v1/source_strength_detection/detection.csv
llava_1_5_7b,old_strength,F_C,fixed_three_hidden,0.9010108808740968,0.0008056630844659982,0.712237436485016,0.0025072604849356514,see source numerical limits,outputs/ffn_source_composition_v1/source_strength_detection/detection.csv
llava_1_5_7b,old_strength,share_concat,fixed_three_hidden,0.8960658620750191,0.0008362564845918748,0.6877815985492841,0.0027128593638305865,see source numerical limits,outputs/ffn_source_composition_v1/source_strength_detection/detection.csv
qwen3_vl_8b,old_strength,raw_prompt,fixed_three_hidden,0.8408506447599554,0.0018398215545074998,0.5312521505854386,0.008945687692963864,see source numerical limits,outputs/ffn_source_composition_v1/source_strength_detection/detection.csv
qwen3_vl_8b,old_strength,raw_generation,fixed_three_hidden,0.8577059388303866,0.0024139156555164657,0.5522448375067673,0.005270758194457394,see source numerical limits,outputs/ffn_source_composition_v1/source_strength_detection/detection.csv
qwen3_vl_8b,old_strength,raw_visual,fixed_three_hidden,0.8639870873068061,0.0027491718345327328,0.5570425151434918,0.00640476507257428,see source numerical limits,outputs/ffn_source_composition_v1/source_strength_detection/detection.csv
qwen3_vl_8b,old_strength,raw_concat,fixed_three_hidden,0.9020212872148079,0.0011076010658584686,0.6635123438224694,0.006251691405685851,see source numerical limits,outputs/ffn_source_composition_v1/source_strength_detection/detection.csv
qwen3_vl_8b,old_strength,raw_visual_prompt_sum,fixed_three_hidden,0.8603075408769888,0.0038210466606773547,0.5685732601675824,0.00874313128259825,see source numerical limits,outputs/ffn_source_composition_v1/source_strength_detection/detection.csv
qwen3_vl_8b,old_strength,log1p_prompt,fixed_three_hidden,0.858956637307475,0.0024843591574752796,0.5611654082979215,0.011436601881234822,see source numerical limits,outputs/ffn_source_composition_v1/source_strength_detection/detection.csv
qwen3_vl_8b,old_strength,log1p_generation,fixed_three_hidden,0.8568078233550157,0.008011678357301965,0.5559350166902569,0.024437120137194002,see source numerical limits,outputs/ffn_source_composition_v1/source_strength_detection/detection.csv
qwen3_vl_8b,old_strength,log1p_visual,fixed_three_hidden,0.8690557413015805,0.006638296291099877,0.5695693297419201,0.016247171912540888,see source numerical limits,outputs/ffn_source_composition_v1/source_strength_detection/detection.csv
qwen3_vl_8b,old_strength,log1p_concat,fixed_three_hidden,0.9014105378196401,0.003231230385050744,0.6573992479553453,0.007522350259446642,see source numerical limits,outputs/ffn_source_composition_v1/source_strength_detection/detection.csv
qwen3_vl_8b,old_strength,log1p_visual_prompt_sum,fixed_three_hidden,0.8631246031672527,0.007044900872043282,0.5857019702964129,0.008383663246759345,see source numerical limits,outputs/ffn_source_composition_v1/source_strength_detection/detection.csv
qwen3_vl_8b,old_strength,F_E,fixed_three_hidden,0.8865496981241195,0.0030478083329301894,0.6283199927748971,0.003527532443769331,see source numerical limits,outputs/ffn_source_composition_v1/source_strength_detection/detection.csv
qwen3_vl_8b,old_strength,F_C,fixed_three_hidden,0.886070926167756,0.0032251772805136966,0.6262662611335135,0.0077036437926857595,see source numerical limits,outputs/ffn_source_composition_v1/source_strength_detection/detection.csv
qwen3_vl_8b,old_strength,share_concat,fixed_three_hidden,0.8940385816618764,0.0040547511176446316,0.6471133478208343,0.010601076689027052,see source numerical limits,outputs/ffn_source_composition_v1/source_strength_detection/detection.csv
internvl_2_5_8b,old_strength,raw_prompt,fixed_three_hidden,0.8512863203130285,0.0019277602273959549,0.5107032019144162,0.0028604988465553605,see source numerical limits,outputs/ffn_source_composition_v1/source_strength_detection/detection.csv
internvl_2_5_8b,old_strength,raw_generation,fixed_three_hidden,0.8330438300417633,0.003575263163470793,0.4667609707340357,0.01371208708831712,see source numerical limits,outputs/ffn_source_composition_v1/source_strength_detection/detection.csv
internvl_2_5_8b,old_strength,raw_visual,fixed_three_hidden,0.8384671768689319,0.0011947981833488604,0.5050527762411816,0.0037402273203771363,see source numerical limits,outputs/ffn_source_composition_v1/source_strength_detection/detection.csv
internvl_2_5_8b,old_strength,raw_concat,fixed_three_hidden,0.8704044412163677,0.0012239324031541646,0.5707139999792389,0.006295144037339804,see source numerical limits,outputs/ffn_source_composition_v1/source_strength_detection/detection.csv
internvl_2_5_8b,old_strength,raw_visual_prompt_sum,fixed_three_hidden,0.8446159508525328,0.0025321733045613436,0.5008952897337756,0.0019052175965840472,see source numerical limits,outputs/ffn_source_composition_v1/source_strength_detection/detection.csv
internvl_2_5_8b,old_strength,log1p_prompt,fixed_three_hidden,0.8543765064852297,0.0027911884921429974,0.5148779813107925,0.011302066855631641,see source numerical limits,outputs/ffn_source_composition_v1/source_strength_detection/detection.csv
internvl_2_5_8b,old_strength,log1p_generation,fixed_three_hidden,0.837458254559955,0.00262892418094157,0.4796359443105933,0.002712678515609877,see source numerical limits,outputs/ffn_source_composition_v1/source_strength_detection/detection.csv
internvl_2_5_8b,old_strength,log1p_visual,fixed_three_hidden,0.8472274886156891,0.0026881875122135817,0.5184300785296013,0.0025548079671009424,see source numerical limits,outputs/ffn_source_composition_v1/source_strength_detection/detection.csv
internvl_2_5_8b,old_strength,log1p_concat,fixed_three_hidden,0.8678658912161897,0.002627307099547048,0.5502904877738554,0.0097125331919768,see source numerical limits,outputs/ffn_source_composition_v1/source_strength_detection/detection.csv
internvl_2_5_8b,old_strength,log1p_visual_prompt_sum,fixed_three_hidden,0.8430266868184099,0.0058521736897120865,0.496073980934517,0.014068426528112701,see source numerical limits,outputs/ffn_source_composition_v1/source_strength_detection/detection.csv
internvl_2_5_8b,old_strength,F_E,fixed_three_hidden,0.8582539813934611,0.005868731996798687,0.5303403431153165,0.012005098836062829,see source numerical limits,outputs/ffn_source_composition_v1/source_strength_detection/detection.csv
internvl_2_5_8b,old_strength,F_C,fixed_three_hidden,0.8489498218030468,0.005999741104978822,0.5089028840219793,0.007019219831781086,see source numerical limits,outputs/ffn_source_composition_v1/source_strength_detection/detection.csv
internvl_2_5_8b,old_strength,share_concat,fixed_three_hidden,0.8647443292068545,0.0013163595531530685,0.5197238451353047,0.017782607456289012,see source numerical limits,outputs/ffn_source_composition_v1/source_strength_detection/detection.csv
qwen2_5_vl_7b,old_fusion,attention_raw_prompt,fixed_three_hidden,0.8291229666945359,0.004372034507769138,0.3635226046386964,0.011687096276405094,see source numerical limits,outputs/ffn_source_composition_v1/attention_strength_fusion/detection.csv
qwen2_5_vl_7b,old_fusion,attention_raw_generation,fixed_three_hidden,0.8044910577480505,0.00401363450057256,0.35174003565070944,0.016184348036221548,see source numerical limits,outputs/ffn_source_composition_v1/attention_strength_fusion/detection.csv
qwen2_5_vl_7b,old_fusion,attention_raw_visual,fixed_three_hidden,0.8506275274840928,0.00432000117487901,0.38084815390893895,0.005184327208824722,see source numerical limits,outputs/ffn_source_composition_v1/attention_strength_fusion/detection.csv
qwen2_5_vl_7b,old_fusion,attention_raw_concat,fixed_three_hidden,0.8548578846920453,0.005276077111424402,0.43824275296488485,0.009541689601490376,see source numerical limits,outputs/ffn_source_composition_v1/attention_strength_fusion/detection.csv
qwen2_5_vl_7b,old_fusion,attention_raw_visual_prompt_sum,fixed_three_hidden,0.8387437220793484,0.0006771136365591096,0.36773242975372783,0.01203189331617073,see source numerical limits,outputs/ffn_source_composition_v1/attention_strength_fusion/detection.csv
qwen2_5_vl_7b,old_fusion,attention_log1p_prompt,fixed_three_hidden,0.8436684575864798,0.0011487466939483233,0.38824773079022307,0.007101750739038686,see source numerical limits,outputs/ffn_source_composition_v1/attention_strength_fusion/detection.csv
qwen2_5_vl_7b,old_fusion,attention_log1p_generation,fixed_three_hidden,0.8212702007641101,0.010447601951057414,0.37788593746987825,0.020023491589794436,see source numerical limits,outputs/ffn_source_composition_v1/attention_strength_fusion/detection.csv
qwen2_5_vl_7b,old_fusion,attention_log1p_visual,fixed_three_hidden,0.8459738405763869,0.0030540601125790957,0.38984017248394504,0.008280805982995416,see source numerical limits,outputs/ffn_source_composition_v1/attention_strength_fusion/detection.csv
qwen2_5_vl_7b,old_fusion,attention_log1p_concat,fixed_three_hidden,0.8540541462204301,0.004223067480987431,0.4090050749726331,0.015778867941167826,see source numerical limits,outputs/ffn_source_composition_v1/attention_strength_fusion/detection.csv
qwen2_5_vl_7b,old_fusion,attention_log1p_visual_prompt_sum,fixed_three_hidden,0.8443840023706463,0.010688809752285762,0.3982246902200766,0.0120301922917699,see source numerical limits,outputs/ffn_source_composition_v1/attention_strength_fusion/detection.csv
qwen2_5_vl_7b,old_fusion,gated_raw_prompt,fixed_three_hidden,0.8398143934449748,0.004316972646434004,0.3816276778985162,0.011534379413455417,see source numerical limits,outputs/ffn_source_composition_v1/attention_strength_fusion/detection.csv
qwen2_5_vl_7b,old_fusion,gated_raw_generation,fixed_three_hidden,0.8049520167544487,0.0042145095765495225,0.35420814707387355,0.013828243101488382,see source numerical limits,outputs/ffn_source_composition_v1/attention_strength_fusion/detection.csv
qwen2_5_vl_7b,old_fusion,gated_raw_visual,fixed_three_hidden,0.8539771237333916,0.0016834030912114147,0.38310702966016447,0.0034608649382055845,see source numerical limits,outputs/ffn_source_composition_v1/attention_strength_fusion/detection.csv
qwen2_5_vl_7b,old_fusion,gated_raw_concat,fixed_three_hidden,0.8630928232680818,0.003980150096713394,0.4527801758955186,0.005277808497269027,see source numerical limits,outputs/ffn_source_composition_v1/attention_strength_fusion/detection.csv
qwen2_5_vl_7b,old_fusion,gated_raw_visual_prompt_sum,fixed_three_hidden,0.8468616570300364,0.001520619680655304,0.3857279087672925,0.006712495780147136,see source numerical limits,outputs/ffn_source_composition_v1/attention_strength_fusion/detection.csv
qwen2_5_vl_7b,old_fusion,gated_log1p_prompt,fixed_three_hidden,0.848466194183685,0.00472262767949375,0.3956827676009435,0.01227646356788225,see source numerical limits,outputs/ffn_source_composition_v1/attention_strength_fusion/detection.csv
qwen2_5_vl_7b,old_fusion,gated_log1p_generation,fixed_three_hidden,0.8358321544777111,0.0023436009919968618,0.3984150243443471,0.005038607130463792,see source numerical limits,outputs/ffn_source_composition_v1/attention_strength_fusion/detection.csv
qwen2_5_vl_7b,old_fusion,gated_log1p_visual,fixed_three_hidden,0.8484420879091158,0.005683298177282312,0.4002302582702002,0.007170832440213759,see source numerical limits,outputs/ffn_source_composition_v1/attention_strength_fusion/detection.csv
qwen2_5_vl_7b,old_fusion,gated_log1p_concat,fixed_three_hidden,0.8679587629835807,0.00661112200715978,0.4444860731979703,0.009278869726826181,see source numerical limits,outputs/ffn_source_composition_v1/attention_strength_fusion/detection.csv
qwen2_5_vl_7b,old_fusion,gated_log1p_visual_prompt_sum,fixed_three_hidden,0.8591023528899896,0.006517740858127912,0.4255207367685901,0.01185779620565712,see source numerical limits,outputs/ffn_source_composition_v1/attention_strength_fusion/detection.csv
llava_1_5_7b,old_fusion,attention_raw_prompt,fixed_three_hidden,0.8996511815667372,0.00025919947045373277,0.7120278448950351,0.0008116376762313488,see source numerical limits,outputs/ffn_source_composition_v1/attention_strength_fusion/detection.csv
llava_1_5_7b,old_fusion,attention_raw_generation,fixed_three_hidden,0.8836519501595351,0.0012188070601231982,0.6528662017249228,0.0037015093520815184,see source numerical limits,outputs/ffn_source_composition_v1/attention_strength_fusion/detection.csv
llava_1_5_7b,old_fusion,attention_raw_visual,fixed_three_hidden,0.8894765871470218,0.0007064824483685382,0.6879770629494232,0.00144697672115299,see source numerical limits,outputs/ffn_source_composition_v1/attention_strength_fusion/detection.csv
llava_1_5_7b,old_fusion,attention_raw_concat,fixed_three_hidden,0.9008651299054943,0.0003889345143572723,0.7066921913675096,0.008218680890471704,see source numerical limits,outputs/ffn_source_composition_v1/attention_strength_fusion/detection.csv
llava_1_5_7b,old_fusion,attention_raw_visual_prompt_sum,fixed_three_hidden,0.8968096646685955,0.0008639287782656196,0.7088732699031851,0.003985843630198726,see source numerical limits,outputs/ffn_source_composition_v1/attention_strength_fusion/detection.csv
llava_1_5_7b,old_fusion,attention_log1p_prompt,fixed_three_hidden,0.8976643961926105,0.0018999772488665725,0.7061370360021629,0.00526455787573131,see source numerical limits,outputs/ffn_source_composition_v1/attention_strength_fusion/detection.csv
llava_1_5_7b,old_fusion,attention_log1p_generation,fixed_three_hidden,0.8876822393522215,0.0008793969500936231,0.6626435341691116,0.0004930154699052903,see source numerical limits,outputs/ffn_source_composition_v1/attention_strength_fusion/detection.csv
llava_1_5_7b,old_fusion,attention_log1p_visual,fixed_three_hidden,0.893161453296316,0.002474485845011108,0.6852701425204234,0.010390828832629817,see source numerical limits,outputs/ffn_source_composition_v1/attention_strength_fusion/detection.csv
llava_1_5_7b,old_fusion,attention_log1p_concat,fixed_three_hidden,0.9012465325063245,0.0016642812264511802,0.7022679442520078,0.009992887945617283,see source numerical limits,outputs/ffn_source_composition_v1/attention_strength_fusion/detection.csv
llava_1_5_7b,old_fusion,attention_log1p_visual_prompt_sum,fixed_three_hidden,0.897377717252381,0.0010218744643341376,0.7032499820631749,0.0025083863327096598,see source numerical limits,outputs/ffn_source_composition_v1/attention_strength_fusion/detection.csv
llava_1_5_7b,old_fusion,gated_raw_prompt,fixed_three_hidden,0.8916399906703947,0.002063450806868408,0.705622457809511,0.005040965222796207,see source numerical limits,outputs/ffn_source_composition_v1/attention_strength_fusion/detection.csv
llava_1_5_7b,old_fusion,gated_raw_generation,fixed_three_hidden,0.8806221434594663,0.0009157101739180772,0.6487776366435006,0.001993823025006949,see source numerical limits,outputs/ffn_source_composition_v1/attention_strength_fusion/detection.csv
llava_1_5_7b,old_fusion,gated_raw_visual,fixed_three_hidden,0.8911962749486401,0.0006071944102752302,0.6949217742306363,0.0024316730384016188,see source numerical limits,outputs/ffn_source_composition_v1/attention_strength_fusion/detection.csv
llava_1_5_7b,old_fusion,gated_raw_concat,fixed_three_hidden,0.9048154538083252,0.0022134714717569393,0.7219361212517027,0.002524358096310071,see source numerical limits,outputs/ffn_source_composition_v1/attention_strength_fusion/detection.csv
llava_1_5_7b,old_fusion,gated_raw_visual_prompt_sum,fixed_three_hidden,0.8912827030544426,0.001754679488963858,0.6939632370559533,0.005338883015530874,see source numerical limits,outputs/ffn_source_composition_v1/attention_strength_fusion/detection.csv
llava_1_5_7b,old_fusion,gated_log1p_prompt,fixed_three_hidden,0.8931758258273031,0.001857294432378646,0.706173288270537,0.004134544821453707,see source numerical limits,outputs/ffn_source_composition_v1/attention_strength_fusion/detection.csv
llava_1_5_7b,old_fusion,gated_log1p_generation,fixed_three_hidden,0.8852537639150698,0.0012538897846819928,0.6681367628559366,0.0041541476536363356,see source numerical limits,outputs/ffn_source_composition_v1/attention_strength_fusion/detection.csv
llava_1_5_7b,old_fusion,gated_log1p_visual,fixed_three_hidden,0.8937814013275589,0.00018518243425589225,0.688623029379043,0.0036634429969340998,see source numerical limits,outputs/ffn_source_composition_v1/attention_strength_fusion/detection.csv
llava_1_5_7b,old_fusion,gated_log1p_concat,fixed_three_hidden,0.9029640017293339,0.0007323071020656957,0.7125830563836141,0.007269712550212629,see source numerical limits,outputs/ffn_source_composition_v1/attention_strength_fusion/detection.csv
llava_1_5_7b,old_fusion,gated_log1p_visual_prompt_sum,fixed_three_hidden,0.8967304710582562,0.0007996873278439884,0.7039362761818837,0.005339628121044588,see source numerical limits,outputs/ffn_source_composition_v1/attention_strength_fusion/detection.csv
qwen3_vl_8b,old_fusion,attention_raw_prompt,fixed_three_hidden,0.8641824808053865,0.006249694169727981,0.5767539471108913,0.014350113532751068,see source numerical limits,outputs/ffn_source_composition_v1/attention_strength_fusion/detection.csv
qwen3_vl_8b,old_fusion,attention_raw_generation,fixed_three_hidden,0.8632947846015001,0.0026523199708991907,0.5720979829986629,0.009298852886597707,see source numerical limits,outputs/ffn_source_composition_v1/attention_strength_fusion/detection.csv
qwen3_vl_8b,old_fusion,attention_raw_visual,fixed_three_hidden,0.8656287014140366,0.00223615518439325,0.562544947450211,0.0034671574524355263,see source numerical limits,outputs/ffn_source_composition_v1/attention_strength_fusion/detection.csv
qwen3_vl_8b,old_fusion,attention_raw_concat,fixed_three_hidden,0.9009928665293895,0.005155070107224962,0.6567334719557297,0.013792493997362595,see source numerical limits,outputs/ffn_source_composition_v1/attention_strength_fusion/detection.csv
qwen3_vl_8b,old_fusion,attention_raw_visual_prompt_sum,fixed_three_hidden,0.8700466011564619,0.0016153704285107504,0.5924793760956305,0.010033369669883888,see source numerical limits,outputs/ffn_source_composition_v1/attention_strength_fusion/detection.csv
qwen3_vl_8b,old_fusion,attention_log1p_prompt,fixed_three_hidden,0.8799238132578413,0.008790651884314412,0.6160469298664629,0.019154506891306645,see source numerical limits,outputs/ffn_source_composition_v1/attention_strength_fusion/detection.csv
qwen3_vl_8b,old_fusion,attention_log1p_generation,fixed_three_hidden,0.8752137880149049,0.0011712172598286406,0.5991126839222484,0.018142211198142424,see source numerical limits,outputs/ffn_source_composition_v1/attention_strength_fusion/detection.csv
qwen3_vl_8b,old_fusion,attention_log1p_visual,fixed_three_hidden,0.8730904433927412,0.00464228015685351,0.5919764476328186,0.0030015454897101288,see source numerical limits,outputs/ffn_source_composition_v1/attention_strength_fusion/detection.csv
qwen3_vl_8b,old_fusion,attention_log1p_concat,fixed_three_hidden,0.9008325898347015,0.0013631505834505897,0.6694089250206158,0.007531422771800988,see source numerical limits,outputs/ffn_source_composition_v1/attention_strength_fusion/detection.csv
qwen3_vl_8b,old_fusion,attention_log1p_visual_prompt_sum,fixed_three_hidden,0.8514947666957893,0.01977333186818628,0.5775304314347378,0.030639277604065897,see source numerical limits,outputs/ffn_source_composition_v1/attention_strength_fusion/detection.csv
qwen3_vl_8b,old_fusion,gated_raw_prompt,fixed_three_hidden,0.8550290864897295,0.017426145520231907,0.5751829769185998,0.020580820751123798,see source numerical limits,outputs/ffn_source_composition_v1/attention_strength_fusion/detection.csv
qwen3_vl_8b,old_fusion,gated_raw_generation,fixed_three_hidden,0.8646954691347734,0.0042695186022753155,0.5800248683340815,0.013485322094857057,see source numerical limits,outputs/ffn_source_composition_v1/attention_strength_fusion/detection.csv
qwen3_vl_8b,old_fusion,gated_raw_visual,fixed_three_hidden,0.8672866519098911,0.001503364123533266,0.569541377374238,0.0019415669867114225,see source numerical limits,outputs/ffn_source_composition_v1/attention_strength_fusion/detection.csv
qwen3_vl_8b,old_fusion,gated_raw_concat,fixed_three_hidden,0.9052497177792391,0.001214392372923927,0.6663075521440543,0.004469363361180333,see source numerical limits,outputs/ffn_source_composition_v1/attention_strength_fusion/detection.csv
qwen3_vl_8b,old_fusion,gated_raw_visual_prompt_sum,fixed_three_hidden,0.8699147523506391,0.0008908115456471068,0.5966633990538474,0.003609250256375627,see source numerical limits,outputs/ffn_source_composition_v1/attention_strength_fusion/detection.csv
qwen3_vl_8b,old_fusion,gated_log1p_prompt,fixed_three_hidden,0.8739751810380579,0.007486571387489107,0.6244448924012489,0.010413462501894948,see source numerical limits,outputs/ffn_source_composition_v1/attention_strength_fusion/detection.csv
qwen3_vl_8b,old_fusion,gated_log1p_generation,fixed_three_hidden,0.8632159325839691,0.012368257114493233,0.5773011986006259,0.037993152993214006,see source numerical limits,outputs/ffn_source_composition_v1/attention_strength_fusion/detection.csv
qwen3_vl_8b,old_fusion,gated_log1p_visual,fixed_three_hidden,0.8767858116792572,0.0031312729869820617,0.5942450260190731,0.003924696595539185,see source numerical limits,outputs/ffn_source_composition_v1/attention_strength_fusion/detection.csv
qwen3_vl_8b,old_fusion,gated_log1p_concat,fixed_three_hidden,0.9087818508124973,0.0036571853407447005,0.6897207296963902,0.001796223145775752,see source numerical limits,outputs/ffn_source_composition_v1/attention_strength_fusion/detection.csv
qwen3_vl_8b,old_fusion,gated_log1p_visual_prompt_sum,fixed_three_hidden,0.8798852233634541,0.0019428682485835968,0.626268987487225,0.004161957607119985,see source numerical limits,outputs/ffn_source_composition_v1/attention_strength_fusion/detection.csv
internvl_2_5_8b,old_fusion,attention_raw_prompt,fixed_three_hidden,0.8765610035283352,0.002846123883416433,0.5629477105099171,0.012712649693332459,see source numerical limits,outputs/ffn_source_composition_v1/attention_strength_fusion/detection.csv
internvl_2_5_8b,old_fusion,attention_raw_generation,fixed_three_hidden,0.8358142497035984,0.0029702659870959034,0.47868268160050137,0.010713512524880486,see source numerical limits,outputs/ffn_source_composition_v1/attention_strength_fusion/detection.csv
internvl_2_5_8b,old_fusion,attention_raw_visual,fixed_three_hidden,0.8388570383345971,0.002335027356124167,0.4998182185110007,0.008655356868839514,see source numerical limits,outputs/ffn_source_composition_v1/attention_strength_fusion/detection.csv
internvl_2_5_8b,old_fusion,attention_raw_concat,fixed_three_hidden,0.8733299598745322,0.002745959784496132,0.5810860799956402,0.0056192584011828285,see source numerical limits,outputs/ffn_source_composition_v1/attention_strength_fusion/detection.csv
internvl_2_5_8b,old_fusion,attention_raw_visual_prompt_sum,fixed_three_hidden,0.8551390950941542,0.002554121655067477,0.5260330240349903,0.004999685820086933,see source numerical limits,outputs/ffn_source_composition_v1/attention_strength_fusion/detection.csv
internvl_2_5_8b,old_fusion,attention_log1p_prompt,fixed_three_hidden,0.8519392047538176,0.016825551573395266,0.5193563673755262,0.0411924035640405,see source numerical limits,outputs/ffn_source_composition_v1/attention_strength_fusion/detection.csv
internvl_2_5_8b,old_fusion,attention_log1p_generation,fixed_three_hidden,0.851740713642303,0.004062790882826313,0.5153104096934642,0.010807569646016556,see source numerical limits,outputs/ffn_source_composition_v1/attention_strength_fusion/detection.csv
internvl_2_5_8b,old_fusion,attention_log1p_visual,fixed_three_hidden,0.8494727524219475,0.005419081701749898,0.5167734063706394,0.008115751379070979,see source numerical limits,outputs/ffn_source_composition_v1/attention_strength_fusion/detection.csv
internvl_2_5_8b,old_fusion,attention_log1p_concat,fixed_three_hidden,0.8693928486233796,0.002055232545374237,0.5459241402114225,0.013254503739081287,see source numerical limits,outputs/ffn_source_composition_v1/attention_strength_fusion/detection.csv
internvl_2_5_8b,old_fusion,attention_log1p_visual_prompt_sum,fixed_three_hidden,0.8458663113408743,0.007560455557747185,0.5137057397698231,0.0125066736560109,see source numerical limits,outputs/ffn_source_composition_v1/attention_strength_fusion/detection.csv
internvl_2_5_8b,old_fusion,gated_raw_prompt,fixed_three_hidden,0.8828239321534239,0.0018431547942615067,0.596716808361271,0.008804662174538732,see source numerical limits,outputs/ffn_source_composition_v1/attention_strength_fusion/detection.csv
internvl_2_5_8b,old_fusion,gated_raw_generation,fixed_three_hidden,0.8366449305548138,0.005091840058453427,0.488255369953097,0.013504534990221648,see source numerical limits,outputs/ffn_source_composition_v1/attention_strength_fusion/detection.csv
internvl_2_5_8b,old_fusion,gated_raw_visual,fixed_three_hidden,0.8431059052440818,0.000596904879092456,0.5040411925453929,0.006109577529241843,see source numerical limits,outputs/ffn_source_composition_v1/attention_strength_fusion/detection.csv
internvl_2_5_8b,old_fusion,gated_raw_concat,fixed_three_hidden,0.8728005760692708,0.001723139460059523,0.5862651876069193,0.0063984760163066385,see source numerical limits,outputs/ffn_source_composition_v1/attention_strength_fusion/detection.csv
internvl_2_5_8b,old_fusion,gated_raw_visual_prompt_sum,fixed_three_hidden,0.8569838162987016,0.0020020914282171637,0.5313183903028911,0.007920888945229064,see source numerical limits,outputs/ffn_source_composition_v1/attention_strength_fusion/detection.csv
internvl_2_5_8b,old_fusion,gated_log1p_prompt,fixed_three_hidden,0.8667664017744928,0.011985791331819899,0.5564329226995933,0.023621132046394558,see source numerical limits,outputs/ffn_source_composition_v1/attention_strength_fusion/detection.csv
internvl_2_5_8b,old_fusion,gated_log1p_generation,fixed_three_hidden,0.8474816106441082,0.0015830311818500404,0.510508594811138,0.010057994156587273,see source numerical limits,outputs/ffn_source_composition_v1/attention_strength_fusion/detection.csv
internvl_2_5_8b,old_fusion,gated_log1p_visual,fixed_three_hidden,0.849944725120964,0.002259518491788974,0.5194190532157864,0.0023252781977050542,see source numerical limits,outputs/ffn_source_composition_v1/attention_strength_fusion/detection.csv
internvl_2_5_8b,old_fusion,gated_log1p_concat,fixed_three_hidden,0.8681780919218568,0.004521517622201175,0.5646779529605407,0.023396485120751317,see source numerical limits,outputs/ffn_source_composition_v1/attention_strength_fusion/detection.csv
internvl_2_5_8b,old_fusion,gated_log1p_visual_prompt_sum,fixed_three_hidden,0.853528023740605,0.014194325462979744,0.5285325798138992,0.028238064809937735,see source numerical limits,outputs/ffn_source_composition_v1/attention_strength_fusion/detection.csv
qwen2_5_vl_7b,old_cross_scale,attention_visual,fixed_three_hidden,0.8462437132599797,0.004714289617452631,0.38359796657145045,0.012055040041183797,see source numerical limits,outputs/ffn_source_composition_v1/raw_attention_log_strength_mlp/trees_detection.csv
qwen2_5_vl_7b,old_cross_scale,attention_visual,one_hidden,0.8291406054320255,0.004017502975893338,0.3508195308651862,0.005464566669362305,see source numerical limits,outputs/ffn_source_composition_v1/raw_attention_log_strength_mlp/trees_detection.csv
qwen2_5_vl_7b,old_cross_scale,attention_visual,xgb,0.8188095968842933,0.0,0.3385352523054383,5.551115123125783e-17,see source numerical limits,outputs/ffn_source_composition_v1/raw_attention_log_strength_mlp/trees_detection.csv
qwen2_5_vl_7b,old_cross_scale,attention_visual,rf,0.8000396283635602,0.0017758780026406326,0.32551413337922325,0.0026077940196579724,see source numerical limits,outputs/ffn_source_composition_v1/raw_attention_log_strength_mlp/trees_detection.csv
qwen2_5_vl_7b,old_cross_scale,attention_visual_prompt_sum,fixed_three_hidden,0.8407774685119138,0.017562343155069025,0.3879191398009418,0.029391585005631854,see source numerical limits,outputs/ffn_source_composition_v1/raw_attention_log_strength_mlp/trees_detection.csv
qwen2_5_vl_7b,old_cross_scale,attention_visual_prompt_sum,one_hidden,0.8224037836267831,0.00037795039781638807,0.3321623473903488,0.002201721466770561,see source numerical limits,outputs/ffn_source_composition_v1/raw_attention_log_strength_mlp/trees_detection.csv
qwen2_5_vl_7b,old_cross_scale,attention_visual_prompt_sum,xgb,0.8375190057396451,0.0,0.38227154932751556,0.0,see source numerical limits,outputs/ffn_source_composition_v1/raw_attention_log_strength_mlp/trees_detection.csv
qwen2_5_vl_7b,old_cross_scale,attention_visual_prompt_sum,rf,0.8215283142893764,0.001635363909288142,0.37578976723791185,0.005843274020230024,see source numerical limits,outputs/ffn_source_composition_v1/raw_attention_log_strength_mlp/trees_detection.csv
qwen2_5_vl_7b,old_cross_scale,attention_generation,fixed_three_hidden,0.8253612119458937,0.006302974459451248,0.3697348058233578,0.016848584775572318,see source numerical limits,outputs/ffn_source_composition_v1/raw_attention_log_strength_mlp/trees_detection.csv
qwen2_5_vl_7b,old_cross_scale,attention_generation,one_hidden,0.7869810830420002,0.0009255686480402553,0.2835007322466774,0.0055734140830726465,see source numerical limits,outputs/ffn_source_composition_v1/raw_attention_log_strength_mlp/trees_detection.csv
qwen2_5_vl_7b,old_cross_scale,attention_generation,xgb,0.8170615979990616,0.0,0.3316697396838303,0.0,see source numerical limits,outputs/ffn_source_composition_v1/raw_attention_log_strength_mlp/trees_detection.csv
qwen2_5_vl_7b,old_cross_scale,attention_generation,rf,0.8133980322224456,0.0014397964548226161,0.33329844676372516,0.006152521956094918,see source numerical limits,outputs/ffn_source_composition_v1/raw_attention_log_strength_mlp/trees_detection.csv
qwen2_5_vl_7b,old_cross_scale,attention_vp_generation,fixed_three_hidden,0.8467475931942694,0.0027067181490359068,0.41736964096486845,0.025069877962526858,see source numerical limits,outputs/ffn_source_composition_v1/raw_attention_log_strength_mlp/trees_detection.csv
qwen2_5_vl_7b,old_cross_scale,attention_vp_generation,one_hidden,0.822066295782813,0.0010952859068749168,0.3454599648147462,0.00391071842686085,see source numerical limits,outputs/ffn_source_composition_v1/raw_attention_log_strength_mlp/trees_detection.csv
qwen2_5_vl_7b,old_cross_scale,attention_vp_generation,xgb,0.8540006420500447,1.1102230246251565e-16,0.410024722970774,5.551115123125783e-17,see source numerical limits,outputs/ffn_source_composition_v1/raw_attention_log_strength_mlp/trees_detection.csv
qwen2_5_vl_7b,old_cross_scale,attention_vp_generation,rf,0.8241800044919985,0.0021180269745335227,0.3821359730110532,0.005960357880416586,see source numerical limits,outputs/ffn_source_composition_v1/raw_attention_log_strength_mlp/trees_detection.csv
qwen2_5_vl_7b,old_cross_scale,gated_visual,fixed_three_hidden,0.8497320675775311,0.004354023650605566,0.4048896801574186,0.01077572084640904,see source numerical limits,outputs/ffn_source_composition_v1/raw_attention_log_strength_mlp/trees_detection.csv
qwen2_5_vl_7b,old_cross_scale,gated_visual,one_hidden,0.8271885851498292,0.006491208987756019,0.3508499806107177,0.01417417215623846,see source numerical limits,outputs/ffn_source_composition_v1/raw_attention_log_strength_mlp/trees_detection.csv
qwen2_5_vl_7b,old_cross_scale,gated_visual,xgb,0.8276272017554072,0.0,0.35382339936371093,5.551115123125783e-17,see source numerical limits,outputs/ffn_source_composition_v1/raw_attention_log_strength_mlp/trees_detection.csv
qwen2_5_vl_7b,old_cross_scale,gated_visual,rf,0.8043922808181082,0.001695801917170093,0.33007597290502017,0.008045004422123242,see source numerical limits,outputs/ffn_source_composition_v1/raw_attention_log_strength_mlp/trees_detection.csv
qwen2_5_vl_7b,old_cross_scale,gated_visual_prompt_sum,fixed_three_hidden,0.8552847421392967,0.01062849094078257,0.4276635624592531,0.019141666260772537,see source numerical limits,outputs/ffn_source_composition_v1/raw_attention_log_strength_mlp/trees_detection.csv
qwen2_5_vl_7b,old_cross_scale,gated_visual_prompt_sum,one_hidden,0.8276483682403949,0.004123429309234489,0.3577017194504068,0.0028180599262160964,see source numerical limits,outputs/ffn_source_composition_v1/raw_attention_log_strength_mlp/trees_detection.csv
qwen2_5_vl_7b,old_cross_scale,gated_visual_prompt_sum,xgb,0.8484356203720362,0.0,0.40106333103101655,0.0,see source numerical limits,outputs/ffn_source_composition_v1/raw_attention_log_strength_mlp/trees_detection.csv
qwen2_5_vl_7b,old_cross_scale,gated_visual_prompt_sum,rf,0.8250184324806767,0.0014898821115756635,0.4057422089964781,0.0051608883377719785,see source numerical limits,outputs/ffn_source_composition_v1/raw_attention_log_strength_mlp/trees_detection.csv
qwen2_5_vl_7b,old_cross_scale,gated_generation,fixed_three_hidden,0.8386849262877161,0.005072654550691643,0.40378593616151853,0.010329469991477344,see source numerical limits,outputs/ffn_source_composition_v1/raw_attention_log_strength_mlp/trees_detection.csv
qwen2_5_vl_7b,old_cross_scale,gated_generation,one_hidden,0.7925061235816985,0.0022504786452442957,0.29379039990310296,0.005024225227916752,see source numerical limits,outputs/ffn_source_composition_v1/raw_attention_log_strength_mlp/trees_detection.csv
qwen2_5_vl_7b,old_cross_scale,gated_generation,xgb,0.8484338564982873,0.0,0.3881727623307126,0.0,see source numerical limits,outputs/ffn_source_composition_v1/raw_attention_log_strength_mlp/trees_detection.csv
qwen2_5_vl_7b,old_cross_scale,gated_generation,rf,0.8183210038558281,0.0013958480043903205,0.3499406754897469,0.004954670580630847,see source numerical limits,outputs/ffn_source_composition_v1/raw_attention_log_strength_mlp/trees_detection.csv
qwen2_5_vl_7b,old_cross_scale,gated_vp_generation,fixed_three_hidden,0.866347170334936,0.006602484619491636,0.4677978725640446,0.024752360857133327,see source numerical limits,outputs/ffn_source_composition_v1/raw_attention_log_strength_mlp/trees_detection.csv
qwen2_5_vl_7b,old_cross_scale,gated_vp_generation,one_hidden,0.8311067367042136,0.0023728507191903636,0.3900652708700152,0.006303708745533851,see source numerical limits,outputs/ffn_source_composition_v1/raw_attention_log_strength_mlp/trees_detection.csv
qwen2_5_vl_7b,old_cross_scale,gated_vp_generation,xgb,0.8658362349056504,0.0,0.4578274025032458,0.0,see source numerical limits,outputs/ffn_source_composition_v1/raw_attention_log_strength_mlp/trees_detection.csv
qwen2_5_vl_7b,old_cross_scale,gated_vp_generation,rf,0.8341647058270159,0.0016377523168909682,0.4141274937392468,0.0039265007276056176,see source numerical limits,outputs/ffn_source_composition_v1/raw_attention_log_strength_mlp/trees_detection.csv
llava_1_5_7b,old_cross_scale,attention_visual,fixed_three_hidden,0.8937884429031433,0.0015115466363507652,0.6862203135030507,0.005817512472178716,see source numerical limits,outputs/ffn_source_composition_v1/raw_attention_log_strength_mlp/trees_detection.csv
llava_1_5_7b,old_cross_scale,attention_visual,one_hidden,0.8900856352050998,0.0005449655023305517,0.6733063971169747,0.007950724887539135,see source numerical limits,outputs/ffn_source_composition_v1/raw_attention_log_strength_mlp/trees_detection.csv
llava_1_5_7b,old_cross_scale,attention_visual,xgb,0.8842454681673516,1.1102230246251565e-16,0.6491371188535647,0.0,see source numerical limits,outputs/ffn_source_composition_v1/raw_attention_log_strength_mlp/trees_detection.csv
llava_1_5_7b,old_cross_scale,attention_visual,rf,0.8831970450847969,0.00023481895913417952,0.6698556656164749,0.0020102049766888524,see source numerical limits,outputs/ffn_source_composition_v1/raw_attention_log_strength_mlp/trees_detection.csv
llava_1_5_7b,old_cross_scale,attention_visual_prompt_sum,fixed_three_hidden,0.8971968548657964,0.002863297801986239,0.6964046761894725,0.01048797261856432,see source numerical limits,outputs/ffn_source_composition_v1/raw_attention_log_strength_mlp/trees_detection.csv
llava_1_5_7b,old_cross_scale,attention_visual_prompt_sum,one_hidden,0.8781587495242112,0.0027457691438189905,0.6850912650771575,0.005277857801036762,see source numerical limits,outputs/ffn_source_composition_v1/raw_attention_log_strength_mlp/trees_detection.csv
llava_1_5_7b,old_cross_scale,attention_visual_prompt_sum,xgb,0.894159620750385,0.0,0.6855077828120649,1.1102230246251565e-16,see source numerical limits,outputs/ffn_source_composition_v1/raw_attention_log_strength_mlp/trees_detection.csv
llava_1_5_7b,old_cross_scale,attention_visual_prompt_sum,rf,0.8906826257707389,0.00029129231202959163,0.6902898013741144,0.0008417277649072946,see source numerical limits,outputs/ffn_source_composition_v1/raw_attention_log_strength_mlp/trees_detection.csv
llava_1_5_7b,old_cross_scale,attention_generation,fixed_three_hidden,0.8885627256800861,0.0014948735897955313,0.6626464427402049,0.004213870908874715,see source numerical limits,outputs/ffn_source_composition_v1/raw_attention_log_strength_mlp/trees_detection.csv
llava_1_5_7b,old_cross_scale,attention_generation,one_hidden,0.875789307570041,0.002943035049879983,0.65512270162968,0.006996181392914175,see source numerical limits,outputs/ffn_source_composition_v1/raw_attention_log_strength_mlp/trees_detection.csv
llava_1_5_7b,old_cross_scale,attention_generation,xgb,0.8823520560146726,1.1102230246251565e-16,0.6431591099258989,0.0,see source numerical limits,outputs/ffn_source_composition_v1/raw_attention_log_strength_mlp/trees_detection.csv
llava_1_5_7b,old_cross_scale,attention_generation,rf,0.8818756403734235,0.000641775821747528,0.6558257357314917,0.0034185756127617425,see source numerical limits,outputs/ffn_source_composition_v1/raw_attention_log_strength_mlp/trees_detection.csv
llava_1_5_7b,old_cross_scale,attention_vp_generation,fixed_three_hidden,0.9002137359339705,0.004380563339588556,0.700667306091431,0.015009294805148904,see source numerical limits,outputs/ffn_source_composition_v1/raw_attention_log_strength_mlp/trees_detection.csv
llava_1_5_7b,old_cross_scale,attention_vp_generation,one_hidden,0.8943263999858012,0.0031795949851722628,0.7042647276055461,0.0024646813392895386,see source numerical limits,outputs/ffn_source_composition_v1/raw_attention_log_strength_mlp/trees_detection.csv
llava_1_5_7b,old_cross_scale,attention_vp_generation,xgb,0.8959870543044378,1.1102230246251565e-16,0.6818578064483111,0.0,see source numerical limits,outputs/ffn_source_composition_v1/raw_attention_log_strength_mlp/trees_detection.csv
llava_1_5_7b,old_cross_scale,attention_vp_generation,rf,0.8918596299526632,0.00015764712065970696,0.6906913530895259,0.0014917150102088143,see source numerical limits,outputs/ffn_source_composition_v1/raw_attention_log_strength_mlp/trees_detection.csv
llava_1_5_7b,old_cross_scale,gated_visual,fixed_three_hidden,0.8950098186572429,0.0010240867627421969,0.6882827426598825,0.0019218482131548127,see source numerical limits,outputs/ffn_source_composition_v1/raw_attention_log_strength_mlp/trees_detection.csv
llava_1_5_7b,old_cross_scale,gated_visual,one_hidden,0.8882779759386468,0.002288648668039431,0.6631970294345287,0.010578535496678502,see source numerical limits,outputs/ffn_source_composition_v1/raw_attention_log_strength_mlp/trees_detection.csv
llava_1_5_7b,old_cross_scale,gated_visual,xgb,0.8888000171312852,1.1102230246251565e-16,0.6657741124627023,0.0,see source numerical limits,outputs/ffn_source_composition_v1/raw_attention_log_strength_mlp/trees_detection.csv
llava_1_5_7b,old_cross_scale,gated_visual,rf,0.8845220188139326,0.0004815897700867772,0.6735380839720014,0.0008412504603411864,see source numerical limits,outputs/ffn_source_composition_v1/raw_attention_log_strength_mlp/trees_detection.csv
llava_1_5_7b,old_cross_scale,gated_visual_prompt_sum,fixed_three_hidden,0.8969937102331841,0.00043114688276092033,0.7027590857220692,0.0008056319991004215,see source numerical limits,outputs/ffn_source_composition_v1/raw_attention_log_strength_mlp/trees_detection.csv
llava_1_5_7b,old_cross_scale,gated_visual_prompt_sum,one_hidden,0.8841463073495336,0.004745360901593632,0.6839726547517809,0.008254002507388378,see source numerical limits,outputs/ffn_source_composition_v1/raw_attention_log_strength_mlp/trees_detection.csv
llava_1_5_7b,old_cross_scale,gated_visual_prompt_sum,xgb,0.8927517879332086,1.1102230246251565e-16,0.6761031252994864,0.0,see source numerical limits,outputs/ffn_source_composition_v1/raw_attention_log_strength_mlp/trees_detection.csv
llava_1_5_7b,old_cross_scale,gated_visual_prompt_sum,rf,0.8931479489047843,0.0007809226680857501,0.6917624087771147,0.003187956891934845,see source numerical limits,outputs/ffn_source_composition_v1/raw_attention_log_strength_mlp/trees_detection.csv
llava_1_5_7b,old_cross_scale,gated_generation,fixed_three_hidden,0.8822759491223978,0.005043537595324441,0.6617141740651403,0.010701043621352161,see source numerical limits,outputs/ffn_source_composition_v1/raw_attention_log_strength_mlp/trees_detection.csv
llava_1_5_7b,old_cross_scale,gated_generation,one_hidden,0.8721213219101615,0.0013237438699587492,0.6477693574442932,0.005096641360133218,see source numerical limits,outputs/ffn_source_composition_v1/raw_attention_log_strength_mlp/trees_detection.csv
llava_1_5_7b,old_cross_scale,gated_generation,xgb,0.8849926468588111,0.0,0.6458779488423648,0.0,see source numerical limits,outputs/ffn_source_composition_v1/raw_attention_log_strength_mlp/trees_detection.csv
llava_1_5_7b,old_cross_scale,gated_generation,rf,0.8814690617283808,0.00039144303929890864,0.6461816361964857,0.003476721419959895,see source numerical limits,outputs/ffn_source_composition_v1/raw_attention_log_strength_mlp/trees_detection.csv
llava_1_5_7b,old_cross_scale,gated_vp_generation,fixed_three_hidden,0.9046986408215764,0.003056199364981223,0.7194709595496999,0.006017456501661914,see source numerical limits,outputs/ffn_source_composition_v1/raw_attention_log_strength_mlp/trees_detection.csv
llava_1_5_7b,old_cross_scale,gated_vp_generation,one_hidden,0.8960138701676224,0.0041611530590288485,0.7118650161438195,0.00711260708376815,see source numerical limits,outputs/ffn_source_composition_v1/raw_attention_log_strength_mlp/trees_detection.csv
llava_1_5_7b,old_cross_scale,gated_vp_generation,xgb,0.9051913581926031,0.0,0.7113365008688185,0.0,see source numerical limits,outputs/ffn_source_composition_v1/raw_attention_log_strength_mlp/trees_detection.csv
llava_1_5_7b,old_cross_scale,gated_vp_generation,rf,0.8979195327326194,0.00034904876475410425,0.7044274247361649,0.0021080182432187643,see source numerical limits,outputs/ffn_source_composition_v1/raw_attention_log_strength_mlp/trees_detection.csv
qwen3_vl_8b,old_cross_scale,attention_visual,fixed_three_hidden,0.8751641356841269,0.0019516013721587954,0.5957282604495133,0.009774475849526013,see source numerical limits,outputs/ffn_source_composition_v1/raw_attention_log_strength_mlp/trees_detection.csv
qwen3_vl_8b,old_cross_scale,attention_visual,one_hidden,0.8688278036587335,0.003963743230867596,0.5788801143457188,0.002375684075832939,see source numerical limits,outputs/ffn_source_composition_v1/raw_attention_log_strength_mlp/trees_detection.csv
qwen3_vl_8b,old_cross_scale,attention_visual,xgb,0.868111703851889,0.0,0.5898406166044479,0.0,see source numerical limits,outputs/ffn_source_composition_v1/raw_attention_log_strength_mlp/trees_detection.csv
qwen3_vl_8b,old_cross_scale,attention_visual,rf,0.8400171030411924,0.0008725633943460832,0.5396046707706489,0.0010327109423486091,see source numerical limits,outputs/ffn_source_composition_v1/raw_attention_log_strength_mlp/trees_detection.csv
qwen3_vl_8b,old_cross_scale,attention_visual_prompt_sum,fixed_three_hidden,0.8772463177522777,0.010912143327166484,0.6152721618289243,0.018427827395407038,see source numerical limits,outputs/ffn_source_composition_v1/raw_attention_log_strength_mlp/trees_detection.csv
qwen3_vl_8b,old_cross_scale,attention_visual_prompt_sum,one_hidden,0.8259088949192032,0.002031216651951497,0.5164975828607151,0.003943821340575878,see source numerical limits,outputs/ffn_source_composition_v1/raw_attention_log_strength_mlp/trees_detection.csv
qwen3_vl_8b,old_cross_scale,attention_visual_prompt_sum,xgb,0.878653691200578,0.0,0.5993321564576002,0.0,see source numerical limits,outputs/ffn_source_composition_v1/raw_attention_log_strength_mlp/trees_detection.csv
qwen3_vl_8b,old_cross_scale,attention_visual_prompt_sum,rf,0.847665620108731,0.0005499452153943605,0.5455814253779543,0.0008262930018000532,see source numerical limits,outputs/ffn_source_composition_v1/raw_attention_log_strength_mlp/trees_detection.csv
qwen3_vl_8b,old_cross_scale,attention_generation,fixed_three_hidden,0.8644940298860723,0.007171769528990953,0.5758614540742016,0.018009055897809254,see source numerical limits,outputs/ffn_source_composition_v1/raw_attention_log_strength_mlp/trees_detection.csv
qwen3_vl_8b,old_cross_scale,attention_generation,one_hidden,0.8330898310997502,0.003082565224252303,0.5041739718308019,0.007838063191630005,see source numerical limits,outputs/ffn_source_composition_v1/raw_attention_log_strength_mlp/trees_detection.csv
qwen3_vl_8b,old_cross_scale,attention_generation,xgb,0.8685496991531835,1.1102230246251565e-16,0.5715655412446087,0.0,see source numerical limits,outputs/ffn_source_composition_v1/raw_attention_log_strength_mlp/trees_detection.csv
qwen3_vl_8b,old_cross_scale,attention_generation,rf,0.8531456423776725,0.0009006746506614963,0.5452462633458245,0.0012126586295617072,see source numerical limits,outputs/ffn_source_composition_v1/raw_attention_log_strength_mlp/trees_detection.csv
qwen3_vl_8b,old_cross_scale,attention_vp_generation,fixed_three_hidden,0.892890146404914,0.001095833434850837,0.6413482278038746,0.00966377671309038,see source numerical limits,outputs/ffn_source_composition_v1/raw_attention_log_strength_mlp/trees_detection.csv
qwen3_vl_8b,old_cross_scale,attention_vp_generation,one_hidden,0.8574512455274311,0.0006550525924762213,0.5604395626696103,0.0003554571710177418,see source numerical limits,outputs/ffn_source_composition_v1/raw_attention_log_strength_mlp/trees_detection.csv
qwen3_vl_8b,old_cross_scale,attention_vp_generation,xgb,0.8905609890126853,0.0,0.6295607393914338,0.0,see source numerical limits,outputs/ffn_source_composition_v1/raw_attention_log_strength_mlp/trees_detection.csv
qwen3_vl_8b,old_cross_scale,attention_vp_generation,rf,0.8585621199538568,0.0008068441177852217,0.5656852511273333,0.0010296548024305583,see source numerical limits,outputs/ffn_source_composition_v1/raw_attention_log_strength_mlp/trees_detection.csv
qwen3_vl_8b,old_cross_scale,gated_visual,fixed_three_hidden,0.8774418398838394,0.0030477411813259326,0.5963792343475965,0.00440792107672201,see source numerical limits,outputs/ffn_source_composition_v1/raw_attention_log_strength_mlp/trees_detection.csv
qwen3_vl_8b,old_cross_scale,gated_visual,one_hidden,0.8712598674359947,0.0006259576670884009,0.5832772665525691,0.001683848834310534,see source numerical limits,outputs/ffn_source_composition_v1/raw_attention_log_strength_mlp/trees_detection.csv
qwen3_vl_8b,old_cross_scale,gated_visual,xgb,0.8713825833001461,0.0,0.5933573294854575,0.0,see source numerical limits,outputs/ffn_source_composition_v1/raw_attention_log_strength_mlp/trees_detection.csv
qwen3_vl_8b,old_cross_scale,gated_visual,rf,0.8440451162173259,0.0009398778256493427,0.5487841142034866,0.00418065821436583,see source numerical limits,outputs/ffn_source_composition_v1/raw_attention_log_strength_mlp/trees_detection.csv
qwen3_vl_8b,old_cross_scale,gated_visual_prompt_sum,fixed_three_hidden,0.8834990383398318,0.0022805626138928214,0.6237923605851415,0.00934979662193516,see source numerical limits,outputs/ffn_source_composition_v1/raw_attention_log_strength_mlp/trees_detection.csv
qwen3_vl_8b,old_cross_scale,gated_visual_prompt_sum,one_hidden,0.8591632218754276,0.007189282730261308,0.5881114785266711,0.011111970186996167,see source numerical limits,outputs/ffn_source_composition_v1/raw_attention_log_strength_mlp/trees_detection.csv
qwen3_vl_8b,old_cross_scale,gated_visual_prompt_sum,xgb,0.8925715225102572,1.1102230246251565e-16,0.645070307106223,0.0,see source numerical limits,outputs/ffn_source_composition_v1/raw_attention_log_strength_mlp/trees_detection.csv
qwen3_vl_8b,old_cross_scale,gated_visual_prompt_sum,rf,0.8635875532669176,0.0007827138176235925,0.6132457726561854,0.0008065739188895897,see source numerical limits,outputs/ffn_source_composition_v1/raw_attention_log_strength_mlp/trees_detection.csv
qwen3_vl_8b,old_cross_scale,gated_generation,fixed_three_hidden,0.8659778113252594,0.008602731875297639,0.5831309281365956,0.024115581245929437,see source numerical limits,outputs/ffn_source_composition_v1/raw_attention_log_strength_mlp/trees_detection.csv
qwen3_vl_8b,old_cross_scale,gated_generation,one_hidden,0.8330186970610965,0.00090590363158016,0.5128926153547192,0.003774892509293411,see source numerical limits,outputs/ffn_source_composition_v1/raw_attention_log_strength_mlp/trees_detection.csv
qwen3_vl_8b,old_cross_scale,gated_generation,xgb,0.8701747196058274,0.0,0.5846531607715574,0.0,see source numerical limits,outputs/ffn_source_composition_v1/raw_attention_log_strength_mlp/trees_detection.csv
qwen3_vl_8b,old_cross_scale,gated_generation,rf,0.8470983486612393,0.0007182087016519498,0.5440725993726154,0.003586042529349614,see source numerical limits,outputs/ffn_source_composition_v1/raw_attention_log_strength_mlp/trees_detection.csv
qwen3_vl_8b,old_cross_scale,gated_vp_generation,fixed_three_hidden,0.8966520179427574,0.0007263270828116417,0.6641066546195121,0.009725052278472472,see source numerical limits,outputs/ffn_source_composition_v1/raw_attention_log_strength_mlp/trees_detection.csv
qwen3_vl_8b,old_cross_scale,gated_vp_generation,one_hidden,0.8818915119726434,0.0031366035547410903,0.6300663665021776,0.004538630600677824,see source numerical limits,outputs/ffn_source_composition_v1/raw_attention_log_strength_mlp/trees_detection.csv
qwen3_vl_8b,old_cross_scale,gated_vp_generation,xgb,0.9099628302137263,0.0,0.6964582622462491,0.0,see source numerical limits,outputs/ffn_source_composition_v1/raw_attention_log_strength_mlp/trees_detection.csv
qwen3_vl_8b,old_cross_scale,gated_vp_generation,rf,0.876074857191664,0.0003777251370200198,0.6367566453033552,0.0011830371215656632,see source numerical limits,outputs/ffn_source_composition_v1/raw_attention_log_strength_mlp/trees_detection.csv
internvl_2_5_8b,old_cross_scale,attention_visual,fixed_three_hidden,0.8524418857189651,0.0019862544590492264,0.5234856033852099,0.004916887904941489,see source numerical limits,outputs/ffn_source_composition_v1/raw_attention_log_strength_mlp/trees_detection.csv
internvl_2_5_8b,old_cross_scale,attention_visual,one_hidden,0.8453436032456413,0.0033047864242992473,0.5237119618431517,0.0026620300889881603,see source numerical limits,outputs/ffn_source_composition_v1/raw_attention_log_strength_mlp/trees_detection.csv
internvl_2_5_8b,old_cross_scale,attention_visual,xgb,0.8343469286393302,1.1102230246251565e-16,0.5011755268596988,0.0,see source numerical limits,outputs/ffn_source_composition_v1/raw_attention_log_strength_mlp/trees_detection.csv
internvl_2_5_8b,old_cross_scale,attention_visual,rf,0.8318390869052831,0.00152732331781986,0.4805645967676276,0.0018633953822244256,see source numerical limits,outputs/ffn_source_composition_v1/raw_attention_log_strength_mlp/trees_detection.csv
internvl_2_5_8b,old_cross_scale,attention_visual_prompt_sum,fixed_three_hidden,0.8488045138480929,0.006862833186439029,0.5154345176570483,0.013745160365504935,see source numerical limits,outputs/ffn_source_composition_v1/raw_attention_log_strength_mlp/trees_detection.csv
internvl_2_5_8b,old_cross_scale,attention_visual_prompt_sum,one_hidden,0.8187856260391856,0.007137145974052399,0.4656222556150002,0.01882510329678296,see source numerical limits,outputs/ffn_source_composition_v1/raw_attention_log_strength_mlp/trees_detection.csv
internvl_2_5_8b,old_cross_scale,attention_visual_prompt_sum,xgb,0.8570423400232849,0.0,0.5346122605732094,0.0,see source numerical limits,outputs/ffn_source_composition_v1/raw_attention_log_strength_mlp/trees_detection.csv
internvl_2_5_8b,old_cross_scale,attention_visual_prompt_sum,rf,0.8502073030487524,0.0012534921938152986,0.5173826588404157,0.0011776327980937496,see source numerical limits,outputs/ffn_source_composition_v1/raw_attention_log_strength_mlp/trees_detection.csv
internvl_2_5_8b,old_cross_scale,attention_generation,fixed_three_hidden,0.8446738070061132,0.00503483618025994,0.49977849997853957,0.011616197334257512,see source numerical limits,outputs/ffn_source_composition_v1/raw_attention_log_strength_mlp/trees_detection.csv
internvl_2_5_8b,old_cross_scale,attention_generation,one_hidden,0.8315159825399029,0.002583932103942132,0.48594104929366894,0.00999085144851618,see source numerical limits,outputs/ffn_source_composition_v1/raw_attention_log_strength_mlp/trees_detection.csv
internvl_2_5_8b,old_cross_scale,attention_generation,xgb,0.853111681958493,0.0,0.5101883182197703,0.0,see source numerical limits,outputs/ffn_source_composition_v1/raw_attention_log_strength_mlp/trees_detection.csv
internvl_2_5_8b,old_cross_scale,attention_generation,rf,0.8387867208556301,0.001067056279255247,0.4924188193791168,0.004053090005336735,see source numerical limits,outputs/ffn_source_composition_v1/raw_attention_log_strength_mlp/trees_detection.csv
internvl_2_5_8b,old_cross_scale,attention_vp_generation,fixed_three_hidden,0.8669459783742598,0.002183081185680175,0.5441738258230303,0.004685175898642638,see source numerical limits,outputs/ffn_source_composition_v1/raw_attention_log_strength_mlp/trees_detection.csv
internvl_2_5_8b,old_cross_scale,attention_vp_generation,one_hidden,0.8462608458035596,0.0007844989137502462,0.5149471537586023,0.0017283814236329733,see source numerical limits,outputs/ffn_source_composition_v1/raw_attention_log_strength_mlp/trees_detection.csv
internvl_2_5_8b,old_cross_scale,attention_vp_generation,xgb,0.8709044518975038,0.0,0.5629395842591758,0.0,see source numerical limits,outputs/ffn_source_composition_v1/raw_attention_log_strength_mlp/trees_detection.csv
internvl_2_5_8b,old_cross_scale,attention_vp_generation,rf,0.8527511936169532,0.0004370794222671979,0.5233634555138874,0.0010706786977583804,see source numerical limits,outputs/ffn_source_composition_v1/raw_attention_log_strength_mlp/trees_detection.csv
internvl_2_5_8b,old_cross_scale,gated_visual,fixed_three_hidden,0.8541898091280989,0.0019165128331737745,0.5289109189273291,0.01059446786340789,see source numerical limits,outputs/ffn_source_composition_v1/raw_attention_log_strength_mlp/trees_detection.csv
internvl_2_5_8b,old_cross_scale,gated_visual,one_hidden,0.8447499101004382,0.003412768932946917,0.5195451848806368,0.0036139577473422355,see source numerical limits,outputs/ffn_source_composition_v1/raw_attention_log_strength_mlp/trees_detection.csv
internvl_2_5_8b,old_cross_scale,gated_visual,xgb,0.8448257906710958,0.0,0.5222643773813916,0.0,see source numerical limits,outputs/ffn_source_composition_v1/raw_attention_log_strength_mlp/trees_detection.csv
internvl_2_5_8b,old_cross_scale,gated_visual,rf,0.8394431656751012,0.0007588801602550276,0.5076647473696398,0.002227479462556143,see source numerical limits,outputs/ffn_source_composition_v1/raw_attention_log_strength_mlp/trees_detection.csv
internvl_2_5_8b,old_cross_scale,gated_visual_prompt_sum,fixed_three_hidden,0.8540224713300506,0.0032721372220107015,0.5249050131009116,0.021174631318797477,see source numerical limits,outputs/ffn_source_composition_v1/raw_attention_log_strength_mlp/trees_detection.csv
internvl_2_5_8b,old_cross_scale,gated_visual_prompt_sum,one_hidden,0.8242537001235452,0.003512452912062538,0.4780598096260968,0.008289651301224502,see source numerical limits,outputs/ffn_source_composition_v1/raw_attention_log_strength_mlp/trees_detection.csv
internvl_2_5_8b,old_cross_scale,gated_visual_prompt_sum,xgb,0.8566491407026052,0.0,0.524230455334545,0.0,see source numerical limits,outputs/ffn_source_composition_v1/raw_attention_log_strength_mlp/trees_detection.csv
internvl_2_5_8b,old_cross_scale,gated_visual_prompt_sum,rf,0.8537443167455291,0.0009465270659795898,0.530210002101502,0.0018752976618236093,see source numerical limits,outputs/ffn_source_composition_v1/raw_attention_log_strength_mlp/trees_detection.csv
internvl_2_5_8b,old_cross_scale,gated_generation,fixed_three_hidden,0.8471787559324809,0.0023919243444227157,0.5090234399063092,0.0036061692891338243,see source numerical limits,outputs/ffn_source_composition_v1/raw_attention_log_strength_mlp/trees_detection.csv
internvl_2_5_8b,old_cross_scale,gated_generation,one_hidden,0.8174947662433376,0.004243925791734965,0.43268553287695494,0.01829839185495265,see source numerical limits,outputs/ffn_source_composition_v1/raw_attention_log_strength_mlp/trees_detection.csv
internvl_2_5_8b,old_cross_scale,gated_generation,xgb,0.848118918428164,0.0,0.5126848435678157,0.0,see source numerical limits,outputs/ffn_source_composition_v1/raw_attention_log_strength_mlp/trees_detection.csv
internvl_2_5_8b,old_cross_scale,gated_generation,rf,0.8359379728627937,0.0005115360790219051,0.4835071804187467,0.0016867556373930455,see source numerical limits,outputs/ffn_source_composition_v1/raw_attention_log_strength_mlp/trees_detection.csv
internvl_2_5_8b,old_cross_scale,gated_vp_generation,fixed_three_hidden,0.8659926869821875,0.005580615484436007,0.561599262814276,0.005699160049706062,see source numerical limits,outputs/ffn_source_composition_v1/raw_attention_log_strength_mlp/trees_detection.csv
internvl_2_5_8b,old_cross_scale,gated_vp_generation,one_hidden,0.8482453118713705,0.0028099723444916544,0.5223665041183059,0.006901887798629304,see source numerical limits,outputs/ffn_source_composition_v1/raw_attention_log_strength_mlp/trees_detection.csv
internvl_2_5_8b,old_cross_scale,gated_vp_generation,xgb,0.87338247546009,0.0,0.5676535676618025,0.0,see source numerical limits,outputs/ffn_source_composition_v1/raw_attention_log_strength_mlp/trees_detection.csv
internvl_2_5_8b,old_cross_scale,gated_vp_generation,rf,0.8555225033734589,0.0006439183637879667,0.5328602929733096,0.005901351857772406,see source numerical limits,outputs/ffn_source_composition_v1/raw_attention_log_strength_mlp/trees_detection.csv
