title,model,experiment,group,classifier,auc,auc_std,hall_aupr,hall_aupr_std,status,source
旧 Visual-only：AE + log1p(S_E),qwen2_5_vl_7b,old_composition,F,fixed_three_hidden,0.874488623602277,0.0008451358710269548,0.43982126471102706,0.016776119232432937,see source numerical limits,outputs/ffn_source_composition_v1/qwen2_5_vl_7b/detection.json
旧 Visual-only：AE + log1p(S_E),llava_1_5_7b,old_composition,F,fixed_three_hidden,0.9001515192729853,0.00272196496534372,0.708153265166643,0.006193537416397996,see source numerical limits,outputs/ffn_source_composition_v1/llava_1_5_7b/detection.json
旧 Visual-only：AE + log1p(S_E),qwen3_vl_8b,old_composition,F,fixed_three_hidden,0.8865496981241195,0.0030478083329301894,0.6283199927748971,0.003527532443769331,see source numerical limits,outputs/ffn_source_composition_v1/qwen3_vl_8b/detection.json
旧 Visual-only：AE + log1p(S_E),internvl_2_5_8b,old_composition,F,fixed_three_hidden,0.8582539813934611,0.005868731996798687,0.5303403431153165,0.012005098836062829,see source numerical limits,outputs/ffn_source_composition_v1/internvl_2_5_8b/detection.json
旧 U 原值三来源拼接 = 本次 F0,qwen2_5_vl_7b,old_gate,gated_raw_concat,fixed_three_hidden,0.8747485010012923,0.0048898875986956095,0.4819518720432247,0.01564204436394011,see source numerical limits,outputs/prefix_attention_gate/full/group_detection/detection.csv
旧 U 原值三来源拼接 = 本次 F0,llava_1_5_7b,old_gate,gated_raw_concat,fixed_three_hidden,0.8954139858037977,0.00199100628494951,0.6936133744098911,0.0017150340257450756,see source numerical limits,outputs/prefix_attention_gate/full/group_detection/detection.csv
旧 U 原值三来源拼接 = 本次 F0,qwen3_vl_8b,old_gate,gated_raw_concat,fixed_three_hidden,0.8990429191660055,0.0024511504100927423,0.6692841244026667,0.002208531057597542,see source numerical limits,outputs/prefix_attention_gate/full/group_detection/detection.csv
旧 U 原值三来源拼接 = 本次 F0,internvl_2_5_8b,old_gate,gated_raw_concat,fixed_three_hidden,0.8741239243205907,0.0017056776025886017,0.5641410249648707,0.0050654378595408455,see source numerical limits,outputs/prefix_attention_gate/full/group_detection/detection.csv
旧 log1p(U) 三来源拼接,qwen2_5_vl_7b,old_gate,gated_log1p_concat,fixed_three_hidden,0.8803152865530498,0.003512255283104995,0.493417563065712,0.008378737163048216,see source numerical limits,outputs/prefix_attention_gate/full/group_detection/detection.csv
旧 log1p(U) 三来源拼接,llava_1_5_7b,old_gate,gated_log1p_concat,fixed_three_hidden,0.8961120663860455,0.0012353790415692144,0.6947323502999557,0.001508300804323037,see source numerical limits,outputs/prefix_attention_gate/full/group_detection/detection.csv
旧 log1p(U) 三来源拼接,qwen3_vl_8b,old_gate,gated_log1p_concat,fixed_three_hidden,0.9016487661009903,0.0028156355007796915,0.6743605427005774,0.006728973056882081,see source numerical limits,outputs/prefix_attention_gate/full/group_detection/detection.csv
旧 log1p(U) 三来源拼接,internvl_2_5_8b,old_gate,gated_log1p_concat,fixed_three_hidden,0.8738453246887339,0.0024806530263029093,0.5598732657059421,0.01202844759840154,see source numerical limits,outputs/prefix_attention_gate/full/group_detection/detection.csv
旧 S 三来源原值,qwen2_5_vl_7b,old_strength,raw_concat,fixed_three_hidden,0.8553588248367534,0.001458443092575756,0.4203866968047834,0.012796736377232304,see source numerical limits,outputs/ffn_source_composition_v1/source_strength_detection/detection.csv
旧 S 三来源原值,llava_1_5_7b,old_strength,raw_concat,fixed_three_hidden,0.9005197068621023,0.0011242897508486186,0.7089901579623757,0.005586479851363411,see source numerical limits,outputs/ffn_source_composition_v1/source_strength_detection/detection.csv
旧 S 三来源原值,qwen3_vl_8b,old_strength,raw_concat,fixed_three_hidden,0.9020212872148079,0.0011076010658584686,0.6635123438224694,0.006251691405685851,see source numerical limits,outputs/ffn_source_composition_v1/source_strength_detection/detection.csv
旧 S 三来源原值,internvl_2_5_8b,old_strength,raw_concat,fixed_three_hidden,0.8704044412163677,0.0012239324031541646,0.5707139999792389,0.006295144037339804,see source numerical limits,outputs/ffn_source_composition_v1/source_strength_detection/detection.csv
旧 log1p(S) 三来源,qwen2_5_vl_7b,old_strength,log1p_concat,fixed_three_hidden,0.8561678549296157,0.0010319855704241444,0.42017980360207136,0.0030850382706880983,see source numerical limits,outputs/ffn_source_composition_v1/source_strength_detection/detection.csv
旧 log1p(S) 三来源,llava_1_5_7b,old_strength,log1p_concat,fixed_three_hidden,0.8997367415330841,0.003076881887280514,0.703385529003285,0.006262016104811836,see source numerical limits,outputs/ffn_source_composition_v1/source_strength_detection/detection.csv
旧 log1p(S) 三来源,qwen3_vl_8b,old_strength,log1p_concat,fixed_three_hidden,0.9014105378196401,0.003231230385050744,0.6573992479553453,0.007522350259446642,see source numerical limits,outputs/ffn_source_composition_v1/source_strength_detection/detection.csv
旧 log1p(S) 三来源,internvl_2_5_8b,old_strength,log1p_concat,fixed_three_hidden,0.8678658912161897,0.002627307099547048,0.5502904877738554,0.0097125331919768,see source numerical limits,outputs/ffn_source_composition_v1/source_strength_detection/detection.csv
"旧 [U,S] 三来源拼接",qwen2_5_vl_7b,old_fusion,gated_raw_concat,fixed_three_hidden,0.8630928232680818,0.003980150096713394,0.4527801758955186,0.005277808497269027,see source numerical limits,outputs/ffn_source_composition_v1/attention_strength_fusion/detection.csv
"旧 [U,S] 三来源拼接",llava_1_5_7b,old_fusion,gated_raw_concat,fixed_three_hidden,0.9048154538083252,0.0022134714717569393,0.7219361212517027,0.002524358096310071,see source numerical limits,outputs/ffn_source_composition_v1/attention_strength_fusion/detection.csv
"旧 [U,S] 三来源拼接",qwen3_vl_8b,old_fusion,gated_raw_concat,fixed_three_hidden,0.9052497177792391,0.001214392372923927,0.6663075521440543,0.004469363361180333,see source numerical limits,outputs/ffn_source_composition_v1/attention_strength_fusion/detection.csv
"旧 [U,S] 三来源拼接",internvl_2_5_8b,old_fusion,gated_raw_concat,fixed_three_hidden,0.8728005760692708,0.001723139460059523,0.5862651876069193,0.0063984760163066385,see source numerical limits,outputs/ffn_source_composition_v1/attention_strength_fusion/detection.csv
"旧 [log1p(U),log1p(S)] 三来源",qwen2_5_vl_7b,old_fusion,gated_log1p_concat,fixed_three_hidden,0.8679587629835807,0.00661112200715978,0.4444860731979703,0.009278869726826181,see source numerical limits,outputs/ffn_source_composition_v1/attention_strength_fusion/detection.csv
"旧 [log1p(U),log1p(S)] 三来源",llava_1_5_7b,old_fusion,gated_log1p_concat,fixed_three_hidden,0.9029640017293339,0.0007323071020656957,0.7125830563836141,0.007269712550212629,see source numerical limits,outputs/ffn_source_composition_v1/attention_strength_fusion/detection.csv
"旧 [log1p(U),log1p(S)] 三来源",qwen3_vl_8b,old_fusion,gated_log1p_concat,fixed_three_hidden,0.9087818508124973,0.0036571853407447005,0.6897207296963902,0.001796223145775752,see source numerical limits,outputs/ffn_source_composition_v1/attention_strength_fusion/detection.csv
"旧 [log1p(U),log1p(S)] 三来源",internvl_2_5_8b,old_fusion,gated_log1p_concat,fixed_three_hidden,0.8681780919218568,0.004521517622201175,0.5646779529605407,0.023396485120751317,see source numerical limits,outputs/ffn_source_composition_v1/attention_strength_fusion/detection.csv
"旧 [U_P,S_P] 仅 prompt",qwen2_5_vl_7b,old_fusion,gated_raw_prompt,fixed_three_hidden,0.8398143934449748,0.004316972646434004,0.3816276778985162,0.011534379413455417,see source numerical limits,outputs/ffn_source_composition_v1/attention_strength_fusion/detection.csv
"旧 [U_P,S_P] 仅 prompt",llava_1_5_7b,old_fusion,gated_raw_prompt,fixed_three_hidden,0.8916399906703947,0.002063450806868408,0.705622457809511,0.005040965222796207,see source numerical limits,outputs/ffn_source_composition_v1/attention_strength_fusion/detection.csv
"旧 [U_P,S_P] 仅 prompt",qwen3_vl_8b,old_fusion,gated_raw_prompt,fixed_three_hidden,0.8550290864897295,0.017426145520231907,0.5751829769185998,0.020580820751123798,see source numerical limits,outputs/ffn_source_composition_v1/attention_strength_fusion/detection.csv
"旧 [U_P,S_P] 仅 prompt",internvl_2_5_8b,old_fusion,gated_raw_prompt,fixed_three_hidden,0.8828239321534239,0.0018431547942615067,0.596716808361271,0.008804662174538732,see source numerical limits,outputs/ffn_source_composition_v1/attention_strength_fusion/detection.csv
"旧 [U_VP,log1p(S_VP),U_G,log1p(S_G)] MLP",qwen2_5_vl_7b,old_cross_scale,gated_vp_generation,fixed_three_hidden,0.866347170334936,0.006602484619491636,0.4677978725640446,0.024752360857133327,see source numerical limits,outputs/ffn_source_composition_v1/raw_attention_log_strength_mlp/trees_detection.csv
"旧 [U_VP,log1p(S_VP),U_G,log1p(S_G)] MLP",llava_1_5_7b,old_cross_scale,gated_vp_generation,fixed_three_hidden,0.9046986408215764,0.003056199364981223,0.7194709595496999,0.006017456501661914,see source numerical limits,outputs/ffn_source_composition_v1/raw_attention_log_strength_mlp/trees_detection.csv
"旧 [U_VP,log1p(S_VP),U_G,log1p(S_G)] MLP",qwen3_vl_8b,old_cross_scale,gated_vp_generation,fixed_three_hidden,0.8966520179427574,0.0007263270828116417,0.6641066546195121,0.009725052278472472,see source numerical limits,outputs/ffn_source_composition_v1/raw_attention_log_strength_mlp/trees_detection.csv
"旧 [U_VP,log1p(S_VP),U_G,log1p(S_G)] MLP",internvl_2_5_8b,old_cross_scale,gated_vp_generation,fixed_three_hidden,0.8659926869821875,0.005580615484436007,0.561599262814276,0.005699160049706062,see source numerical limits,outputs/ffn_source_composition_v1/raw_attention_log_strength_mlp/trees_detection.csv
同上特征，搜参 XGB（分类器不同）,qwen2_5_vl_7b,old_cross_scale,gated_vp_generation,xgb,0.8658362349056504,0.0,0.4578274025032458,0.0,see source numerical limits,outputs/ffn_source_composition_v1/raw_attention_log_strength_mlp/trees_detection.csv
同上特征，搜参 XGB（分类器不同）,llava_1_5_7b,old_cross_scale,gated_vp_generation,xgb,0.9051913581926031,0.0,0.7113365008688185,0.0,see source numerical limits,outputs/ffn_source_composition_v1/raw_attention_log_strength_mlp/trees_detection.csv
同上特征，搜参 XGB（分类器不同）,qwen3_vl_8b,old_cross_scale,gated_vp_generation,xgb,0.9099628302137263,0.0,0.6964582622462491,0.0,see source numerical limits,outputs/ffn_source_composition_v1/raw_attention_log_strength_mlp/trees_detection.csv
同上特征，搜参 XGB（分类器不同）,internvl_2_5_8b,old_cross_scale,gated_vp_generation,xgb,0.87338247546009,0.0,0.5676535676618025,0.0,see source numerical limits,outputs/ffn_source_composition_v1/raw_attention_log_strength_mlp/trees_detection.csv
