feature_set,ae_variant,seed,threshold_rule,threshold,auroc,real_aupr,real_precision,real_recall,real_f1,hall_aupr,hall_precision,hall_recall,hall_f1
A,top32,43,fixed_0.5,0.5,0.8902069818090058,0.9659502821764835,0.9028761984160066,0.888797702092737,0.8957816377171216,0.6704941423356641,0.6372155287817939,0.6713681241184767,0.6538461538461539
A,top32,43,train_f1,0.4940117597579956,0.8902069818090058,0.9659502821764835,0.9019118869492935,0.8904390644234714,0.896138756968821,0.6704941423356641,0.6391891891891892,0.6671368124118476,0.6528640441683919
A,top32,44,fixed_0.5,0.5,0.8898059013805153,0.9653948794627072,0.9054621848739496,0.884283955683217,0.8947477683205315,0.6770301728898883,0.6318537859007833,0.6826516220028209,0.656271186440678
A,top32,44,train_f1,0.42207878828048706,0.8898059013805153,0.9653948794627072,0.8852719333068678,0.9150594993844892,0.8999192897497982,0.6770301728898883,0.6698564593301436,0.5923836389280677,0.6287425149700598
A,top32,45,fixed_0.5,0.5,0.8896039142671774,0.9663857726233716,0.9146981627296588,0.8580221583914649,0.8854541604912132,0.6593270492135751,0.5976744186046512,0.7249647390691114,0.6551943913320586
A,top32,45,train_f1,0.46717748045921326,0.8896039142671774,0.9663857726233716,0.9048228766538625,0.8699220352892901,0.8870292887029289,0.6593270492135751,0.6052303860523038,0.685472496473907,0.6428571428571429
A,full,43,fixed_0.5,0.5,0.8851318385515268,0.9632484756037466,0.8936781609195402,0.8933114485022569,0.8934947670839318,0.6714084268740869,0.6338028169014085,0.6346967559943583,0.6342494714587738
A,full,43,train_f1,0.486383855342865,0.8851318385515268,0.9632484756037466,0.8895655704425497,0.8990562166598277,0.8942857142857142,0.6714084268740869,0.6398243045387995,0.616361071932299,0.6278735632183908
A,full,44,fixed_0.5,0.5,0.8909009146138545,0.9663099280950712,0.9122807017543859,0.8748461222814936,0.893171344784248,0.6795236120820473,0.622991347342398,0.7108603667136812,0.6640316205533597
A,full,44,train_f1,0.410518616437912,0.8909009146138545,0.9663099280950712,0.8848605577689242,0.9113664341403365,0.8979179300586214,0.6795236120820473,0.660377358490566,0.5923836389280677,0.6245353159851301
A,full,45,fixed_0.5,0.5,0.8866452950024684,0.9654181149838389,0.9204291461779168,0.8448912597455889,0.8810440735986307,0.6608839240768268,0.5841584158415841,0.7489421720733427,0.6563658838071693
A,full,45,train_f1,0.41744786500930786,0.8866452950024684,0.9654181149838389,0.8955906821963394,0.8834632745178498,0.8894856434620946,0.6608839240768268,0.6172506738544474,0.6459802538787024,0.631288766368022
B,top32,43,fixed_0.5,0.5,0.8594519840748498,0.9541556436762193,0.8453570107288199,0.9376282314320886,0.8891050583657587,0.6135930891520717,0.6568848758465011,0.4104372355430183,0.5052083333333334
B,top32,43,train_f1,0.50345778465271,0.8594519840748498,0.9541556436762193,0.8476968796433878,0.9363972096840377,0.8898420744784559,0.6135930891520717,0.6585903083700441,0.4217207334273625,0.5141874462596733
B,top32,44,fixed_0.5,0.5,0.8652853024568926,0.9555568901179498,0.8847736625514403,0.8822322527697989,0.883501130059585,0.6347611009304862,0.5991620111731844,0.6050775740479548,0.6021052631578947
B,top32,44,train_f1,0.4449944496154785,0.8652853024568926,0.9555568901179498,0.8650855365474339,0.913007796471071,0.8884008784188461,0.6347611009304862,0.6306620209059234,0.5105782792665726,0.5643024162120032
B,top32,45,fixed_0.5,0.5,0.8680619018157426,0.9570959515213147,0.8749003984063745,0.9011079195732458,0.8878107944208611,0.6299944339957644,0.6210691823899371,0.5571227080394923,0.587360594795539
B,top32,45,train_f1,0.46954745054244995,0.8680619018157426,0.9570959515213147,0.8648960739030023,0.9220352892901108,0.8925521350546177,0.6299944339957644,0.6532846715328468,0.5049365303244006,0.569610182975338
B,full,43,fixed_0.5,0.5,0.8739577262385891,0.9595500146492009,0.8968287526427061,0.8703323758719738,0.8833819241982507,0.642867914546817,0.5953905249679897,0.6558533145275035,0.6241610738255033
B,full,43,train_f1,0.41424378752708435,0.8739577262385891,0.9595500146492009,0.8589306029579067,0.9294214197784161,0.8927867560110366,0.642867914546817,0.6620825147347741,0.47531734837799716,0.5533661740558292
B,full,44,fixed_0.5,0.5,0.8728939660256516,0.958987347271111,0.864938080495356,0.9171112022979072,0.8902609042023502,0.6463518977707219,0.6405693950177936,0.5077574047954866,0.5664830841856806
B,full,44,train_f1,0.497261106967926,0.8728939660256516,0.958987347271111,0.8647604327666152,0.9183422240459581,0.8907462686567165,0.6463518977707219,0.6433691756272402,0.5063469675599436,0.5666929755327546
B,full,45,fixed_0.5,0.5,0.8715037853774062,0.9586900031499268,0.898804440649018,0.8637669265490358,0.880937434609751,0.6475795966401747,0.5870646766169154,0.6657263751763046,0.6239259748843358
B,full,45,train_f1,0.39976072311401367,0.8715037853774062,0.9586900031499268,0.8509847640282423,0.9396799343455068,0.8931357254290172,0.6475795966401747,0.676923076923077,0.43441466854724964,0.5292096219931272
F,top32,43,fixed_0.5,0.5,0.8954204486197451,0.9669935170399402,0.901039501039501,0.8892080426754206,0.8950846757538208,0.7046875728801412,0.6356275303643725,0.6643159379407616,0.6496551724137931
F,top32,43,train_f1,0.48671427369117737,0.8954204486197451,0.9669935170399402,0.8968775677896467,0.8957734919983587,0.8963251898994047,0.7046875728801412,0.6432584269662921,0.6459802538787024,0.6446164672765659
F,top32,44,fixed_0.5,0.5,0.8954580679961547,0.9673608891998949,0.8888888888888888,0.9027492819039803,0.8957654723127035,0.6935106669062208,0.646795827123696,0.61212976022567,0.6289855072463768
F,top32,44,train_f1,0.5004407167434692,0.8954580679961547,0.9673608891998949,0.8888888888888888,0.9027492819039803,0.8957654723127035,0.6935106669062208,0.646795827123696,0.61212976022567,0.6289855072463768
F,top32,45,fixed_0.5,0.5,0.8947048123285063,0.9674534826183059,0.9072681704260651,0.8912597455888387,0.8991927137238667,0.6907309350038447,0.6476063829787234,0.68688293370945,0.6666666666666666
F,top32,45,train_f1,0.42238038778305054,0.8947048123285063,0.9674534826183059,0.8862370723945903,0.9142388182191219,0.9000201979398101,0.6907309350038447,0.6693037974683544,0.5966149506346967,0.6308724832214765
F,full,43,fixed_0.5,0.5,0.8979930352065275,0.9676446832392215,0.9010717230008244,0.8970045137464095,0.8990335184042771,0.7107458831893558,0.6513888888888889,0.6614950634696756,0.6564030790762772
F,full,43,train_f1,0.4859384596347809,0.8979930352065275,0.9676446832392215,0.8975091874234381,0.901928600738613,0.8997134670487106,0.7107458831893558,0.6571018651362984,0.6459802538787024,0.65149359886202
F,full,44,fixed_0.5,0.5,0.8969321687917756,0.9676153199805304,0.8939886271324127,0.9031596224866639,0.8985507246376812,0.704865352432086,0.6549707602339181,0.6318758815232722,0.6432160804020101
F,full,44,train_f1,0.5260182023048401,0.8969321687917756,0.9676153199805304,0.8989690721649485,0.8945424702503078,0.8967503085150144,0.704865352432086,0.6435506241331485,0.6544428772919605,0.6489510489510489
F,full,45,fixed_0.5,0.5,0.8978382170036109,0.9679373084214288,0.8945028294260308,0.9080837094788674,0.9012421095499898,0.7027197865546562,0.6666666666666666,0.6318758815232722,0.6488052136133237
F,full,45,train_f1,0.5235773324966431,0.8978382170036109,0.9679373084214288,0.9019365471775855,0.8982355354944604,0.9000822368421053,0.7027197865546562,0.655076495132128,0.6643159379407616,0.6596638655462185
C_JS,top32,43,fixed_0.5,0.5,0.8834540143636567,0.9627012652895115,0.8983481575603558,0.8703323758719738,0.8841183826594414,0.6704330645354217,0.597452229299363,0.6614950634696756,0.6278447121820616
C_JS,top32,43,train_f1,0.41915372014045715,0.8834540143636567,0.9627012652895115,0.8787878787878788,0.9043906442347148,0.8914054600606673,0.6704330645354217,0.6347962382445141,0.5712270803949224,0.6013363028953229
C_JS,top32,44,fixed_0.5,0.5,0.8845519213951811,0.9632310894432433,0.8928280358598207,0.8990562166598277,0.8959313023921488,0.6714274584788174,0.6445086705202312,0.6290550070521862,0.6366880799428979
C_JS,top32,44,train_f1,0.44880735874176025,0.8845519213951811,0.9632310894432433,0.8794801102796377,0.9162905211325401,0.897508038585209,0.6714274584788174,0.6639209225700164,0.5684062059238364,0.6124620060790273
C_JS,top32,45,fixed_0.5,0.5,0.883525491178835,0.9622124419888451,0.8927548096602538,0.8949528108329914,0.8938524590163934,0.6621053392009133,0.635846372688478,0.6304654442877292,0.6331444759206799
C_JS,top32,45,train_f1,0.4622633457183838,0.883525491178835,0.9622124419888451,0.8832669322709163,0.9097250718096019,0.8963007883565798,0.6621053392009133,0.6540880503144654,0.5867418899858956,0.6185873605947956
C_JS,full,43,fixed_0.5,0.5,0.8819087261326759,0.9633146084091846,0.9380226266601082,0.7825194911776775,0.8532438478747204,0.6639639308242158,0.5238095238095238,0.8222849083215797,0.6399560922063666
C_JS,full,43,train_f1,0.3013565242290497,0.8819087261326759,0.9633146084091846,0.8684719535783365,0.9212146081247435,0.8940661091198726,0.6639639308242158,0.6577540106951871,0.5204513399153737,0.5811023622047244
C_JS,full,44,fixed_0.5,0.5,0.8885036921971047,0.9652690571347902,0.8937040065412919,0.8970045137464095,0.8953512185132091,0.6740166265785816,0.6414285714285715,0.6332863187588152,0.6373314407381121
C_JS,full,44,train_f1,0.48323479294776917,0.8885036921971047,0.9652690571347902,0.8885748889786032,0.9031596224866639,0.8958078958078958,0.6740166265785816,0.6472346786248132,0.610719322990127,0.6284470246734397
C_JS,full,45,fixed_0.5,0.5,0.8832636024430602,0.9633523663874604,0.8857142857142857,0.9031596224866639,0.8943518894758228,0.672364492050217,0.642965204236006,0.5994358251057827,0.6204379562043796
C_JS,full,45,train_f1,0.50246661901474,0.8832636024430602,0.9633523663874604,0.8864277084172372,0.9031596224866639,0.8947154471544716,0.672364492050217,0.6440422322775264,0.6022566995768688,0.6224489795918368
D_JS,top32,43,fixed_0.5,0.5,0.8789078574144608,0.9615707838966541,0.9151241534988713,0.8317603610997127,0.8714531384350817,0.6587678798579562,0.5596133190118152,0.7348377997179125,0.6353658536585366
D_JS,top32,43,train_f1,0.40072694420814514,0.8789078574144608,0.9615707838966541,0.878727634194831,0.9068526877308166,0.8925686591276252,0.6587678798579562,0.6402535657686212,0.5698166431593794,0.6029850746268657
D_JS,top32,44,fixed_0.5,0.5,0.879647512230638,0.9620032221908921,0.9020442930153322,0.8691013541239229,0.8852664576802508,0.6600843349650896,0.600250626566416,0.6755994358251057,0.6357000663570007
D_JS,top32,44,train_f1,0.40716591477394104,0.879647512230638,0.9620032221908921,0.8684920940994987,0.924086992203529,0.895427435387674,0.6600843349650896,0.6654611211573237,0.5190409026798307,0.5832012678288431
D_JS,top32,45,fixed_0.5,0.5,0.8805492197451952,0.9626119410401103,0.905440414507772,0.8604842018875667,0.8823900694298338,0.6535250816986607,0.5903614457831325,0.691114245416079,0.6367771280051981
D_JS,top32,45,train_f1,0.42038866877555847,0.8805492197451952,0.9626119410401103,0.8792,0.901928600738613,0.8904192829653635,0.6535250816986607,0.6300309597523219,0.5740479548660085,0.6007380073800738
D_JS,full,43,fixed_0.5,0.5,0.8741880725741433,0.9601094508768755,0.9020949123557076,0.8658186294624538,0.8835845896147404,0.6554459899111252,0.5947955390334573,0.6770098730606487,0.633245382585752
D_JS,full,43,train_f1,0.37455978989601135,0.8741880725741433,0.9601094508768755,0.8677431757016532,0.926138695116947,0.8959904724096864,0.6554459899111252,0.6697247706422018,0.5148095909732017,0.5821371610845295
D_JS,full,44,fixed_0.5,0.5,0.8835796052049011,0.9632078795517505,0.8746081504702194,0.9158801805498564,0.8947684906794949,0.669032878774948,0.6548821548821548,0.5486600846262342,0.5970836531082118
D_JS,full,44,train_f1,0.5175552368164062,0.8835796052049011,0.9632078795517505,0.882024711040255,0.9080837094788674,0.8948645369995957,0.669032878774948,0.6483516483516484,0.5825105782792666,0.6136701337295691
D_JS,full,45,fixed_0.5,0.5,0.8824811194137395,0.9631021306844401,0.9098005203816132,0.8608945424702503,0.8846721484292642,0.6586342854450661,0.5964285714285714,0.7066290550070522,0.6468689477081988
D_JS,full,45,train_f1,0.3843865394592285,0.8824811194137395,0.9631021306844401,0.8638803680981595,0.9244973327862126,0.8931615460852329,0.6586342854450661,0.6579925650557621,0.4992947813822285,0.5677626303127506
E_JS,top32,43,fixed_0.5,0.5,0.880912102037639,0.961463588770041,0.9000419991600168,0.8793598686910136,0.8895807388958074,0.6638445481910507,0.615686274509804,0.6643159379407616,0.6390773405698779
E_JS,top32,43,train_f1,0.4412446618080139,0.880912102037639,0.961463588770041,0.8813021040095276,0.9109560935576528,0.8958837772397095,0.6638445481910507,0.6539074960127592,0.5782792665726375,0.6137724550898204
E_JS,top32,44,fixed_0.5,0.5,0.8804103174322981,0.9618403992936393,0.9075194468452895,0.8617152236356176,0.8840244159124395,0.6629847295203017,0.5949519230769231,0.6981664315937941,0.6424399740428294
E_JS,top32,44,train_f1,0.3918173909187317,0.8804103174322981,0.9618403992936393,0.8752429071123202,0.924086992203529,0.899001996007984,0.6629847295203017,0.6771378708551483,0.5472496473906912,0.6053042121684867
E_JS,top32,45,fixed_0.5,0.5,0.8783181013442849,0.9610161878985963,0.8858979509843311,0.9048009848173985,0.8952496954933008,0.6488860435023558,0.6468797564687976,0.5994358251057827,0.6222547584187409
E_JS,top32,45,train_f1,0.47972962260246277,0.8783181013442849,0.9610161878985963,0.8787998420844848,0.9134181370537546,0.895774647887324,0.6488860435023558,0.6557911908646004,0.5669957686882934,0.6081694402420574
E_JS,full,43,fixed_0.5,0.5,0.864644904918473,0.9567618618753849,0.9480446927374302,0.6963479688141158,0.8029335225928554,0.6363524271235016,0.45427728613569324,0.8688293370944993,0.5966101694915255
E_JS,full,43,train_f1,0.2647590637207031,0.864644904918473,0.9567618618753849,0.8647604327666152,0.9183422240459581,0.8907462686567165,0.6363524271235016,0.6433691756272402,0.5063469675599436,0.5666929755327546
E_JS,full,44,fixed_0.5,0.5,0.8827296966778617,0.9631331054378216,0.8794801102796377,0.9162905211325401,0.897508038585209,0.6645503916522248,0.6639209225700164,0.5684062059238364,0.6124620060790273
E_JS,full,44,train_f1,0.5158041715621948,0.8827296966778617,0.9631331054378216,0.8844462215113954,0.9076733688961839,0.8959092750101255,0.6645503916522248,0.6511627906976745,0.5923836389280677,0.620384047267356
E_JS,full,45,fixed_0.5,0.5,0.8786427855006821,0.9613588174435035,0.8862997187625552,0.9052113254000821,0.8956557044254974,0.6582447195449509,0.6484018264840182,0.6008462623413258,0.623718887262079
E_JS,full,45,train_f1,0.47986042499542236,0.8786427855006821,0.9613588174435035,0.8796992481203008,0.9121871153057037,0.895648670427075,0.6582447195449509,0.654281098546042,0.5712270803949224,0.6099397590361446
G_JS,top32,43,fixed_0.5,0.5,0.8981602967416412,0.9678031297861426,0.9099746407438715,0.8834632745178498,0.8965230064542994,0.7093191385198049,0.6358974358974359,0.6995768688293371,0.6662189388851578
G_JS,top32,43,train_f1,0.4150844216346741,0.8981602967416412,0.9678031297861426,0.8931726907630522,0.9125974558883874,0.9027805967119952,0.7093191385198049,0.6753048780487805,0.6248236953455572,0.6490842490842491
G_JS,top32,44,fixed_0.5,0.5,0.8958140051729535,0.9671754084511069,0.9022774327122153,0.8941321296676241,0.8981863149216818,0.7043545045226716,0.6470588235294118,0.6671368124118476,0.6569444444444444
G_JS,top32,44,train_f1,0.4895763099193573,0.8958140051729535,0.9671754084511069,0.9012751953928424,0.8990562166598277,0.900164338537387,0.7043545045226716,0.6559440559440559,0.6614950634696756,0.6587078651685393
G_JS,top32,45,fixed_0.5,0.5,0.9005997686118972,0.9696760674463917,0.9136170212765957,0.8810012310217481,0.8970127428452057,0.7080811713006729,0.635678391959799,0.7136812411847673,0.6724252491694352
G_JS,top32,45,train_f1,0.4840306341648102,0.9005997686118972,0.9696760674463917,0.9110830172777076,0.8871563397620025,0.898960498960499,0.7080811713006729,0.6442432082794308,0.7023977433004231,0.6720647773279352
G_JS,full,43,fixed_0.5,0.5,0.8992483648593353,0.9682021248770557,0.8982498982498982,0.9056216659827657,0.9019207192480588,0.7163920791422361,0.6661828737300436,0.6473906911142454,0.6566523605150214
G_JS,full,43,train_f1,0.5193487405776978,0.8992483648593353,0.9682021248770557,0.9030800821355236,0.9023389413212967,0.9027093596059114,0.7163920791422361,0.6652601969057665,0.6671368124118476,0.6661971830985915
G_JS,full,44,fixed_0.5,0.5,0.8999194366585197,0.9682741854465607,0.906301824212272,0.8970045137464095,0.9016292018972984,0.7145493271315901,0.6580381471389646,0.6812411847672779,0.6694386694386695
G_JS,full,44,train_f1,0.4790610373020172,0.8999194366585197,0.9682741854465607,0.9014314928425358,0.9043906442347148,0.9029086439983613,0.7145493271315901,0.6676176890156919,0.6600846262341326,0.6638297872340425
G_JS,full,45,fixed_0.5,0.5,0.8958168989711389,0.9678827018211016,0.9227010217681031,0.8522773902338941,0.8860921501706485,0.7052559893594174,0.5977653631284916,0.7545839210155149,0.6670822942643392
G_JS,full,45,train_f1,0.39700207114219666,0.8958168989711389,0.9678827018211016,0.9040636782572267,0.885514977431268,0.8946932006633499,0.7052559893594174,0.6324110671936759,0.6770098730606487,0.6539509536784741
H_JS,top32,43,fixed_0.5,0.5,0.9014690655867783,0.9692133785222603,0.8938301282051282,0.9154698399671728,0.9045205757145753,0.7152874621317238,0.683076923076923,0.6262341325811002,0.6534216335540839
H_JS,top32,43,train_f1,0.5304034948348999,0.9014690655867783,0.9692133785222603,0.8985801217038539,0.9089043906442347,0.9037127702978376,0.7152874621317238,0.6740088105726872,0.6473906911142454,0.660431654676259
H_JS,top32,44,fixed_0.5,0.5,0.9046360383208331,0.9707711506332443,0.911665257819104,0.8851046368485843,0.8981886321049344,0.7175690530781091,0.6410256410256411,0.7052186177715092,0.6715916722632639
H_JS,top32,44,train_f1,0.45562636852264404,0.9046360383208331,0.9707711506332443,0.9054890631448618,0.9002872384078785,0.902880658436214,0.7175690530781091,0.6639004149377593,0.6770098730606487,0.6703910614525139
H_JS,top32,45,fixed_0.5,0.5,0.8994960739840019,0.9689810240023794,0.8848605577689242,0.9113664341403365,0.8979179300586214,0.6998459002646518,0.660377358490566,0.5923836389280677,0.6245353159851301
H_JS,top32,45,train_f1,0.5680540204048157,0.8994960739840019,0.9689810240023794,0.8992983904250929,0.8941321296676241,0.8967078189300411,0.6998459002646518,0.6431535269709544,0.6558533145275035,0.6494413407821229
H_JS,full,43,fixed_0.5,0.5,0.9017546834676731,0.9694138249945637,0.9074688796680498,0.8974148543290932,0.9024138642459253,0.714365241480184,0.6603260869565217,0.685472496473907,0.6726643598615917
H_JS,full,43,train_f1,0.501678466796875,0.9017546834676731,0.9694138249945637,0.9074304690743047,0.8970045137464095,0.9021873710276517,0.714365241480184,0.6594301221166893,0.685472496473907,0.6721991701244814
H_JS,full,44,fixed_0.5,0.5,0.8998997588308593,0.9690213979056158,0.9156316916488223,0.8773081657775954,0.8960603520536463,0.7050340192972048,0.6313193588162762,0.7221438645980254,0.6736842105263158
H_JS,full,44,train_f1,0.4290967583656311,0.8998997588308593,0.9690213979056158,0.9044269755895739,0.8970045137464095,0.9007004532344458,0.7050340192972048,0.6556927297668038,0.6741889985895627,0.6648122392211405
H_JS,full,45,fixed_0.5,0.5,0.8971810354357164,0.9680783542589253,0.8814697747925722,0.9154698399671728,0.8981481481481481,0.6976164204399845,0.6650406504065041,0.5768688293370945,0.6178247734138973
H_JS,full,45,train_f1,0.641281247138977,0.8971810354357164,0.9680783542589253,0.9141285956006768,0.8867459991793188,0.9002291189335555,0.6976164204399845,0.6470588235294118,0.7136812411847673,0.6787391012743126
C_OT,top32,43,fixed_0.5,0.5,0.8778145804600329,0.9596764790217804,0.9199263690750115,0.8202708247845711,0.8672451193058568,0.6718298789111368,0.5498458376156218,0.7545839210155149,0.6361474435196195
C_OT,top32,43,train_f1,0.3877827227115631,0.8778145804600329,0.9596764790217804,0.8902439024390244,0.8986458760771441,0.8944251582601593,0.6718298789111368,0.6399416909620991,0.6191819464033851,0.6293906810035842
C_OT,top32,44,fixed_0.5,0.5,0.8817805308730648,0.9609123642778514,0.9077649077649078,0.8682806729585556,0.8875838926174496,0.6806051967618344,0.6061349693251534,0.6967559943582511,0.6482939632545932
C_OT,top32,44,train_f1,0.4463266134262085,0.8817805308730648,0.9609123642778514,0.8905675786035117,0.8949528108329914,0.8927548096602538,0.6806051967618344,0.6327116212338594,0.6220028208744711,0.6273115220483642
C_OT,top32,45,fixed_0.5,0.5,0.8836716279871955,0.9620015081507374,0.8987603305785123,0.8924907673368896,0.8956145768993206,0.6810260255183739,0.6391184573002755,0.6544428772919605,0.6466898954703832
C_OT,top32,45,train_f1,0.48930415511131287,0.8836716279871955,0.9620015081507374,0.8947583947583948,0.8965941731637259,0.895675343308055,0.6810260255183739,0.6420454545454546,0.6375176304654443,0.6397735314932768
C_OT,full,43,fixed_0.5,0.5,0.8844769720221805,0.9630960291439814,0.8995833333333333,0.8859253180139516,0.8927020880711185,0.6766761144661566,0.6273458445040214,0.6600846262341326,0.643298969072165
C_OT,full,43,train_f1,0.4479704201221466,0.8844769720221805,0.9630960291439814,0.8847852268165396,0.9043906442347148,0.8944805194805194,0.6766761144661566,0.6442748091603053,0.5952045133991537,0.6187683284457478
C_OT,full,44,fixed_0.5,0.5,0.885199553429064,0.9633359045660097,0.8963085856491082,0.8867459991793188,0.8915016501650165,0.6725652372175129,0.6244897959183674,0.6473906911142454,0.6357340720221607
C_OT,full,44,train_f1,0.4520772397518158,0.885199553429064,0.9633359045660097,0.8828435266084194,0.9121871153057037,0.8972754793138245,0.6725652372175129,0.6592356687898089,0.5839210155148096,0.6192969334330591
C_OT,full,45,fixed_0.5,0.5,0.8858306908132905,0.9632699288256127,0.8999583159649854,0.8859253180139516,0.8928866832092639,0.6710018406481995,0.6278447121820616,0.6614950634696756,0.6442307692307693
C_OT,full,45,train_f1,0.4939270317554474,0.8858306908132905,0.9632699288256127,0.8980944490472246,0.8896183832581043,0.893836322407751,0.6710018406481995,0.6325136612021858,0.6530324400564175,0.6426092990978487
D_OT,top32,43,fixed_0.5,0.5,0.8892311930609034,0.9659909152363746,0.898960498960499,0.8871563397620025,0.8930194134655102,0.6727756352094332,0.6288798920377868,0.6572637517630465,0.6427586206896552
D_OT,top32,43,train_f1,0.4841058850288391,0.8892311930609034,0.9659909152363746,0.8961838325810423,0.8961838325810423,0.8961838325810423,0.6727756352094332,0.6431593794076164,0.6431593794076164,0.6431593794076164
D_OT,top32,44,fixed_0.5,0.5,0.8866507932190206,0.9646989271175948,0.8927250308261405,0.8912597455888387,0.8919917864476387,0.6681027055457452,0.6283309957924264,0.6318758815232722,0.630098452883263
D_OT,top32,44,train_f1,0.45279592275619507,0.8866507932190206,0.9646989271175948,0.8821656050955414,0.9093147312269183,0.8955344514043241,0.6681027055457452,0.6514195583596214,0.5825105782792666,0.6150409530900968
D_OT,top32,45,fixed_0.5,0.5,0.8870695258164418,0.9645652910463827,0.9016462642465175,0.8764874846122281,0.8888888888888888,0.6690135970676018,0.6126126126126126,0.6713681241184767,0.6406460296096904
D_OT,top32,45,train_f1,0.43221190571784973,0.8870695258164418,0.9645652910463827,0.8879449838187702,0.9006975789905621,0.8942758199225912,0.6690135970676018,0.6409495548961425,0.609308885754584,0.6247288503253796
D_OT,full,43,fixed_0.5,0.5,0.8807222688766797,0.9633673258009345,0.9490740740740741,0.7570783750512926,0.842273453549418,0.6557915405259539,0.5074875207986689,0.8603667136812412,0.6384092098377813
D_OT,full,43,train_f1,0.28487253189086914,0.8807222688766797,0.9633673258009345,0.8675445391169636,0.9191629052113254,0.8926080892608089,0.6557915405259539,0.650709219858156,0.5176304654442877,0.5765907305577376
D_OT,full,44,fixed_0.5,0.5,0.8949915877286752,0.9675753709085367,0.8968058968058968,0.8986458760771441,0.897724943635991,0.6870810715105641,0.6491477272727273,0.6445698166431594,0.6468506723283793
D_OT,full,44,train_f1,0.51176518201828,0.8949915877286752,0.9675753709085367,0.8987603305785123,0.8924907673368896,0.8956145768993206,0.6870810715105641,0.6391184573002755,0.6544428772919605,0.6466898954703832
D_OT,full,45,fixed_0.5,0.5,0.8941547012934699,0.9672549940350341,0.9204745166959578,0.8596635207221994,0.8890303416083174,0.6797192102432398,0.6068965517241379,0.7447108603667136,0.668777707409753
D_OT,full,45,train_f1,0.39958456158638,0.8941547012934699,0.9672549940350341,0.8933495539334956,0.9039803036520312,0.8986334897001835,0.6797192102432398,0.6558823529411765,0.6290550070521862,0.6421886249100072
E_OT,top32,43,fixed_0.5,0.5,0.8801631870672687,0.960678096180356,0.9046591889559965,0.8604842018875667,0.8820189274447949,0.6689867754615546,0.5893719806763285,0.688293370944993,0.6350032530904359
E_OT,top32,43,train_f1,0.40722033381462097,0.8801631870672687,0.960678096180356,0.880857823669579,0.9101354123922856,0.8952573158425833,0.6689867754615546,0.6512738853503185,0.5768688293370945,0.6118175018698578
E_OT,top32,44,fixed_0.5,0.5,0.8800821607180787,0.96096334368791,0.8767772511848341,0.9109560935576528,0.8935399476755886,0.6712671100224411,0.6465798045602605,0.5599435825105783,0.600151171579743
E_OT,top32,44,train_f1,0.5383152365684509,0.8800821607180787,0.96096334368791,0.8859934853420195,0.8929011079195732,0.8894338851420397,0.6712671100224411,0.6217391304347826,0.6050775740479548,0.6132952108649035
E_OT,top32,45,fixed_0.5,0.5,0.8827406931109661,0.9615048119854435,0.8926507018992568,0.8871563397620025,0.8898950401317144,0.676225915462261,0.6201657458563536,0.6332863187588152,0.6266573621772505
E_OT,top32,45,train_f1,0.5026265382766724,0.8827406931109661,0.9615048119854435,0.8936698386429458,0.8863356585966352,0.8899876390605687,0.676225915462261,0.6200274348422496,0.6375176304654443,0.6286509040333796
E_OT,full,43,fixed_0.5,0.5,0.8806693123698874,0.9612670728165064,0.886815415821501,0.8970045137464095,0.8918808649530804,0.6673235407008623,0.631424375917768,0.6064880112834978,0.6187050359712231
E_OT,full,43,train_f1,0.4827137887477875,0.8806693123698874,0.9612670728165064,0.88358089120835,0.9031596224866639,0.893262987012987,0.6673235407008623,0.6396946564885496,0.5909732016925247,0.6143695014662757
E_OT,full,44,fixed_0.5,0.5,0.882670952574699,0.9627639098609084,0.8898858075040783,0.895363151415675,0.892616076907343,0.6645297296522945,0.6325648414985591,0.6191819464033851,0.6258018531717747
E_OT,full,44,train_f1,0.4750336706638336,0.882670952574699,0.9627639098609084,0.8778262594208648,0.9080837094788674,0.8926986688180718,0.6645297296522945,0.6416,0.5655853314527504,0.6011994002998501
E_OT,full,45,fixed_0.5,0.5,0.8821691679693582,0.9626947333555822,0.906896551724138,0.8633565859663521,0.8845911288627286,0.665530297496636,0.5968523002421308,0.6953455571227081,0.6423452768729642
E_OT,full,45,train_f1,0.4345676898956299,0.8821691679693582,0.9626947333555822,0.8856794141578519,0.8933114485022569,0.8894790602655771,0.665530297496636,0.622093023255814,0.6036671368124118,0.6127415891195419
G_OT,top32,43,fixed_0.5,0.5,0.9011304911990916,0.9693671259348867,0.9037985136251032,0.8982355354944604,0.9010084379501955,0.7148642528738686,0.6574585635359116,0.6713681241184767,0.6643405443126309
G_OT,top32,43,train_f1,0.501096248626709,0.9011304911990916,0.9693671259348867,0.9049193881769326,0.8982355354944604,0.9015650741350906,0.7148642528738686,0.6588720770288858,0.6755994358251057,0.6671309192200557
G_OT,top32,44,fixed_0.5,0.5,0.9016065210005828,0.9694336550664155,0.9145044661846023,0.8822322527697989,0.898078529657477,0.7181140858385319,0.6389937106918239,0.7165021156558533,0.675531914893617
G_OT,top32,44,train_f1,0.44908905029296875,0.9016065210005828,0.9694336550664155,0.9024793388429752,0.8961838325810423,0.8993205682520075,0.7181140858385319,0.6515151515151515,0.6671368124118476,0.659233449477352
G_OT,top32,45,fixed_0.5,0.5,0.902970078705523,0.9701664568105999,0.8973322554567502,0.9109560935576528,0.9040928527794746,0.7251750484441084,0.6770833333333334,0.6417489421720733,0.6589427950760318
G_OT,top32,45,train_f1,0.517763078212738,0.902970078705523,0.9701664568105999,0.8999593330622204,0.9080837094788674,0.9040032679738562,0.7251750484441084,0.6739446870451238,0.6530324400564175,0.663323782234957
G_OT,full,43,fixed_0.5,0.5,0.8996037232764972,0.9688492727000264,0.8994687372292604,0.9031596224866639,0.9013104013104013,0.7115369025074707,0.6623748211731044,0.6530324400564175,0.6576704545454546
G_OT,full,43,train_f1,0.5051900148391724,0.8996037232764972,0.9688492727000264,0.9008196721311476,0.901928600738613,0.9013737953660037,0.7115369025074707,0.6614730878186968,0.6586741889985895,0.6600706713780918
G_OT,full,44,fixed_0.5,0.5,0.9019830041444978,0.9692764716797653,0.9136537643555933,0.8814115716044317,0.8972431077694235,0.719904720341331,0.6364779874213836,0.7136812411847673,0.6728723404255319
G_OT,full,44,train_f1,0.42903566360473633,0.9019830041444978,0.9692764716797653,0.9045864045864046,0.906442347148133,0.905513424882148,0.719904720341331,0.6761363636363636,0.6713681241184767,0.6737438075017693
G_OT,full,45,fixed_0.5,0.5,0.9000267965711963,0.9692272476535606,0.9195352839931153,0.8768978251949118,0.8977105650073514,0.7189620439747813,0.635036496350365,0.7362482369534555,0.681907250163292
G_OT,full,45,train_f1,0.3944927752017975,0.9000267965711963,0.9692272476535606,0.9016326530612245,0.906442347148133,0.9040311029261305,0.7189620439747813,0.6724137931034483,0.6600846262341326,0.6661921708185053
H_OT,top32,43,fixed_0.5,0.5,0.9020249642181855,0.9702975345273368,0.8991836734693878,0.9039803036520312,0.9015756087579292,0.7098270328134433,0.6637931034482759,0.6516220028208745,0.6576512455516014
H_OT,top32,43,train_f1,0.55601966381073,0.9020249642181855,0.9702975345273368,0.9092055485498108,0.8875666803446861,0.8982558139534884,0.7098270328134433,0.6427640156453716,0.6953455571227081,0.6680216802168022
H_OT,top32,44,fixed_0.5,0.5,0.90306354838691,0.9706376301034338,0.875824602250679,0.926138695116947,0.9002792181890706,0.709283162492676,0.6836555360281195,0.5486600846262342,0.6087636932707355
H_OT,top32,44,train_f1,0.6113573312759399,0.90306354838691,0.9706376301034338,0.8999176276771005,0.8965941731637259,0.8982528263103803,0.709283162492676,0.649025069637883,0.6572637517630465,0.6531184302733006
H_OT,top32,45,fixed_0.5,0.5,0.9069803042307908,0.971044864568357,0.8989082086534573,0.9121871153057037,0.9054989816700612,0.7295452127144142,0.6820208023774146,0.6473906911142454,0.6642547033285094
H_OT,top32,45,train_f1,0.5554443597793579,0.9069803042307908,0.971044864568357,0.9090531561461794,0.8982355354944604,0.9036119711042312,0.7295452127144142,0.6639566395663956,0.691114245416079,0.6772633033863165
H_OT,full,43,fixed_0.5,0.5,0.8998884730179364,0.9693580485516337,0.9134860050890585,0.8838736151005334,0.8984358706986444,0.7090868384723553,0.6408629441624365,0.7122708039492243,0.6746826987307949
H_OT,full,43,train_f1,0.44373276829719543,0.8998884730179364,0.9693580485516337,0.90351966873706,0.895363151415675,0.8994229183841714,0.7090868384723553,0.6511627906976745,0.6713681241184767,0.6611111111111111
H_OT,full,44,fixed_0.5,0.5,0.9007375134055202,0.9698924885267375,0.9181541140618198,0.8654082888797702,0.8910012674271229,0.69456554714162,0.6136631330977621,0.7348377997179125,0.668806161745828
H_OT,full,44,train_f1,0.380338579416275,0.9007375134055202,0.9698924885267375,0.9033856317093312,0.8978251949117768,0.9005968306235851,0.69456554714162,0.6560773480662984,0.6699576868829337,0.6629448709002094
H_OT,full,45,fixed_0.5,0.5,0.9010627763215542,0.9692506984341154,0.8877913868036349,0.9220352892901108,0.9045893719806763,0.7089812356242323,0.6910569105691057,0.5994358251057827,0.6419939577039275
H_OT,full,45,train_f1,0.6185582280158997,0.9010627763215542,0.9692506984341154,0.908485856905158,0.8961838325810423,0.9022929146870481,0.7089812356242323,0.6590296495956873,0.689703808180536,0.6740179186767746
AE+I,top32,43,fixed_0.5,0.5,0.8893388423533988,0.9640054349348612,0.898479243732018,0.8970045137464095,0.897741273100616,0.6842864348481051,0.6479663394109397,0.6516220028208745,0.6497890295358649
AE+I,top32,43,train_f1,0.4970269501209259,0.8893388423533988,0.9640054349348612,0.896029471960704,0.8982355354944604,0.8971311475409836,0.6842864348481051,0.647226173541963,0.6417489421720733,0.6444759206798867
AE+I,top32,44,fixed_0.5,0.5,0.8873288101338498,0.9623269043909264,0.8868,0.9097250718096019,0.8981162649382216,0.6898749354828908,0.6594427244582043,0.6008462623413258,0.6287822878228783
AE+I,top32,44,train_f1,0.5349226593971252,0.8873288101338498,0.9623269043909264,0.8999172870140613,0.8929011079195732,0.8963954685890834,0.6898749354828908,0.6414835164835165,0.6586741889985895,0.6499652052887961
AE+I,top32,45,fixed_0.5,0.5,0.8884747542152511,0.9638029991622606,0.8953156822810591,0.901928600738613,0.8986099754701553,0.6813900204752582,0.6541244573082489,0.6375176304654443,0.6457142857142857
AE+I,top32,45,train_f1,0.45218223333358765,0.8884747542152511,0.9638029991622606,0.8766006984866124,0.9269593762823143,0.901076984443558,0.6813900204752582,0.687170474516696,0.5514809590973202,0.6118935837245696
AE+I,full,43,fixed_0.5,0.5,0.8915184511466097,0.9642992257758074,0.9031456953642384,0.895363151415675,0.8992375849989697,0.6915890555602545,0.6506849315068494,0.6699576868829337,0.660180681028492
AE+I,full,43,train_f1,0.5293070673942566,0.8915184511466097,0.9642992257758074,0.9098221845893311,0.8818219121871153,0.8956032506772245,0.6915890555602545,0.6326530612244898,0.6995768688293371,0.6644340254521098
AE+I,full,44,fixed_0.5,0.5,0.8882866573332029,0.9622699405528251,0.8854870775347913,0.9138284776364383,0.8994345718901454,0.6890668441292922,0.6671949286846276,0.5937940761636107,0.6283582089552239
AE+I,full,44,train_f1,0.5325767993927002,0.8882866573332029,0.9622699405528251,0.8943948009748173,0.9035699630693476,0.898958971218616,0.6890668441292922,0.6564327485380117,0.6332863187588152,0.6446518305814788
AE+I,full,45,fixed_0.5,0.5,0.8902972683123891,0.9638002219474722,0.8985270049099836,0.9011079195732458,0.8998156115550092,0.6886795095391189,0.6566951566951567,0.6502115655853314,0.6534372785258682
AE+I,full,45,train_f1,0.4545322358608246,0.8902972683123891,0.9638002219474722,0.8851298190401259,0.9232663110381617,0.9037959429604339,0.6886795095391189,0.6903973509933775,0.5881523272214386,0.6351865955826352
AE+S,top32,43,fixed_0.5,0.5,0.896782848805411,0.967728697068328,0.9042065805914202,0.8908494050061551,0.8974782968168665,0.698731088756892,0.6429530201342282,0.6755994358251057,0.6588720770288858
AE+S,top32,43,train_f1,0.48173999786376953,0.896782848805411,0.967728697068328,0.9006568144499179,0.9002872384078785,0.9004719885081058,0.698731088756892,0.6577464788732394,0.6586741889985895,0.6582100070472163
AE+S,top32,44,fixed_0.5,0.5,0.8937414669126007,0.9661404180047743,0.8938161106590724,0.9015182601559294,0.8976506639427988,0.6987337377301798,0.6511627906976745,0.6318758815232722,0.6413743736578382
AE+S,top32,44,train_f1,0.4419136941432953,0.8937414669126007,0.9661404180047743,0.8783417280123983,0.9302421009437833,0.9035472299721005,0.6987337377301798,0.6991150442477876,0.5571227080394923,0.6200941915227629
AE+S,top32,45,fixed_0.5,0.5,0.8924896098176154,0.9656116146225475,0.9063418731625368,0.885514977431268,0.8958073889580739,0.6943157174056478,0.6352941176470588,0.685472496473907,0.6594301221166893
AE+S,top32,45,train_f1,0.5186007618904114,0.8924896098176154,0.9656116146225475,0.9121160409556314,0.8773081657775954,0.8943735620163146,0.6943157174056478,0.6271820448877805,0.7094499294781382,0.6657842488418266
AE+S,full,43,fixed_0.5,0.5,0.8954548848181508,0.9668323748476734,0.9105485232067511,0.885514977431268,0.8978572914499688,0.7017170462728826,0.6404639175257731,0.7009873060648801,0.6693602693602694
AE+S,full,43,train_f1,0.4677213132381439,0.8954548848181508,0.9668323748476734,0.9018151815181518,0.8970045137464095,0.8994034149351985,0.7017170462728826,0.6523545706371191,0.6643159379407616,0.6582809224318659
AE+S,full,44,fixed_0.5,0.5,0.8956374834836468,0.9664765693540881,0.9050791007493755,0.892080426754206,0.8985327547013846,0.7020653148391598,0.646505376344086,0.6784203102961918,0.6620784583620096
AE+S,full,44,train_f1,0.4647526144981384,0.8956374834836468,0.9664765693540881,0.9007726718178121,0.9089043906442347,0.9048202614379085,0.7020653148391598,0.6768558951965066,0.6558533145275035,0.666189111747851
AE+S,full,45,fixed_0.5,0.5,0.8969339050706869,0.9669298604248642,0.9176724137931035,0.8736151005334427,0.8951019550136641,0.7070925558184092,0.6271186440677966,0.7306064880112835,0.6749185667752443
AE+S,full,45,train_f1,0.44969213008880615,0.8969339050706869,0.9669298604248642,0.9050763516302105,0.8998768978251949,0.9024691358024691,0.7070925558184092,0.6625172890733056,0.6755994358251057,0.6689944134078212
AE+I+S,top32,43,fixed_0.5,0.5,0.8927749383186916,0.9663110994568512,0.8879518072289156,0.9072630283135003,0.8975035518571138,0.6906574054505754,0.6554878048780488,0.6064880112834978,0.63003663003663
AE+I+S,top32,43,train_f1,0.534468412399292,0.8927749383186916,0.9663110994568512,0.9023275145469659,0.8908494050061551,0.896551724137931,0.6906574054505754,0.6405405405405405,0.6685472496473907,0.6542443064182195
AE+I+S,top32,44,fixed_0.5,0.5,0.8937194740463923,0.9669299633851045,0.9128577530969672,0.8768978251949118,0.8945165341146923,0.6820987059203437,0.6273291925465838,0.7122708039492243,0.667107001321004
AE+I+S,top32,44,train_f1,0.4511208236217499,0.8937194740463923,0.9669299633851045,0.8968058968058968,0.8986458760771441,0.897724943635991,0.6820987059203437,0.6491477272727273,0.6445698166431594,0.6468506723283793
AE+I+S,top32,45,fixed_0.5,0.5,0.8901172740652598,0.966034319374292,0.8935907970419064,0.8924907673368896,0.8930404434407719,0.6806310312948151,0.6320224719101124,0.6346967559943583,0.633356790992259
AE+I+S,top32,45,train_f1,0.48426058888435364,0.8901172740652598,0.966034319374292,0.8891145410235581,0.8982355354944604,0.8936517656664625,0.6806310312948151,0.6374269005847953,0.614950634696756,0.6259870782483847
AE+I+S,full,43,fixed_0.5,0.5,0.896521249449455,0.9673540612253695,0.8905811623246493,0.9117767747230201,0.9010543390105434,0.7010269148253574,0.6697388632872504,0.614950634696756,0.6411764705882353
AE+I+S,full,43,train_f1,0.529827356338501,0.896521249449455,0.9673540612253695,0.9027606098063453,0.8990562166598277,0.9009046052631579,0.7010269148253574,0.6578581363004172,0.6671368124118476,0.6624649859943977
AE+I+S,full,44,fixed_0.5,0.5,0.898063065122613,0.9677322673809771,0.9139326800170431,0.8801805498563808,0.8967391304347826,0.7037719825421058,0.6345431789737171,0.7150916784203103,0.6724137931034483
AE+I+S,full,44,train_f1,0.48254385590553284,0.898063065122613,0.9677322673809771,0.9100084104289319,0.8879770209273697,0.8988577362409138,0.7037719825421058,0.64453125,0.6981664315937941,0.6702775897088693
AE+I+S,full,45,fixed_0.5,0.5,0.8960756045289099,0.9673312968562556,0.8975829578041786,0.8990562166598277,0.8983189831898319,0.6924647316279924,0.6510638297872341,0.6473906911142454,0.6492220650636492
AE+I+S,full,45,train_f1,0.48085445165634155,0.8960756045289099,0.9673312968562556,0.8924383340072786,0.9056216659827657,0.8989816700610997,0.6924647316279924,0.6582466567607727,0.6248236953455572,0.6410998552821997
AE+N,top32,43,fixed_0.5,0.5,0.8885196080871242,0.9653910332408611,0.881980198019802,0.9138284776364383,0.8976219266424829,0.6764843094495896,0.6618357487922706,0.5796897038081805,0.6180451127819548
AE+N,top32,43,train_f1,0.4852342903614044,0.8885196080871242,0.9653910332408611,0.8780773739742087,0.9220352892901108,0.899519615692554,0.6764843094495896,0.676320272572402,0.5599435825105783,0.6126543209876543
AE+N,top32,44,fixed_0.5,0.5,0.8894111873080326,0.9655991829398305,0.8883064516129032,0.9039803036520312,0.8960748423835672,0.676491277439353,0.6486486486486487,0.609308885754584,0.6283636363636363
AE+N,top32,44,train_f1,0.4824538826942444,0.8894111873080326,0.9655991829398305,0.8848146671980869,0.9109560935576528,0.8976951071572988,0.676491277439353,0.6593406593406593,0.5923836389280677,0.6240713224368499
AE+N,top32,45,fixed_0.5,0.5,0.8916075801307186,0.9658312132881939,0.902806870548806,0.884283955683217,0.8934494195688225,0.6824277486812982,0.6284584980237155,0.6727785613540197,0.6498637602179836
AE+N,top32,45,train_f1,0.4383646845817566,0.8916075801307186,0.9658312132881939,0.8836565096952909,0.9162905211325401,0.8996776792908945,0.6824277486812982,0.6704361873990307,0.5853314527503526,0.625
AE+N,full,43,fixed_0.5,0.5,0.8904546909336724,0.9654693990443676,0.8988119623105285,0.9002872384078785,0.8995489954899549,0.6794686116032255,0.6553191489361702,0.6516220028208745,0.6534653465346535
AE+N,full,43,train_f1,0.49442142248153687,0.8904546909336724,0.9654693990443676,0.8969450101832994,0.9035699630693476,0.9002452984464432,0.6794686116032255,0.6599131693198264,0.6431593794076164,0.6514285714285715
AE+N,full,44,fixed_0.5,0.5,0.891119396376849,0.9661717910890595,0.8989733059548255,0.8982355354944604,0.8986042692939245,0.678464552411391,0.6511954992967651,0.6530324400564175,0.652112676056338
AE+N,full,44,train_f1,0.45195722579956055,0.891119396376849,0.9661717910890595,0.8834990059642147,0.9117767747230201,0.8974151857835219,0.678464552411391,0.659270998415214,0.5867418899858956,0.6208955223880597
AE+N,full,45,fixed_0.5,0.5,0.8916533021420472,0.9658664960392178,0.9071246819338422,0.877718506360279,0.8921793534932221,0.68284762517705,0.6218274111675127,0.691114245416079,0.6546426185704742
AE+N,full,45,train_f1,0.4414319396018982,0.8916533021420472,0.9658664960392178,0.8935824532900081,0.9027492819039803,0.8981424780567463,0.68284762517705,0.6535087719298246,0.6304654442877292,0.6417803302225413
AE+S+N,top32,43,fixed_0.5,0.5,0.8902891656774701,0.9660303348868365,0.9062765055131468,0.8768978251949118,0.8913451511991658,0.684572899206118,0.6192893401015228,0.688293370944993,0.6519706078824316
AE+S+N,top32,43,train_f1,0.45669984817504883,0.8902891656774701,0.9660303348868365,0.8926092282564312,0.8970045137464095,0.8948014735980352,0.684572899206118,0.6398852223816356,0.6290550070521862,0.6344238975817923
AE+S+N,top32,44,fixed_0.5,0.5,0.8922667873573429,0.9667470095701471,0.8957990115321252,0.8924907673368896,0.894141829393628,0.6866225582476315,0.6350974930362117,0.6431593794076164,0.6391030133146461
AE+S+N,top32,44,train_f1,0.4945034384727478,0.8922667873573429,0.9667470095701471,0.8931641424478101,0.895363151415675,0.8942622950819672,0.6866225582476315,0.6372688477951636,0.6318758815232722,0.6345609065155807
AE+S+N,top32,45,fixed_0.5,0.5,0.8918422671635512,0.9661572342639235,0.8897415185783522,0.9039803036520312,0.8968043964990841,0.6859303461815136,0.6507462686567164,0.614950634696756,0.6323422770123278
AE+S+N,top32,45,train_f1,0.5065776705741882,0.8918422671635512,0.9661572342639235,0.8915956151035322,0.9011079195732458,0.8963265306122449,0.6859303461815136,0.6471449487554904,0.6234132581100141,0.6350574712643678
AE+S+N,full,43,fixed_0.5,0.5,0.8947571900756612,0.9678883398264231,0.9114853195164075,0.8662289700451374,0.8882810856301283,0.6918401102934392,0.6072289156626506,0.7108603667136812,0.6549707602339181
AE+S+N,full,43,train_f1,0.4479030668735504,0.8947571900756612,0.9678883398264231,0.9018789144050104,0.8863356585966352,0.8940397350993378,0.6918401102934392,0.6311584553928096,0.6685472496473907,0.6493150684931507
AE+S+N,full,44,fixed_0.5,0.5,0.8924224736997152,0.9660034424750543,0.9108826049700086,0.8723840787853919,0.8912177740515616,0.6891613151972246,0.6169950738916257,0.7066290550070522,0.6587771203155819
AE+S+N,full,44,train_f1,0.4254066050052643,0.8924224736997152,0.9660034424750543,0.8907766990291263,0.9035699630693476,0.8971277245874923,0.6891613151972246,0.6513353115727003,0.6191819464033851,0.6348517715112075
AE+S+N,full,45,fixed_0.5,0.5,0.8933224449353612,0.9662738451261135,0.8984310487200661,0.8929011079195732,0.8956575427042601,0.6940170040372852,0.6395027624309392,0.6530324400564175,0.6461967899511515
AE+S+N,full,45,train_f1,0.4779428243637085,0.8933224449353612,0.9662738451261135,0.8904665314401623,0.9006975789905621,0.8955528355773154,0.6940170040372852,0.644640234948605,0.6191819464033851,0.6316546762589929
U,top32,43,fixed_0.5,0.5,0.9030273759095931,0.969452972875227,0.9100126742712294,0.8838736151005334,0.8967527060782681,0.7205452893903677,0.6367137355584083,0.6995768688293371,0.6666666666666666
U,top32,43,train_f1,0.4932279586791992,0.9030273759095931,0.969452972875227,0.9082105263157895,0.8851046368485843,0.8965087281795511,0.7205452893903677,0.6368352788586251,0.692524682651622,0.6635135135135135
U,top32,44,fixed_0.5,0.5,0.9024651109221782,0.9695715250470737,0.9172413793103448,0.8732047599507591,0.8946815219676266,0.7077792202512171,0.62590799031477,0.7291960507757405,0.6736156351791531
U,top32,44,train_f1,0.457620233297348,0.9024651109221782,0.9695715250470737,0.909205020920502,0.8916700861715223,0.9003521856225398,0.7077792202512171,0.6507936507936508,0.693935119887165,0.6716723549488055
U,top32,45,fixed_0.5,0.5,0.9007904699123122,0.9694768667912619,0.8936341659951652,0.9101354123922856,0.9018093108355357,0.7039892739012118,0.6701807228915663,0.6276445698166432,0.6482155863073562
U,top32,45,train_f1,0.5154231190681458,0.9007904699123122,0.9694768667912619,0.894566098945661,0.9052113254000821,0.8998572302671833,0.7039892739012118,0.6602941176470588,0.6332863187588152,0.646508279337653
U,full,43,fixed_0.5,0.5,0.9002143146936077,0.9688651475047694,0.901985111662531,0.8949528108329914,0.8984552008238929,0.7167156645499699,0.6483516483516484,0.6657263751763046,0.6569241475295755
U,full,43,train_f1,0.47101080417633057,0.9002143146936077,0.9688651475047694,0.8958248885285772,0.9068526877308166,0.901305057096248,0.7167156645499699,0.6656848306332842,0.6375176304654443,0.6512968299711815
U,full,44,fixed_0.5,0.5,0.9032522240285955,0.9693652630187429,0.9142125480153649,0.8789495281083299,0.896234309623431,0.7165543018847705,0.6326276463262764,0.7165021156558533,0.671957671957672
U,full,44,train_f1,0.48080000281333923,0.9032522240285955,0.9693652630187429,0.9120507399577167,0.8851046368485843,0.8983756768013328,0.7165543018847705,0.6414852752880922,0.7066290550070522,0.6724832214765101
U,full,45,fixed_0.5,0.5,0.9019835829041347,0.9696323646213205,0.9096989966555183,0.8929011079195732,0.9012217850486643,0.7128132400300993,0.6538461538461539,0.6953455571227081,0.6739576213260424
U,full,45,train_f1,0.5174228549003601,0.9019835829041347,0.9696323646213205,0.9135226791013141,0.884283955683217,0.8986655546288573,0.7128132400300993,0.6416772554002541,0.7122708039492243,0.6751336898395722
D_OT+strength,top32,43,fixed_0.5,0.5,0.8971220019527351,0.967826377203987,0.9026108578532946,0.8937217890849405,0.8981443298969072,0.6958558517763228,0.6466575716234653,0.6685472496473907,0.6574202496532594
D_OT+strength,top32,43,train_f1,0.4716944396495819,0.8971220019527351,0.967826377203987,0.8954434499593165,0.9031596224866639,0.8992849846782431,0.6958558517763228,0.6569767441860465,0.6375176304654443,0.6471009305654974
D_OT+strength,top32,44,fixed_0.5,0.5,0.8923738578902012,0.9658264891046611,0.9077506318449874,0.884283955683217,0.8958636458116815,0.6925151071895005,0.6347150259067358,0.691114245416079,0.6617150573936529
D_OT+strength,top32,44,train_f1,0.4453448951244354,0.8923738578902012,0.9658264891046611,0.8948863636363636,0.9048009848173985,0.8998163640073454,0.6925151071895005,0.6598240469208211,0.6346967559943583,0.6470165348670022
D_OT+strength,top32,45,fixed_0.5,0.5,0.8941616464091147,0.9672766364389817,0.9069081718618366,0.8834632745178498,0.8950322178341301,0.6905015089104732,0.6321243523316062,0.688293370944993,0.6590141796083727
D_OT+strength,top32,45,train_f1,0.45962241291999817,0.8941616464091147,0.9672766364389817,0.8978251949117768,0.8978251949117768,0.8978251949117768,0.6905015089104732,0.6488011283497884,0.6488011283497884,0.6488011283497884
D_OT+strength,full,43,fixed_0.5,0.5,0.8986557149909743,0.9674185411714218,0.8979259861732412,0.9060320065654494,0.9019607843137255,0.7067438531014446,0.6666666666666666,0.6459802538787024,0.6561604584527221
D_OT+strength,full,43,train_f1,0.4680761396884918,0.8986557149909743,0.9674185411714218,0.8896387455339421,0.919573245794009,0.9043583535108959,0.7067438531014446,0.6874003189792663,0.607898448519041,0.6452095808383234
D_OT+strength,full,44,fixed_0.5,0.5,0.8946781893852009,0.9653660313917727,0.905511811023622,0.8965941731637259,0.9010309278350516,0.7053354318700397,0.6562073669849932,0.6784203102961918,0.6671289875173371
D_OT+strength,full,44,train_f1,0.47993186116218567,0.8946781893852009,0.9653660313917727,0.9012244897959184,0.9060320065654494,0.903621853898097,0.7053354318700397,0.6709770114942529,0.6586741889985895,0.6647686832740214
D_OT+strength,full,45,fixed_0.5,0.5,0.8936945873819981,0.9661711155162303,0.8956133225020309,0.9048009848173985,0.9001837109614207,0.6941756634908497,0.6608187134502924,0.6375176304654443,0.6489590811198851
D_OT+strength,full,45,train_f1,0.487503319978714,0.8936945873819981,0.9661711155162303,0.8919790407093914,0.9080837094788674,0.8999593330622204,0.6941756634908497,0.6631578947368421,0.6220028208744711,0.6419213973799127
