feature_set,seed,threshold_rule,auroc,real_aupr,hall_aupr,precision,recall,f1,decision_threshold
A,43,fixed_0.5,0.8278776718277613,0.9731339600020346,0.3839697467583593,0.9156994502138057,0.9677211103938025,0.9409918392969241,0.5
A,43,train_f1,0.8278776718277613,0.9731339600020346,0.3839697467583593,0.9173349784083898,0.959974176888315,0.9381703470031546,0.5292660593986511
A,44,fixed_0.5,0.8219969167486869,0.9743639045548435,0.39616642153027526,0.9246968730057434,0.9354422207876049,0.9300385109114249,0.5
A,44,train_f1,0.8219969167486869,0.9743639045548435,0.39616642153027526,0.9209707529558183,0.9554551323434474,0.9378960709759189,0.4387143552303314
A,45,fixed_0.5,0.820315945065916,0.9735821851612789,0.3875595847406307,0.9308996088657105,0.921885087153002,0.9263704184236133,0.5
A,45,train_f1,0.820315945065916,0.9735821851612789,0.3875595847406307,0.9237074401008827,0.9457714654615881,0.9346092503987241,0.4386212229728699
B,43,fixed_0.5,0.7815407084422525,0.9655222437242501,0.3254413316798685,0.9020527859237537,0.9928986442866365,0.9452980946527351,0.5
B,43,train_f1,0.7815407084422525,0.9655222437242501,0.3254413316798685,0.9060083283759667,0.9832149774047773,0.9430340557275542,0.5960018634796143
B,44,fixed_0.5,0.7728730328398015,0.9636088058593563,0.3275883772442815,0.9025249559600704,0.9922530664945126,0.9452644526445264,0.5
B,44,train_f1,0.7728730328398015,0.9636088058593563,0.3275883772442815,0.9070875521143538,0.9832149774047773,0.9436183395291202,0.6072036623954773
B,45,fixed_0.5,0.7834456920911429,0.9664621887838649,0.3277684275212326,0.9038348082595871,0.9890251775338929,0.9445129469790382,0.5
B,45,train_f1,0.7834456920911429,0.9664621887838649,0.3277684275212326,0.9013505578391074,0.9909619109102646,0.9440344403444034,0.45113512873649597
F,43,fixed_0.5,0.8671062240049106,0.9818115497734486,0.41931155219043076,0.903112155020552,0.9928986442866365,0.9458794587945879,0.5
F,43,train_f1,0.8671062240049106,0.9818115497734486,0.41931155219043076,0.9117824773413897,0.974176888315042,0.9419475655430711,0.5388975143432617
F,44,fixed_0.5,0.8674484155122113,0.9816492728555319,0.4117871938007588,0.9024103468547913,0.9909619109102646,0.9446153846153846,0.5
F,44,train_f1,0.8674484155122113,0.9816492728555319,0.4117871938007588,0.9062126642771804,0.9793415106520336,0.9413589823146137,0.5357263684272766
F,45,fixed_0.5,0.8666758388101614,0.9820252458599195,0.3986485815706126,0.9077291791491912,0.9780503550677857,0.9415786202610317,0.5
F,45,train_f1,0.8666758388101614,0.9820252458599195,0.3986485815706126,0.9107358262967431,0.9748224661071659,0.9416900530090427,0.5186372399330139
C_JS,43,fixed_0.5,0.8018640617779142,0.9693226999684408,0.3584719230285014,0.9060838747784997,0.9903163331181407,0.946329426280074,0.5
C_JS,43,train_f1,0.8018640617779142,0.9693226999684408,0.3584719230285014,0.9132281553398058,0.9715945771465462,0.9415076634344698,0.591012179851532
C_JS,44,fixed_0.5,0.7657293441564627,0.9635041928738934,0.3363602878754147,0.9154754505904288,0.9509360877985797,0.9328689043698544,0.5
C_JS,44,train_f1,0.7657293441564627,0.9635041928738934,0.3363602878754147,0.9073634204275535,0.986442866365397,0.9452520878441076,0.38326939940452576
C_JS,45,fixed_0.5,0.7966218289959678,0.9692551746076472,0.36682567784382614,0.913647342995169,0.9767591994835377,0.9441497659906396,0.5
C_JS,45,train_f1,0.7966218289959678,0.9692551746076472,0.36682567784382614,0.916310323762981,0.9683666881859264,0.9416195856873822,0.5330812335014343
D_JS,43,fixed_0.5,0.8147720898728953,0.9737699874599083,0.3561797578380898,0.9087677725118484,0.9903163331181407,0.9477911646586346,0.5
D_JS,43,train_f1,0.8147720898728953,0.9737699874599083,0.3561797578380898,0.9130166563849476,0.9554551323434474,0.9337539432176656,0.6812629103660583
D_JS,44,fixed_0.5,0.8173614565363869,0.9731189068808193,0.36722153768098925,0.9088743299583085,0.9851517107811492,0.9454770755885997,0.5
D_JS,44,train_f1,0.8173614565363869,0.9731189068808193,0.36722153768098925,0.9136558481322719,0.9632020658489348,0.9377749842866122,0.5876721739768982
D_JS,45,fixed_0.5,0.8122109451893871,0.9724476779536034,0.37073969776943877,0.9053497942386831,0.9941897998708844,0.9476923076923077,0.5
D_JS,45,train_f1,0.8122109451893871,0.9724476779536034,0.37073969776943877,0.9123867069486404,0.9748224661071659,0.9425717852684145,0.6705034375190735
E_JS,43,fixed_0.5,0.8017264796254944,0.9683265728278796,0.36082489819549635,0.9079572446555819,0.987088444157521,0.9458707083204454,0.5
E_JS,43,train_f1,0.8017264796254944,0.9683265728278796,0.36082489819549635,0.9118889559444779,0.9754680438992899,0.9426076107298814,0.591428279876709
E_JS,44,fixed_0.5,0.7863807780094332,0.9656169138537303,0.3732996038664087,0.9209511568123393,0.9251129761136216,0.9230273752012882,0.5
E_JS,44,train_f1,0.7863807780094332,0.9656169138537303,0.3732996038664087,0.9116251482799526,0.9922530664945126,0.9502318392581144,0.3478738069534302
E_JS,45,fixed_0.5,0.793522702819023,0.9667327179164743,0.36775068326392735,0.9087136929460581,0.9896707553260168,0.9474660074165636,0.5
E_JS,45,train_f1,0.793522702819023,0.9667327179164743,0.36775068326392735,0.9169719169719169,0.9696578437701743,0.942579228114214,0.6008144021034241
G_JS,43,fixed_0.5,0.8684679345391174,0.9822466179697193,0.40352166780703075,0.9036073329390893,0.986442866365397,0.9432098765432099,0.5
G_JS,43,train_f1,0.8684679345391174,0.9822466179697193,0.40352166780703075,0.9078396169958108,0.9793415106520336,0.9422360248447205,0.5233451128005981
G_JS,44,fixed_0.5,0.86971675715339,0.9824384628172584,0.3987165711393636,0.9036073329390893,0.986442866365397,0.9432098765432099,0.5
G_JS,44,train_f1,0.86971675715339,0.9824384628172584,0.3987165711393636,0.9061757719714965,0.9851517107811492,0.9440148468914321,0.5058375000953674
G_JS,45,fixed_0.5,0.87048933385544,0.9825171581079598,0.40904623555377256,0.9052693901716993,0.987088444157521,0.9444101297096974,0.5
G_JS,45,train_f1,0.87048933385544,0.9825171581079598,0.40904623555377256,0.9108970499698976,0.9767591994835377,0.9426791277258567,0.5346406698226929
H_JS,43,fixed_0.5,0.8804763870221224,0.9838345807111795,0.4261664230311945,0.9097429766885834,0.9825693996126533,0.9447548106765984,0.5
H_JS,43,train_f1,0.8804763870221224,0.9838345807111795,0.4261664230311945,0.9150485436893204,0.973531310522918,0.9433844228964654,0.5370386242866516
H_JS,44,fixed_0.5,0.8822261497811034,0.9844208216514545,0.42771453003924226,0.9180929095354523,0.9696578437701743,0.9431711145996861,0.5
H_JS,44,train_f1,0.8822261497811034,0.9844208216514545,0.42771453003924226,0.92336217552534,0.9644932214331827,0.943479633722766,0.5166484117507935
H_JS,45,fixed_0.5,0.8770826939290993,0.9833915968283262,0.41751423253535214,0.9084380610412927,0.9799870884441575,0.9428571428571428,0.5
H_JS,45,train_f1,0.8770826939290993,0.9833915968283262,0.41751423253535214,0.9074074074074074,0.9806326662362814,0.9426000620539869,0.4953075647354126
C_OT,43,fixed_0.5,0.7978512489990016,0.969414218493734,0.3512574067890382,0.9052383755150089,0.9928986442866365,0.9470443349753694,0.5
C_OT,43,train_f1,0.7978512489990016,0.969414218493734,0.3512574067890382,0.915327564894932,0.9561007101355713,0.9352699715819387,0.7506757378578186
C_OT,44,fixed_0.5,0.7797239184808108,0.9655643461847302,0.3501836273732409,0.9149468417761101,0.9444803098773402,0.9294790343074968,0.5
C_OT,44,train_f1,0.7797239184808108,0.9655643461847302,0.3501836273732409,0.9107468123861566,0.9683666881859264,0.9386733416770964,0.42023682594299316
C_OT,45,fixed_0.5,0.8091700268461585,0.9714601268774277,0.3569463375984697,0.912911084043849,0.9677211103938025,0.9395173926668756,0.5
C_OT,45,train_f1,0.8091700268461585,0.9714601268774277,0.3569463375984697,0.9148009950248757,0.9496449322143318,0.9318973709217612,0.5578446388244629
D_OT,43,fixed_0.5,0.8207904271043895,0.974384768727692,0.37513608848166463,0.9096349491322562,0.9812782440284055,0.9440993788819876,0.5
D_OT,43,train_f1,0.8207904271043895,0.974384768727692,0.37513608848166463,0.9137614678899083,0.9644932214331827,0.9384422110552764,0.5743398666381836
D_OT,44,fixed_0.5,0.8228682703806793,0.9731906644238972,0.40345647364991344,0.9137724550898204,0.9851517107811492,0.9481205343274309,0.5
D_OT,44,train_f1,0.8228682703806793,0.9731906644238972,0.40345647364991344,0.920625,0.9509360877985797,0.9355350905049222,0.6102166771888733
D_OT,45,fixed_0.5,0.8107645687152296,0.9722078967557427,0.36697985465967586,0.906508875739645,0.9890251775338929,0.9459709786971288,0.5
D_OT,45,train_f1,0.8107645687152296,0.9722078967557427,0.36697985465967586,0.9146567717996289,0.9548095545513234,0.934301958307012,0.6239662766456604
E_OT,43,fixed_0.5,0.7984280357149156,0.9676735796861828,0.37245226036655743,0.9121338912133892,0.9851517107811492,0.9472377405338299,0.5
E_OT,43,train_f1,0.7984280357149156,0.9676735796861828,0.37245226036655743,0.9224464060529635,0.9444803098773402,0.9333333333333333,0.7073672413825989
E_OT,44,fixed_0.5,0.7997297745416575,0.9688993083513089,0.3604850155946096,0.9171339563862928,0.9502905100064558,0.9334178820545339,0.5
E_OT,44,train_f1,0.7997297745416575,0.9688993083513089,0.3604850155946096,0.9151702786377709,0.9541639767591995,0.934260429835651,0.49106040596961975
E_OT,45,fixed_0.5,0.7955299911453537,0.9679354193406138,0.37240546099851835,0.916156670746634,0.9664299548095545,0.94062205466541,0.5
E_OT,45,train_f1,0.7955299911453537,0.9679354193406138,0.37240546099851835,0.919454770755886,0.9580374435119432,0.9383496680366741,0.5278963446617126
G_OT,43,fixed_0.5,0.8663124808178729,0.9819187409722743,0.4019459339299895,0.9031877213695395,0.9877340219496449,0.9435707678075855,0.5
G_OT,43,train_f1,0.8663124808178729,0.9819187409722743,0.4019459339299895,0.9072966507177034,0.9793415106520336,0.941943495808755,0.519371747970581
G_OT,44,fixed_0.5,0.8664042022528194,0.9816316137182043,0.38839792552057745,0.9000587889476779,0.9883795997417689,0.9421538461538461,0.5
G_OT,44,train_f1,0.8664042022528194,0.9816316137182043,0.38839792552057745,0.9,0.9877340219496449,0.9418282548476454,0.5053712129592896
G_OT,45,fixed_0.5,0.8719780432995727,0.9825854877016185,0.4155949141411862,0.9067695961995249,0.9857972885732731,0.9446334673677699,0.5
G_OT,45,train_f1,0.8719780432995727,0.9825854877016185,0.4155949141411862,0.9119951778179626,0.9767591994835377,0.9432668329177057,0.5410330891609192
H_OT,43,fixed_0.5,0.8892569505445078,0.9853923021577773,0.4377310855517705,0.9153986609860012,0.9709489993544222,0.9423558897243107,0.5
H_OT,43,train_f1,0.8892569505445078,0.9853923021577773,0.4377310855517705,0.9170225747406956,0.9703034215622982,0.9429109159347553,0.5063056349754333
H_OT,44,fixed_0.5,0.8823566764385272,0.9844793549633324,0.4286039428444954,0.9244114002478315,0.9632020658489348,0.943408156813152,0.5
H_OT,44,train_f1,0.8823566764385272,0.9844793549633324,0.4286039428444954,0.9218461538461539,0.9670755326016786,0.9439193446754883,0.485274076461792
H_OT,45,fixed_0.5,0.8847978777071053,0.9845454907351461,0.44034044380250675,0.9110576923076923,0.9786959328599096,0.9436663554310614,0.5
H_OT,45,train_f1,0.8847978777071053,0.9845454907351461,0.44034044380250675,0.9246575342465754,0.9586830213040671,0.9413629160063391,0.588340699672699
