method,layer,metric,count,mean,std,q10,median,q90
JFFN,1,cosine,29173,0.9430656308882304,0.03892650543388281,0.8888409733772278,0.9542677998542786,0.9810201048851013
JFFN,1,js,29173,0.014366721444072581,0.008586661667471577,0.0052712582051754,0.012396875768899918,0.026067342236638067
JFFN,1,top1_agreement,29173,0.302060124087341,0.45915117937742594,0.0,0.0,1.0
JFFN,1,top32_overlap,29173,0.6864962893771638,0.1662204981697075,0.4375,0.71875,0.875
JFFN,1,total_variation,29173,0.1308517385418086,0.04157424326404651,0.07906621992588043,0.1263182908296585,0.18820681869983671
JFFN,2,cosine,29173,0.9699599691402171,0.025607533959441063,0.9386044025421143,0.9776142835617065,0.9914421916007996
JFFN,2,js,29173,0.006738745644904653,0.0034200229638832133,0.002963278628885746,0.006258872337639332,0.011026764288544655
JFFN,2,top1_agreement,29173,0.6940321530182018,0.4608161494512981,0.0,1.0,1.0
JFFN,2,top32_overlap,29173,0.7781799523532033,0.08602541527303038,0.65625,0.78125,0.875
JFFN,2,total_variation,29173,0.08823066227739748,0.023123341439058573,0.059561227262020115,0.08797357231378555,0.11693829149007796
JFFN,3,cosine,29173,0.9876992217053508,0.010482334827386988,0.9753984928131103,0.9904756546020508,0.9969476938247681
JFFN,3,js,29173,0.01563264430773981,0.006973540653636169,0.007718153111636639,0.014848862774670124,0.024058808758854865
JFFN,3,top1_agreement,29173,0.9020327014705378,0.2972704273019794,1.0,1.0,1.0
JFFN,3,top32_overlap,29173,0.7977817673876529,0.07605225603107525,0.6875,0.8125,0.90625
JFFN,3,total_variation,29173,0.13197860302417552,0.03720614880094548,0.08731728494167328,0.12941794097423553,0.17940365076065062
JFFN,4,cosine,29173,0.9553390675155503,0.05954791013208114,0.8904399037361145,0.9768292903900146,0.9937584877014161
JFFN,4,js,29173,0.03394195860208942,0.025591264737765573,0.011970017850399018,0.02532484382390976,0.0700361356139183
JFFN,4,top1_agreement,29173,0.8763239982175299,0.32921155563797055,0.0,1.0,1.0
JFFN,4,top32_overlap,29173,0.7368135776231447,0.10613458281726135,0.59375,0.75,0.875
JFFN,4,total_variation,29173,0.19948072167152944,0.0816658678509518,0.11472934484481812,0.1786540299654007,0.3216251671314239
JFFN,5,cosine,29173,0.9176804565254116,0.09143236934316251,0.792018449306488,0.9513678550720215,0.9896570086479187
JFFN,5,js,29173,0.03502676076299371,0.030828301050947596,0.008392102643847465,0.0244403388351202,0.07875855267047882
JFFN,5,top1_agreement,29173,0.7927878517807562,0.40530886228851437,0.0,1.0,1.0
JFFN,5,top32_overlap,29173,0.7646100418194907,0.12320035402012511,0.59375,0.78125,0.90625
JFFN,5,total_variation,29173,0.20070518401400297,0.0932811389971487,0.10121350139379502,0.1786555051803589,0.3392139196395874
JFFN,6,cosine,29173,0.8624247404579205,0.12342239467909676,0.6736840605735779,0.9024686217308044,0.9812751054763794
JFFN,6,js,29173,0.0493010723895158,0.0363866572340451,0.012997380644083022,0.03872246295213699,0.10271447896957397
JFFN,6,top1_agreement,29173,0.6286634902135536,0.4831621945952175,0.0,1.0,1.0
JFFN,6,top32_overlap,29173,0.694132845439276,0.1427218243340647,0.5,0.71875,0.875
JFFN,6,total_variation,29173,0.24434477822855818,0.10032232619023006,0.12593165040016174,0.22830159962177277,0.38900994062423705
JFFN,7,cosine,29173,0.7010807941673131,0.21286101438134916,0.37762764692306516,0.7468165159225464,0.9472685575485229
JFFN,7,js,29173,0.10121455007515158,0.06986581149453741,0.024477891623973846,0.08493772894144058,0.20462123751640318
JFFN,7,top1_agreement,29173,0.2833441881191513,0.4506220802160612,0.0,0.0,1.0
JFFN,7,top32_overlap,29173,0.5877245226750762,0.17806651099807758,0.34375,0.59375,0.8125
JFFN,7,total_variation,29173,0.3499196703569277,0.1375475557106872,0.1733716070652008,0.33977648615837097,0.5429844141006469
JFFN,8,cosine,29173,0.6995238143740257,0.19219563901286232,0.42849608063697814,0.7304226756095886,0.9234201431274414
JFFN,8,js,29173,0.09861280429927044,0.060357868324009564,0.03343097567558289,0.0862647294998169,0.17999795675277705
JFFN,8,top1_agreement,29173,0.27861378672059783,0.4483170134735096,0.0,0.0,1.0
JFFN,8,top32_overlap,29173,0.5104184519932815,0.1717370714470034,0.28125,0.53125,0.71875
JFFN,8,total_variation,29173,0.34774977155917264,0.11488949336928517,0.20367156267166137,0.3402756452560425,0.5021329760551453
JFFN,9,cosine,29173,0.6147356912605696,0.2507527400646196,0.23339265286922456,0.6546778082847595,0.9203368663787841
JFFN,9,js,29173,0.12224906837215947,0.08497795793999179,0.031275753676891324,0.1021672859787941,0.24824950993061062
JFFN,9,top1_agreement,29173,0.22335721386213278,0.416495820960881,0.0,0.0,1.0
JFFN,9,top32_overlap,29173,0.478425041990882,0.1992053682157738,0.1875,0.5,0.71875
JFFN,9,total_variation,29173,0.37949096912879715,0.14556860593834064,0.1949080377817154,0.3677683472633362,0.5867490768432617
JFFN,10,cosine,29173,0.5783371325972761,0.21733226172015643,0.26758514642715453,0.596451461315155,0.8561467289924621
JFFN,10,js,29173,0.1388471592502926,0.0804016879932482,0.04637470468878746,0.123897023499012,0.25537608861923217
JFFN,10,top1_agreement,29173,0.12641826346279095,0.33232015606316045,0.0,0.0,1.0
JFFN,10,top32_overlap,29173,0.447647439413156,0.1970202019714573,0.1875,0.46875,0.71875
JFFN,10,total_variation,29173,0.41486727216770425,0.13278470764338327,0.24337345361709595,0.40820130705833435,0.5974285960197449
JFFN,11,cosine,29173,0.437073774218288,0.23823326675114895,0.1391213655471802,0.4093678891658783,0.78619225025177
JFFN,11,js,29173,0.17791508723353827,0.09116528305309332,0.06384298205375671,0.1677429974079132,0.3059378921985626
JFFN,11,top1_agreement,29173,0.07788023172111198,0.26798302414178754,0.0,0.0,0.0
JFFN,11,top32_overlap,29173,0.38718164055805027,0.20281162315029008,0.125,0.375,0.65625
JFFN,11,total_variation,29173,0.467586679969537,0.1352316286813018,0.2842979669570923,0.4708329737186432,0.6429111361503601
JFFN,12,cosine,29173,0.31174564228834933,0.23479626544136167,0.07270106971263886,0.23887309432029724,0.6906668186187744
JFFN,12,js,29173,0.24733111708828284,0.10513679729016599,0.09853794723749162,0.2529749870300293,0.3815271735191345
JFFN,12,top1_agreement,29173,0.05559935556850513,0.22914638820821953,0.0,0.0,0.0
JFFN,12,top32_overlap,29173,0.31762567271106845,0.20075127793960013,0.09375,0.28125,0.625
JFFN,12,total_variation,29173,0.5604323398453267,0.14200908655735717,0.3533359169960022,0.5824712514877319,0.72678644657135
JFFN,13,cosine,29173,0.3299942600815013,0.2641765136744209,0.057765213400125505,0.2423713356256485,0.76642587184906
JFFN,13,js,29173,0.2692203400442689,0.1280626046709005,0.08708369880914688,0.2765624225139618,0.43665915131568905
JFFN,13,top1_agreement,29173,0.07513797004079115,0.26361383783659825,0.0,0.0,0.0
JFFN,13,top32_overlap,29173,0.33680543653378126,0.22276377440659234,0.0625,0.28125,0.6875
JFFN,13,total_variation,29173,0.5865927676934617,0.16753837786118364,0.3365630924701691,0.6165000796318054,0.7824391841888427
JFFN,14,cosine,29173,0.4488804427276625,0.22851280424052844,0.16299179196357727,0.4205687940120697,0.7858971834182739
JFFN,14,js,29173,0.1987030083929305,0.09437646989752271,0.07407654225826263,0.19488686323165894,0.3282861053943634
JFFN,14,top1_agreement,29173,0.08686113872416275,0.2816314636252571,0.0,0.0,0.0
JFFN,14,top32_overlap,29173,0.3589127789394303,0.19918799081886698,0.125,0.34375,0.65625
JFFN,14,total_variation,29173,0.50225704976944,0.13672962419129134,0.30940055847167974,0.5149106979370117,0.6735944747924805
JFFN,15,cosine,29173,0.316082503003325,0.24644836708486936,0.05551014989614487,0.24163919687271118,0.7135075569152832
JFFN,15,js,29173,0.2928546849564543,0.1309886537919822,0.10784856230020523,0.2982621490955353,0.46601558327674864
JFFN,15,top1_agreement,29173,0.06101532238713879,0.2393584191565701,0.0,0.0,0.0
JFFN,15,top32_overlap,29173,0.30415216981455456,0.21659950517515705,0.0625,0.28125,0.625
JFFN,15,total_variation,29173,0.6212636308733503,0.1653774968056456,0.3768352210521698,0.6475226879119873,0.8176830291748046
JFFN,16,cosine,29173,0.3590723954753636,0.22814346865346058,0.10320480167865753,0.3067018985748291,0.710289716720581
JFFN,16,js,29173,0.2259515554734864,0.10298706351800063,0.08701957911252976,0.22547592222690582,0.3635841727256775
JFFN,16,top1_agreement,29173,0.053748328934288554,0.22552038947966563,0.0,0.0,0.0
JFFN,16,top32_overlap,29173,0.30606746820690367,0.20289758754786286,0.0625,0.28125,0.59375
JFFN,16,total_variation,29173,0.5379229817463219,0.14311576251325464,0.33560192584991455,0.5539990663528442,0.7136661171913147
JFFN,17,cosine,29173,0.5288892762978556,0.21062057690486705,0.2499324768781662,0.5209843516349792,0.8256951570510864
JFFN,17,js,29173,0.16373135953079437,0.08456550079285517,0.05591826289892197,0.15687870979309082,0.2795164942741394
JFFN,17,top1_agreement,29173,0.09395674082199294,0.2917685241353183,0.0,0.0,0.0
JFFN,17,top32_overlap,29173,0.3814261046172831,0.19291190062189992,0.125,0.375,0.65625
JFFN,17,total_variation,29173,0.4548226969267247,0.13657893784040637,0.266069358587265,0.4607560634613037,0.6300880789756775
JFFN,18,cosine,29173,0.3721629397511236,0.23546561987446796,0.1072373703122139,0.317241370677948,0.739356255531311
JFFN,18,js,29173,0.26584065635366966,0.11958621352589745,0.09671612083911897,0.27161335945129395,0.4214755535125732
JFFN,18,top1_agreement,29173,0.07373256092962671,0.26133516867881673,0.0,0.0,0.0
JFFN,18,top32_overlap,29173,0.3143628097898742,0.21039267055507158,0.0625,0.28125,0.625
JFFN,18,total_variation,29173,0.5876301166012511,0.1584577963088284,0.35432208180427555,0.6145527958869934,0.7731011748313904
JFFN,19,cosine,29173,0.26246724866768434,0.23523008938831724,0.055599605292081834,0.17123457789421082,0.6534618258476257
JFFN,19,js,29173,0.29955487230379096,0.1152884670403353,0.12394517213106157,0.31929242610931396,0.4344006836414337
JFFN,19,top1_agreement,29173,0.057450382202721695,0.23270117272476923,0.0,0.0,0.0
JFFN,19,top32_overlap,29173,0.3199823038425942,0.20126739974891242,0.09375,0.28125,0.625
JFFN,19,total_variation,29173,0.6214513424862479,0.14791970462173157,0.39696831107139585,0.6592873334884644,0.776811134815216
JFFN,20,cosine,29173,0.35752149493364677,0.24996689512963363,0.08456508368253708,0.2901413142681122,0.7577236890792846
JFFN,20,js,29173,0.2702486358145262,0.1251289706913511,0.09300209283828735,0.2764643430709839,0.433513468503952
JFFN,20,top1_agreement,29173,0.07931991910328043,0.2702374317831071,0.0,0.0,0.0
JFFN,20,top32_overlap,29173,0.3069158554142529,0.21557445732777325,0.0625,0.25,0.625
JFFN,20,total_variation,29173,0.5941186487739583,0.16684265737906787,0.34819731712341306,0.6228339076042175,0.7900440096855164
JFFN,21,cosine,29173,0.43180055732215683,0.2409240342535312,0.148085880279541,0.38629716634750366,0.8081965208053586
JFFN,21,js,29173,0.21251592844404713,0.10399905921886046,0.06828213334083558,0.21368162333965302,0.34952324628829956
JFFN,21,top1_agreement,29173,0.09505364549412128,0.2932890212271833,0.0,0.0,0.0
JFFN,21,top32_overlap,29173,0.31747463407945703,0.21890723557863948,0.0625,0.28125,0.65625
JFFN,21,total_variation,29173,0.5226247424564147,0.15464210813893026,0.2963505864143372,0.5431315898895264,0.7089446187019348
JFFN,22,cosine,29173,0.4128010208963879,0.26052536831657913,0.11057663261890412,0.35579243302345276,0.8232582330703735
JFFN,22,js,29173,0.24587376458298751,0.123525680343852,0.0706195667386055,0.24946364760398865,0.40586321949958803
JFFN,22,top1_agreement,29173,0.10927912796078566,0.31198910261885093,0.0,0.0,1.0
JFFN,22,top32_overlap,29173,0.3415808281630275,0.2293122052277129,0.0625,0.3125,0.6875
JFFN,22,total_variation,29173,0.5635087168181869,0.17468345515783312,0.3024947762489319,0.590604305267334,0.7682705640792846
JFFN,23,cosine,29173,0.4324275114744747,0.2660979808430233,0.11933008581399919,0.3787159025669098,0.8481026172637939
JFFN,23,js,29173,0.24252998934791445,0.12231594987652034,0.06935003250837327,0.2467028945684433,0.40346772670745845
JFFN,23,top1_agreement,29173,0.13711308401604222,0.3439666934568694,0.0,0.0,1.0
JFFN,23,top32_overlap,29173,0.37540598327220376,0.2239102276157956,0.09375,0.34375,0.71875
JFFN,23,total_variation,29173,0.5581903722245372,0.17529486397906202,0.29692863225936894,0.5870835781097412,0.7649330019950866
JFFN,24,cosine,29173,0.4793298913153349,0.2652077283946827,0.1499117434024811,0.4451923966407776,0.8764050245285034
JFFN,24,js,29173,0.21906007074163109,0.1143138944138347,0.05987778455018998,0.22011181712150574,0.370758056640625
JFFN,24,top1_agreement,29173,0.17529907791451,0.3802227126262087,0.0,0.0,1.0
JFFN,24,top32_overlap,29173,0.41511307544647447,0.21805754965435417,0.15625,0.375,0.71875
JFFN,24,total_variation,29173,0.5255210603696925,0.16987315250609525,0.2746725082397461,0.5486524105072021,0.729603385925293
JFFN,25,cosine,29173,0.45678739707153476,0.2626854806682944,0.13014967143535613,0.41926494240760803,0.8527161359786987
JFFN,25,js,29173,0.22900063007814536,0.11899007521993986,0.06424806714057922,0.2304387092590332,0.38735381960868837
JFFN,25,top1_agreement,29173,0.14355739896479622,0.3506403744112456,0.0,0.0,1.0
JFFN,25,top32_overlap,29173,0.3718228327563158,0.22414395353259933,0.09375,0.34375,0.6875
JFFN,25,total_variation,29173,0.5392684330422166,0.17292439494471717,0.28522132635116576,0.5643226504325867,0.7464149832725524
JFFN,26,cosine,29173,0.49868787544960586,0.250929678938495,0.17975918352603912,0.46889206767082214,0.8712806105613708
JFFN,26,js,29173,0.19287278223035753,0.10362247949667684,0.055335255712270735,0.19000470638275146,0.3319171845912933
JFFN,26,top1_agreement,29173,0.15634319404929214,0.3631803955663873,0.0,0.0,1.0
JFFN,26,top32_overlap,29173,0.41028198162684676,0.218190069798495,0.125,0.375,0.71875
JFFN,26,total_variation,29173,0.4917499672396615,0.15996069765905185,0.2633049249649048,0.5093833208084106,0.6865248322486878
JFFN,27,cosine,29173,0.46697091034140464,0.25055446842989226,0.1600316733121872,0.42938390374183655,0.8474296808242797
JFFN,27,js,29173,0.20563061569723157,0.10561382387522773,0.060699763149023055,0.2055557668209076,0.3462848484516144
JFFN,27,top1_agreement,29173,0.13841565831419464,0.3453357262833412,0.0,0.0,1.0
JFFN,27,top32_overlap,29173,0.3887284475371062,0.2180370129494496,0.125,0.375,0.71875
JFFN,27,total_variation,29173,0.510272518732771,0.15856653815296592,0.2789240121841431,0.5314594507217407,0.7014487981796265
JFFN,28,cosine,29173,0.807902411505985,0.14084793055529346,0.6175089955329895,0.845794677734375,0.9444457411766052
JFFN,28,js,29173,0.06967748306785887,0.03993272321930593,0.03198234066367149,0.06170588359236717,0.1149982690811157
JFFN,28,top1_agreement,29173,0.4270387001679635,0.49464800487500166,0.0,0.0,1.0
JFFN,28,top32_overlap,29173,0.5957081462311041,0.13218520622514,0.40625,0.59375,0.75
JFFN,28,total_variation,29173,0.2893493585815911,0.08468093063159045,0.19649802446365355,0.27949032187461853,0.3934173822402954
JFFN,29,cosine,29173,0.5038704395556798,0.25053571140691433,0.1781272917985916,0.4840073883533478,0.867168641090393
JFFN,29,js,29173,0.19342911247266423,0.10297982995394987,0.055786122381687175,0.19001302123069763,0.33237998485565184
JFFN,29,top1_agreement,29173,0.1664895622664793,0.37251951347922085,0.0,0.0,1.0
JFFN,29,top32_overlap,29173,0.46683791519555756,0.1975510232288563,0.21875,0.46875,0.75
JFFN,29,total_variation,29173,0.4902706193023128,0.15474151632573818,0.26628496646881106,0.5068259835243225,0.6811182856559753
JFFN,30,cosine,29173,0.6497985833719936,0.20296952250457026,0.36155614256858826,0.667854905128479,0.910002613067627
JFFN,30,js,29173,0.14752534519424432,0.0798399417091522,0.04367641210556031,0.14293739199638367,0.25463310480117796
JFFN,30,top1_agreement,29173,0.42038871559318547,0.49362135629964116,0.0,0.0,1.0
JFFN,30,top32_overlap,29173,0.43826376272580814,0.20235196502658556,0.1875,0.4375,0.71875
JFFN,30,total_variation,29173,0.425636481737101,0.13567411240246305,0.23471006453037263,0.43625566363334656,0.5951868772506714
JFFN,31,cosine,29173,0.7719618682386113,0.16114996433112735,0.5353589177131653,0.8140918612480164,0.9402820706367493
JFFN,31,js,29173,0.07834120651542516,0.042552094077408446,0.03306743055582047,0.06990058720111847,0.13358558416366575
JFFN,31,top1_agreement,29173,0.5627463750728413,0.49604726832754387,0.0,1.0,1.0
JFFN,31,top32_overlap,29173,0.5334416669523189,0.14262642190619795,0.34375,0.53125,0.71875
JFFN,31,total_variation,29173,0.3028030938687905,0.08723121487705172,0.19988766610622408,0.2932980954647064,0.4179880857467651
JFFN,32,cosine,29173,0.7869978677100239,0.1651598051187183,0.5379008650779724,0.8455339670181274,0.9330013155937195
JFFN,32,js,29173,0.06013558863528134,0.047431105542095287,0.02253461517393589,0.043844111263751984,0.122491055727005
JFFN,32,top1_agreement,29173,0.4850032564357454,0.4997750470786512,0.0,0.0,1.0
JFFN,32,top32_overlap,29173,0.49743127206663695,0.1759206818373981,0.25,0.53125,0.6875
JFFN,32,total_variation,29173,0.2583725112964908,0.09512058103905251,0.1663861721754074,0.23423679172992706,0.3892222940921783
JFFN_MATCH_WRITE,1,cosine,29173,0.9557545909301993,0.029461129204379287,0.9149443626403808,0.9639243483543396,0.9849732160568238
JFFN_MATCH_WRITE,1,js,29173,0.010790220294511346,0.006327476729108225,0.0040293198078870775,0.009417202323675156,0.019393584877252575
JFFN_MATCH_WRITE,1,top1_agreement,29173,0.302060124087341,0.45915117937742594,0.0,0.0,1.0
JFFN_MATCH_WRITE,1,top32_overlap,29173,0.6864962893771638,0.1662204981697075,0.4375,0.71875,0.875
JFFN_MATCH_WRITE,1,total_variation,29173,0.11310310664793623,0.03503665723019279,0.06893481463193894,0.10976023972034454,0.1611403226852417
JFFN_MATCH_WRITE,2,cosine,29173,0.9683173806311902,0.027812745342455713,0.9345093369483948,0.9767889380455017,0.9913071870803833
JFFN_MATCH_WRITE,2,js,29173,0.007326595992113688,0.0037881704097849195,0.003185527725145221,0.006767548620700836,0.012099315039813516
JFFN_MATCH_WRITE,2,top1_agreement,29173,0.6940321530182018,0.4608161494512981,0.0,1.0,1.0
JFFN_MATCH_WRITE,2,top32_overlap,29173,0.7781799523532033,0.08602541527303038,0.65625,0.78125,0.875
JFFN_MATCH_WRITE,2,total_variation,29173,0.09200708433363573,0.024492311471906007,0.06178771480917931,0.09157960116863251,0.12262345552444458
JFFN_MATCH_WRITE,3,cosine,29173,0.9875481564209238,0.010485911318438063,0.9752104043960571,0.9903146624565125,0.99684157371521
JFFN_MATCH_WRITE,3,js,29173,0.015453333028974014,0.006803087381659729,0.007680919766426086,0.01471690833568573,0.023649307712912557
JFFN_MATCH_WRITE,3,top1_agreement,29173,0.9020327014705378,0.2972704273019794,1.0,1.0,1.0
JFFN_MATCH_WRITE,3,top32_overlap,29173,0.7977817673876529,0.07605225603107525,0.6875,0.8125,0.90625
JFFN_MATCH_WRITE,3,total_variation,29173,0.13158537879654153,0.0365700585295774,0.08762448877096177,0.12925978004932404,0.17812232971191405
JFFN_MATCH_WRITE,4,cosine,29173,0.9562610682219198,0.0598434340368737,0.8928626537322998,0.977649450302124,0.9941340208053588
JFFN_MATCH_WRITE,4,js,29173,0.03533921087926024,0.027117311354591556,0.012130117788910866,0.02614433504641056,0.07367152869701385
JFFN_MATCH_WRITE,4,top1_agreement,29173,0.8763239982175299,0.32921155563797055,0.0,1.0,1.0
JFFN_MATCH_WRITE,4,top32_overlap,29173,0.7368135776231447,0.10613458281726135,0.59375,0.75,0.875
JFFN_MATCH_WRITE,4,total_variation,29173,0.2029214111708634,0.08499195578771822,0.11475984454154968,0.1810477077960968,0.3300645887851715
JFFN_MATCH_WRITE,5,cosine,29173,0.9172499023692795,0.09268649190087731,0.7903542637825012,0.951528787612915,0.9898420333862304
JFFN_MATCH_WRITE,5,js,29173,0.03622665504983302,0.03197124498312314,0.00859635230153799,0.02524443343281746,0.08168628811836241
JFFN_MATCH_WRITE,5,top1_agreement,29173,0.7927878517807562,0.40530886228851437,0.0,1.0,1.0
JFFN_MATCH_WRITE,5,top32_overlap,29173,0.7646100418194907,0.12320035402012511,0.59375,0.78125,0.90625
JFFN_MATCH_WRITE,5,total_variation,29173,0.2041037961471842,0.09537871053356685,0.10226035416126251,0.18154789507389069,0.3458903074264526
JFFN_MATCH_WRITE,6,cosine,29173,0.8597118408657569,0.12670018430387034,0.6653335690498352,0.901161789894104,0.9814761400222778
JFFN_MATCH_WRITE,6,js,29173,0.05134356033788803,0.03805932122977407,0.013379416614770889,0.04020968824625015,0.10719269216060638
JFFN_MATCH_WRITE,6,top1_agreement,29173,0.6286634902135536,0.4831621945952175,0.0,1.0,1.0
JFFN_MATCH_WRITE,6,top32_overlap,29173,0.694132845439276,0.1427218243340647,0.5,0.71875,0.875
JFFN_MATCH_WRITE,6,total_variation,29173,0.24937027719955848,0.10311080433731411,0.12749209105968476,0.23287256062030792,0.398106187582016
JFFN_MATCH_WRITE,7,cosine,29173,0.7003243245751138,0.21338014747839976,0.37618316411972047,0.7462570071220398,0.9472609281539917
JFFN_MATCH_WRITE,7,js,29173,0.1016728292049688,0.07017570051369006,0.024568172916769982,0.0853082612156868,0.20559212565422058
JFFN_MATCH_WRITE,7,top1_agreement,29173,0.2833441881191513,0.4506220802160612,0.0,0.0,1.0
JFFN_MATCH_WRITE,7,top32_overlap,29173,0.5877245226750762,0.17806651099807758,0.34375,0.59375,0.8125
JFFN_MATCH_WRITE,7,total_variation,29173,0.3507373131050803,0.13789167677171674,0.1737028419971466,0.34054917097091675,0.5442665576934814
JFFN_MATCH_WRITE,8,cosine,29173,0.6984375158300384,0.19284495828292553,0.4264982521533966,0.7293554544448853,0.9232872009277344
JFFN_MATCH_WRITE,8,js,29173,0.09921365816958796,0.06073299393454942,0.033620819449424744,0.08679124712944031,0.1811480104923248
JFFN_MATCH_WRITE,8,top1_agreement,29173,0.27861378672059783,0.4483170134735096,0.0,0.0,1.0
JFFN_MATCH_WRITE,8,top32_overlap,29173,0.5104184519932815,0.1717370714470034,0.28125,0.53125,0.71875
JFFN_MATCH_WRITE,8,total_variation,29173,0.3488463557398761,0.11530839788344326,0.20422690510749816,0.34138187766075134,0.5037843704223632
JFFN_MATCH_WRITE,9,cosine,29173,0.6197975912100306,0.2483358699390091,0.2415877789258957,0.6605836153030396,0.9209308385848999
JFFN_MATCH_WRITE,9,js,29173,0.11924450034012596,0.08297764896662146,0.030523769557476044,0.09955361485481262,0.24224504232406613
JFFN_MATCH_WRITE,9,top1_agreement,29173,0.22335721386213278,0.416495820960881,0.0,0.0,1.0
JFFN_MATCH_WRITE,9,top32_overlap,29173,0.478425041990882,0.1992053682157738,0.1875,0.5,0.71875
JFFN_MATCH_WRITE,9,total_variation,29173,0.3744837847248645,0.14352769679971142,0.19282129406929016,0.3628145456314087,0.5787623763084412
JFFN_MATCH_WRITE,10,cosine,29173,0.5917609891511137,0.2127027360714344,0.2863468647003174,0.6122308373451233,0.8618531942367553
JFFN_MATCH_WRITE,10,js,29173,0.13119868501280899,0.07640211797755658,0.04366694390773773,0.11681650578975677,0.24192038476467131
JFFN_MATCH_WRITE,10,top1_agreement,29173,0.12641826346279095,0.33232015606316045,0.0,0.0,1.0
JFFN_MATCH_WRITE,10,top32_overlap,29173,0.447647439413156,0.1970202019714573,0.1875,0.46875,0.71875
JFFN_MATCH_WRITE,10,total_variation,29173,0.4024931741985975,0.12913228936884172,0.23614882230758666,0.3960975408554077,0.5803254127502441
JFFN_MATCH_WRITE,11,cosine,29173,0.4489783292652684,0.2358484159229222,0.1510476738214493,0.4248054623603821,0.7926467418670654
JFFN_MATCH_WRITE,11,js,29173,0.16980865209366305,0.08756196647477267,0.06076168715953827,0.15976060926914215,0.2929065346717834
JFFN_MATCH_WRITE,11,top1_agreement,29173,0.07788023172111198,0.26798302414178754,0.0,0.0,0.0
JFFN_MATCH_WRITE,11,top32_overlap,29173,0.38718164055805027,0.20281162315029008,0.125,0.375,0.65625
JFFN_MATCH_WRITE,11,total_variation,29173,0.4555309834494751,0.1321825635296061,0.2766646444797516,0.4582780599594116,0.6271517157554627
JFFN_MATCH_WRITE,12,cosine,29173,0.3267456283051575,0.2332662831096484,0.083798985183239,0.25829750299453735,0.7009534239768982
JFFN_MATCH_WRITE,12,js,29173,0.2329113570849188,0.10022740802613606,0.09196576774120331,0.23725947737693787,0.36110353469848633
JFFN_MATCH_WRITE,12,top1_agreement,29173,0.05559935556850513,0.22914638820821953,0.0,0.0,0.0
JFFN_MATCH_WRITE,12,top32_overlap,29173,0.31762567271106845,0.20075127793960013,0.09375,0.28125,0.625
JFFN_MATCH_WRITE,12,total_variation,29173,0.5417534881778218,0.13846682801219476,0.3403308391571045,0.5621399879455566,0.7047744154930115
JFFN_MATCH_WRITE,13,cosine,29173,0.3409239104937126,0.26282271732297274,0.06532922834157943,0.2578839659690857,0.7715734124183653
JFFN_MATCH_WRITE,13,js,29173,0.2575566884529706,0.12382392928927097,0.08283565938472749,0.2633843719959259,0.4203346908092499
JFFN_MATCH_WRITE,13,top1_agreement,29173,0.07513797004079115,0.26361383783659825,0.0,0.0,0.0
JFFN_MATCH_WRITE,13,top32_overlap,29173,0.33680543653378126,0.22276377440659234,0.0625,0.28125,0.6875
JFFN_MATCH_WRITE,13,total_variation,29173,0.572193812252652,0.1645586423413443,0.3273975133895874,0.5997069478034973,0.7662022948265076
JFFN_MATCH_WRITE,14,cosine,29173,0.4610441063502618,0.22567410456968134,0.17588656544685363,0.43548935651779175,0.7916949987411498
JFFN_MATCH_WRITE,14,js,29173,0.1899476462323222,0.09088411212382091,0.07058903574943542,0.18588827550411224,0.31476430892944335
JFFN_MATCH_WRITE,14,top1_agreement,29173,0.08686113872416275,0.2816314636252571,0.0,0.0,0.0
JFFN_MATCH_WRITE,14,top32_overlap,29173,0.3589127789394303,0.19918799081886698,0.125,0.34375,0.65625
JFFN_MATCH_WRITE,14,total_variation,29173,0.49016329586757196,0.13407852267093126,0.3014500498771668,0.5018984079360962,0.6587340712547303
JFFN_MATCH_WRITE,15,cosine,29173,0.32725525141179324,0.24564348077993461,0.06278934478759766,0.25674474239349365,0.7195727705955505
JFFN_MATCH_WRITE,15,js,29173,0.2809302953024932,0.1273033335703358,0.10216610729694367,0.2846338152885437,0.4501198589801788
JFFN_MATCH_WRITE,15,top1_agreement,29173,0.06101532238713879,0.2393584191565701,0.0,0.0,0.0
JFFN_MATCH_WRITE,15,top32_overlap,29173,0.30415216981455456,0.21659950517515705,0.0625,0.28125,0.625
JFFN_MATCH_WRITE,15,total_variation,29173,0.6072041448150162,0.16321456938536855,0.36676677465438845,0.6317143440246582,0.802701187133789
JFFN_MATCH_WRITE,16,cosine,29173,0.3606577672701382,0.227977047025072,0.1044879898428917,0.3087425231933594,0.7113974332809447
JFFN_MATCH_WRITE,16,js,29173,0.22469917137265952,0.10255725437313432,0.0864206463098526,0.22411958873271942,0.36184104681015017
JFFN_MATCH_WRITE,16,top1_agreement,29173,0.053748328934288554,0.22552038947966563,0.0,0.0,0.0
JFFN_MATCH_WRITE,16,top32_overlap,29173,0.30606746820690367,0.20289758754786286,0.0625,0.28125,0.59375
JFFN_MATCH_WRITE,16,total_variation,29173,0.5362782298433676,0.14283567411223563,0.3345138430595398,0.5520657896995544,0.711742615699768
JFFN_MATCH_WRITE,17,cosine,29173,0.5347280652089466,0.20898110039057163,0.2573685348033905,0.5273669958114624,0.8281181216239929
JFFN_MATCH_WRITE,17,js,29173,0.16027370307016903,0.08303908973702605,0.05462996363639831,0.1534106433391571,0.27407802939414977
JFFN_MATCH_WRITE,17,top1_agreement,29173,0.09395674082199294,0.2917685241353183,0.0,0.0,0.0
JFFN_MATCH_WRITE,17,top32_overlap,29173,0.3814261046172831,0.19291190062189992,0.125,0.375,0.65625
JFFN_MATCH_WRITE,17,total_variation,29173,0.44969211005015897,0.1353282611506495,0.26260349750518797,0.45521780848503113,0.6234631299972534
JFFN_MATCH_WRITE,18,cosine,29173,0.38247858113352107,0.2340866185397334,0.11606785953044893,0.330366313457489,0.7464349031448364
JFFN_MATCH_WRITE,18,js,29173,0.2555913240494932,0.11618922366264557,0.09200268387794495,0.2601228654384613,0.407279098033905
JFFN_MATCH_WRITE,18,top1_agreement,29173,0.07373256092962671,0.26133516867881673,0.0,0.0,0.0
JFFN_MATCH_WRITE,18,top32_overlap,29173,0.3143628097898742,0.21039267055507158,0.0625,0.28125,0.625
JFFN_MATCH_WRITE,18,total_variation,29173,0.5751629050944804,0.15633192397562523,0.3456046223640442,0.6005253195762634,0.7592519760131836
JFFN_MATCH_WRITE,19,cosine,29173,0.2648505500273534,0.23503580920178427,0.05720837488770485,0.17428000271320343,0.6550976634025573
JFFN_MATCH_WRITE,19,js,29173,0.29640127294524954,0.11437491548591007,0.12234845161437989,0.3157118558883667,0.4303260326385498
JFFN_MATCH_WRITE,19,top1_agreement,29173,0.057450382202721695,0.23270117272476923,0.0,0.0,0.0
JFFN_MATCH_WRITE,19,top32_overlap,29173,0.3199823038425942,0.20126739974891242,0.09375,0.28125,0.625
JFFN_MATCH_WRITE,19,total_variation,29173,0.6177077711295597,0.14730519510445042,0.3943633854389191,0.6552131175994873,0.7727853655815125
JFFN_MATCH_WRITE,20,cosine,29173,0.3536094008665497,0.25055053307397585,0.08131885826587677,0.28497835993766785,0.7555439352989196
JFFN_MATCH_WRITE,20,js,29173,0.2741533122857692,0.12644792165724714,0.09462072551250458,0.2807266414165497,0.4388749361038208
JFFN_MATCH_WRITE,20,top1_agreement,29173,0.07931991910328043,0.2702374317831071,0.0,0.0,0.0
JFFN_MATCH_WRITE,20,top32_overlap,29173,0.3069158554142529,0.21557445732777325,0.0625,0.25,0.625
JFFN_MATCH_WRITE,20,total_variation,29173,0.5987495569585609,0.167650064410169,0.35154197812080384,0.628091037273407,0.7950822710990906
JFFN_MATCH_WRITE,21,cosine,29173,0.4278247025706372,0.24186593966054623,0.1441773623228073,0.3812161684036255,0.8059144377708435
JFFN_MATCH_WRITE,21,js,29173,0.21552591048141087,0.10520373590056697,0.06935326755046844,0.216886967420578,0.3540501117706299
JFFN_MATCH_WRITE,21,top1_agreement,29173,0.09505364549412128,0.2932890212271833,0.0,0.0,0.0
JFFN_MATCH_WRITE,21,top32_overlap,29173,0.31747463407945703,0.21890723557863948,0.0625,0.28125,0.65625
JFFN_MATCH_WRITE,21,total_variation,29173,0.5265816509824799,0.15551815322098128,0.2989396750926972,0.5475028157234192,0.7136915564537049
JFFN_MATCH_WRITE,22,cosine,29173,0.4139353036838673,0.2602497160605676,0.11170000433921815,0.35726356506347656,0.8236734747886657
JFFN_MATCH_WRITE,22,js,29173,0.2448607329909207,0.12312317682550564,0.07032150328159333,0.24836987257003784,0.4043175756931305
JFFN_MATCH_WRITE,22,top1_agreement,29173,0.10927912796078566,0.31198910261885093,0.0,0.0,1.0
JFFN_MATCH_WRITE,22,top32_overlap,29173,0.3415808281630275,0.2293122052277129,0.0625,0.3125,0.6875
JFFN_MATCH_WRITE,22,total_variation,29173,0.5622679486419231,0.1744076634008718,0.3016983389854431,0.5892350673675537,0.7668720841407776
JFFN_MATCH_WRITE,23,cosine,29173,0.4366898040213739,0.2647629499842675,0.12391640990972519,0.38459116220474243,0.8488381385803222
JFFN_MATCH_WRITE,23,js,29173,0.23846162673076607,0.12058224653011447,0.06809166520833969,0.2421528398990631,0.397456693649292
JFFN_MATCH_WRITE,23,top1_agreement,29173,0.13711308401604222,0.3439666934568694,0.0,0.0,1.0
JFFN_MATCH_WRITE,23,top32_overlap,29173,0.37540598327220376,0.2239102276157956,0.09375,0.34375,0.71875
JFFN_MATCH_WRITE,23,total_variation,29173,0.5532104655541218,0.1739654725740418,0.29432188272476195,0.5814332962036133,0.75876886844635
JFFN_MATCH_WRITE,24,cosine,29173,0.4785736815548553,0.2655160427689499,0.1489086329936981,0.44410404562950134,0.8763552069664001
JFFN_MATCH_WRITE,24,js,29173,0.2198137610530727,0.11466513846332953,0.06011517494916916,0.22085963189601898,0.37193946838378905
JFFN_MATCH_WRITE,24,top1_agreement,29173,0.17529907791451,0.3802227126262087,0.0,0.0,1.0
JFFN_MATCH_WRITE,24,top32_overlap,29173,0.41511307544647447,0.21805754965435417,0.15625,0.375,0.71875
JFFN_MATCH_WRITE,24,total_variation,29173,0.5264860480262462,0.17017045075532333,0.27507928609848026,0.5498158931732178,0.7309149742126465
JFFN_MATCH_WRITE,25,cosine,29173,0.46560742060311927,0.2598136671519458,0.14038455188274385,0.4310453534126282,0.85512455701828
JFFN_MATCH_WRITE,25,js,29173,0.2212693163036887,0.11555580020587167,0.06183316856622696,0.2221628576517105,0.37515783309936523
JFFN_MATCH_WRITE,25,top1_agreement,29173,0.14355739896479622,0.3506403744112456,0.0,0.0,1.0
JFFN_MATCH_WRITE,25,top32_overlap,29173,0.3718228327563158,0.22414395353259933,0.09375,0.34375,0.6875
JFFN_MATCH_WRITE,25,total_variation,29173,0.5295295561382395,0.17031429574358553,0.2799250304698944,0.5533736944198608,0.7340873837471008
JFFN_MATCH_WRITE,26,cosine,29173,0.4998260636540381,0.250507465319238,0.18120886981487275,0.47042620182037354,0.8716138005256653
JFFN_MATCH_WRITE,26,js,29173,0.1918925052362244,0.10316153035824549,0.055017171800136565,0.1890067309141159,0.33033984899520874
JFFN_MATCH_WRITE,26,top1_agreement,29173,0.15634319404929214,0.3631803955663873,0.0,0.0,1.0
JFFN_MATCH_WRITE,26,top32_overlap,29173,0.41028198162684676,0.218190069798495,0.125,0.375,0.71875
JFFN_MATCH_WRITE,26,total_variation,29173,0.4904014785034913,0.15956840944015951,0.26265183091163635,0.5079140663146973,0.6847282886505127
JFFN_MATCH_WRITE,27,cosine,29173,0.46832367207886144,0.2501150890578294,0.1617161214351654,0.43102791905403137,0.8480792045593262
JFFN_MATCH_WRITE,27,js,29173,0.20441584899564624,0.10507965595524854,0.06032027453184128,0.2042403221130371,0.3444384872913361
JFFN_MATCH_WRITE,27,top1_agreement,29173,0.13841565831419464,0.3453357262833412,0.0,0.0,1.0
JFFN_MATCH_WRITE,27,top32_overlap,29173,0.3887284475371062,0.2180370129494496,0.125,0.375,0.71875
JFFN_MATCH_WRITE,27,total_variation,29173,0.5086393387619103,0.1581333243502674,0.2779686987400055,0.5296528935432434,0.6994951844215394
JFFN_MATCH_WRITE,28,cosine,29173,0.8034959351521651,0.14521569044905538,0.6060470461845398,0.8427544236183167,0.9449522614479064
JFFN_MATCH_WRITE,28,js,29173,0.07302180509009963,0.042079344128951916,0.03324877172708511,0.06448915600776672,0.12107399106025696
JFFN_MATCH_WRITE,28,top1_agreement,29173,0.4270387001679635,0.49464800487500166,0.0,0.0,1.0
JFFN_MATCH_WRITE,28,top32_overlap,29173,0.5957081462311041,0.13218520622514,0.40625,0.59375,0.75
JFFN_MATCH_WRITE,28,total_variation,29173,0.29634292233585025,0.08766673983873471,0.20047311782836916,0.2857306897640228,0.40481338500976555
JFFN_MATCH_WRITE,29,cosine,29173,0.5005248251851832,0.2517977045456254,0.17385355830192567,0.47971099615097046,0.8665479779243469
JFFN_MATCH_WRITE,29,js,29173,0.1967253061710093,0.10453480541617953,0.056751031428575516,0.19355683028697968,0.3378379881381989
JFFN_MATCH_WRITE,29,top1_agreement,29173,0.1664895622664793,0.37251951347922085,0.0,0.0,1.0
JFFN_MATCH_WRITE,29,top32_overlap,29173,0.46683791519555756,0.1975510232288563,0.21875,0.46875,0.75
JFFN_MATCH_WRITE,29,total_variation,29173,0.49482538405211657,0.15608863935749984,0.2687184691429138,0.5117401480674744,0.6874171018600463
JFFN_MATCH_WRITE,30,cosine,29173,0.6495202494469077,0.20321543884412396,0.3609054028987885,0.6675770282745361,0.9100063920021056
JFFN_MATCH_WRITE,30,js,29173,0.14791811918155678,0.08003584891575376,0.043798145651817326,0.14330433309078217,0.25521546006202694
JFFN_MATCH_WRITE,30,top1_agreement,29173,0.42038871559318547,0.49362135629964116,0.0,0.0,1.0
JFFN_MATCH_WRITE,30,top32_overlap,29173,0.43826376272580814,0.20235196502658556,0.1875,0.4375,0.71875
JFFN_MATCH_WRITE,30,total_variation,29173,0.4262336340380398,0.1358575023673219,0.23511979579925538,0.4368555545806885,0.5960859537124633
JFFN_MATCH_WRITE,31,cosine,29173,0.762795925025454,0.17390889635186338,0.502895998954773,0.8097650408744812,0.944607126712799
JFFN_MATCH_WRITE,31,js,29173,0.0893617439602139,0.04898122755816696,0.03734347373247147,0.07949887216091156,0.15312252044677732
JFFN_MATCH_WRITE,31,top1_agreement,29173,0.5627463750728413,0.49604726832754387,0.0,1.0,1.0
JFFN_MATCH_WRITE,31,top32_overlap,29173,0.5334416669523189,0.14262642190619795,0.34375,0.53125,0.71875
JFFN_MATCH_WRITE,31,total_variation,29173,0.32454745506798366,0.09553294106397434,0.21209389567375184,0.31368502974510193,0.451829719543457
JFFN_MATCH_WRITE,32,cosine,29173,0.7571905714041862,0.18637667219655588,0.46766197085380556,0.8221160173416138,0.928441858291626
JFFN_MATCH_WRITE,32,js,29173,0.07532355418690301,0.05891498203394306,0.027995280921459198,0.055032879114151,0.1539267599582672
JFFN_MATCH_WRITE,32,top1_agreement,29173,0.4850032564357454,0.4997750470786512,0.0,0.0,1.0
JFFN_MATCH_WRITE,32,top32_overlap,29173,0.49743127206663695,0.1759206818373981,0.25,0.53125,0.6875
JFFN_MATCH_WRITE,32,total_variation,29173,0.2907696996913797,0.10830695227296917,0.18591494262218475,0.26315245032310486,0.4404358863830566
WRITE,1,cosine,29173,0.9612349539507904,0.027925821873154587,0.9203531980514527,0.9701611995697021,0.9883822441101074
WRITE,1,js,29173,0.00854165978836176,0.005550496719896473,0.003054483886808157,0.006885170470923185,0.01658032163977623
WRITE,1,top1_agreement,29173,0.3535460871353649,0.47807034148401,0.0,0.0,1.0
WRITE,1,top32_overlap,29173,0.6885283481301203,0.16780965995473326,0.4375,0.71875,0.875
WRITE,1,total_variation,29173,0.0985916372886873,0.034368345461605665,0.05949637144804001,0.09199780970811844,0.148882195353508
WRITE,2,cosine,29173,0.9744326924552802,0.01967744475617224,0.9509485960006714,0.9800477027893066,0.9911363124847412
WRITE,2,js,29173,0.006788059772302513,0.00279992400113757,0.0035187756177037953,0.006536375731229782,0.010155637562274932
WRITE,2,top1_agreement,29173,0.7105885579131389,0.4534892052475611,0.0,1.0,1.0
WRITE,2,top32_overlap,29173,0.8008625269941384,0.07593587072529306,0.6875,0.8125,0.90625
WRITE,2,total_variation,29173,0.08915303294047833,0.01935746594842423,0.06458899825811386,0.0896981954574585,0.11214115023612976
WRITE,3,cosine,29173,0.9889008916593434,0.008523419347683334,0.9781484961509704,0.9910109043121338,0.9970553755760193
WRITE,3,js,29173,0.014026391870166835,0.0055466649757470185,0.006916664727032186,0.013792230747640133,0.021057594195008276
WRITE,3,top1_agreement,29173,0.8944229253076474,0.30729555153265387,0.0,1.0,1.0
WRITE,3,top32_overlap,29173,0.8024393274603229,0.07667334161260986,0.6875,0.8125,0.90625
WRITE,3,total_variation,29173,0.12321669735565832,0.030584246547998368,0.08357814252376557,0.12352921813726425,0.16067697405815123
WRITE,4,cosine,29173,0.9692616643270385,0.04426942374286939,0.9310333013534546,0.9832354784011841,0.9952092051506043
WRITE,4,js,29173,0.0299041365439845,0.02232072454565621,0.010781747102737427,0.02246936783194542,0.06051786392927167
WRITE,4,top1_agreement,29173,0.883351043773352,0.3210015221737765,0.0,1.0,1.0
WRITE,4,top32_overlap,29173,0.734508363898125,0.10470296343887021,0.59375,0.75,0.84375
WRITE,4,total_variation,29173,0.1847392055319172,0.07562692775532766,0.10650684684515,0.16513407230377197,0.2968217611312866
WRITE,5,cosine,29173,0.9410510770303583,0.06785114552319627,0.8559178471565246,0.9653046131134033,0.9920172214508056
WRITE,5,js,29173,0.029685255262251756,0.025595315799463645,0.00748096089810133,0.021076034754514694,0.06566217392683028
WRITE,5,top1_agreement,29173,0.8354300209097453,0.370791991650963,0.0,1.0,1.0
WRITE,5,top32_overlap,29173,0.7790829705549652,0.1136717131279054,0.625,0.8125,0.90625
WRITE,5,total_variation,29173,0.18421864321887804,0.08381746270027167,0.09461023658514023,0.1648026704788208,0.308270263671875
WRITE,6,cosine,29173,0.8852181919816793,0.10682513184352806,0.7252095699310303,0.9212971329689026,0.9843856215476989
WRITE,6,js,29173,0.046771388695965345,0.0338123106413825,0.013048982806503774,0.037125296890735626,0.0960223466157913
WRITE,6,top1_agreement,29173,0.7184040037020533,0.4497773795633941,0.0,1.0,1.0
WRITE,6,top32_overlap,29173,0.7013012888629897,0.1362614035115893,0.5,0.71875,0.875
WRITE,6,total_variation,29173,0.23772700792803267,0.09635772917244702,0.12490210980176926,0.22178922593593597,0.3782545685768127
WRITE,7,cosine,29173,0.7196389865697798,0.21239355692532627,0.3931779980659485,0.772851824760437,0.9585782170295715
WRITE,7,js,29173,0.09706944516635187,0.06801330156556742,0.022558605670928964,0.08102081716060638,0.19795770943164825
WRITE,7,top1_agreement,29173,0.3356871079422754,0.47223010651972047,0.0,0.0,1.0
WRITE,7,top32_overlap,29173,0.5908877643711651,0.17349017697960611,0.34375,0.59375,0.8125
WRITE,7,total_variation,29173,0.3405131937249133,0.136736065527864,0.16504310369491576,0.3297309875488281,0.5329073309898377
WRITE,8,cosine,29173,0.7115555372618066,0.1922040409477769,0.44110391736030585,0.743319034576416,0.9327450394630432
WRITE,8,js,29173,0.09690026447159183,0.05864541275180562,0.03342075049877167,0.08491969853639603,0.17595565617084502
WRITE,8,top1_agreement,29173,0.33753813457649195,0.47287011142925284,0.0,0.0,1.0
WRITE,8,top32_overlap,29173,0.5140937253624928,0.16741769979712015,0.28125,0.53125,0.71875
WRITE,8,total_variation,29173,0.34376998836031525,0.11231166333924977,0.20292325019836427,0.3364977538585663,0.49435440301895134
WRITE,9,cosine,29173,0.6088252735810695,0.24756576233060365,0.2371377468109131,0.6426154375076294,0.9158283352851868
WRITE,9,js,29173,0.12201398527534457,0.08228095552240643,0.03234407007694245,0.10373088717460632,0.2452299028635025
WRITE,9,top1_agreement,29173,0.21314228910293764,0.4095273540301031,0.0,0.0,1.0
WRITE,9,top32_overlap,29173,0.47148690570047647,0.1974913213753406,0.1875,0.46875,0.71875
WRITE,9,total_variation,29173,0.3790391438431838,0.1417936260062695,0.19795880913734437,0.3700130581855774,0.5801263332366944
WRITE,10,cosine,29173,0.6001289912964909,0.2069503209683092,0.3043684482574463,0.6190024614334106,0.8619998335838318
WRITE,10,js,29173,0.12822107853122044,0.07356502139675247,0.04362252503633501,0.11489494144916534,0.2338613092899322
WRITE,10,top1_agreement,29173,0.12868062934905564,0.3348461213443969,0.0,0.0,1.0
WRITE,10,top32_overlap,29173,0.4530034192575326,0.19184449968615283,0.1875,0.46875,0.71875
WRITE,10,total_variation,29173,0.3975728649376732,0.1253758633851918,0.235200172662735,0.3918918967247009,0.5690608024597167
WRITE,11,cosine,29173,0.448746513233025,0.2324188271589747,0.15579327940940857,0.42493942379951477,0.786823308467865
WRITE,11,js,29173,0.1693201085090759,0.08563706761651786,0.06239752173423767,0.1597004383802414,0.28917804956436155
WRITE,11,top1_agreement,29173,0.07650910088095156,0.2658109447771855,0.0,0.0,0.0
WRITE,11,top32_overlap,29173,0.3954394902821102,0.19791712048439802,0.15625,0.375,0.6875
WRITE,11,total_variation,29173,0.45467576240707025,0.12908666181683476,0.2793156147003174,0.457394003868103,0.6221431016921997
WRITE,12,cosine,29173,0.3309121404302361,0.22918322243337683,0.09362045973539353,0.2626788020133972,0.6970611929893493
WRITE,12,js,29173,0.23080966299671343,0.09618239523428178,0.09422466158866882,0.2365233302116394,0.3519580006599426
WRITE,12,top1_agreement,29173,0.05645631234360539,0.23080077369923754,0.0,0.0,0.0
WRITE,12,top32_overlap,29173,0.3280376975285367,0.195388301097745,0.09375,0.28125,0.625
WRITE,12,total_variation,29173,0.53890489482205,0.1334918969069955,0.34433973431587217,0.560039758682251,0.6934110522270203
WRITE,13,cosine,29173,0.34672617066675016,0.26043815110967433,0.07013776451349259,0.2679801285266876,0.7710059881210327
WRITE,13,js,29173,0.25364396171579523,0.12163372166357007,0.08256492614746094,0.25832855701446533,0.413697874546051
WRITE,13,top1_agreement,29173,0.07568642237685531,0.26449572367932067,0.0,0.0,0.0
WRITE,13,top32_overlap,29173,0.34979583004833237,0.21721703234670256,0.09375,0.3125,0.6875
WRITE,13,total_variation,29173,0.5663813536180496,0.16189612207147006,0.3268910229206085,0.5921987891197205,0.7576204299926758
WRITE,14,cosine,29173,0.4581570629885011,0.22276903337008677,0.17872801721096038,0.4320472180843353,0.7847003817558288
WRITE,14,js,29173,0.19527786302312936,0.09205962675506969,0.07408564686775208,0.19179770350456238,0.3206732153892517
WRITE,14,top1_agreement,29173,0.08387892914681383,0.2772061586473101,0.0,0.0,0.0
WRITE,14,top32_overlap,29173,0.35315295821478765,0.19623399140212666,0.125,0.3125,0.625
WRITE,14,total_variation,29173,0.4979493606646485,0.13436743926480782,0.3085539102554321,0.5104394555091858,0.6661354899406433
WRITE,15,cosine,29173,0.3316785940386211,0.243796874550389,0.06817895919084549,0.26473167538642883,0.7194979429244995
WRITE,15,js,29173,0.2812216526296563,0.12571309333641137,0.10412412881851196,0.2862078547477722,0.44743742942810055
WRITE,15,top1_agreement,29173,0.06176944434922702,0.24073632898674593,0.0,0.0,0.0
WRITE,15,top32_overlap,29173,0.30494164124361567,0.21444445036376755,0.0625,0.28125,0.625
WRITE,15,total_variation,29173,0.6075340927955309,0.1612922098960259,0.36950660347938535,0.6336008310317993,0.7994287967681885
WRITE,16,cosine,29173,0.35737955997697785,0.2299080718666086,0.10010075271129609,0.3037458062171936,0.7116693019866943
WRITE,16,js,29173,0.22649706855718107,0.10406440286750424,0.08622122406959534,0.2255128026008606,0.36565070152282714
WRITE,16,top1_agreement,29173,0.05306276351420834,0.22415866399147624,0.0,0.0,0.0
WRITE,16,top32_overlap,29173,0.30095572104343055,0.20546001493675337,0.0625,0.25,0.59375
WRITE,16,total_variation,29173,0.5387533888553053,0.1444143811607238,0.3358755588531494,0.554718017578125,0.7156903505325317
WRITE,17,cosine,29173,0.5248838696797752,0.20692831395215777,0.2547143638134003,0.5139421224594116,0.8181838631629944
WRITE,17,js,29173,0.16487574686173664,0.08286278895833445,0.058147037774324416,0.15916405618190765,0.27700275778770445
WRITE,17,top1_agreement,29173,0.0902546875535598,0.28654629456366926,0.0,0.0,0.0
WRITE,17,top32_overlap,29173,0.3744836835430021,0.18850530362253826,0.125,0.34375,0.65625
WRITE,17,total_variation,29173,0.4564244850011189,0.13314119282055345,0.2713381052017212,0.4635176658630371,0.6254320025444031
WRITE,18,cosine,29173,0.3809189879527742,0.2330879773736471,0.11562814414501191,0.3294399082660675,0.742427372932434
WRITE,18,js,29173,0.25720232916846225,0.11666574645789485,0.09334998428821564,0.261218398809433,0.4103126168251037
WRITE,18,top1_agreement,29173,0.071435916772358,0.25755159981497056,0.0,0.0,0.0
WRITE,18,top32_overlap,29173,0.3119429780961848,0.20966296656915773,0.0625,0.28125,0.625
WRITE,18,total_variation,29173,0.577224418586308,0.15637813315480611,0.34810248017311096,0.6020731329917908,0.7618199110031127
WRITE,19,cosine,29173,0.2781584523457164,0.2325309227260553,0.06610127538442612,0.19301491975784302,0.6603138446807861
WRITE,19,js,29173,0.2940648705893606,0.11243933742285056,0.12263229340314866,0.3129787743091583,0.42517697215080263
WRITE,19,top1_agreement,29173,0.05943852192095431,0.23644361702699135,0.0,0.0,0.0
WRITE,19,top32_overlap,29173,0.32006585712816643,0.19965264050325401,0.09375,0.28125,0.625
WRITE,19,total_variation,29173,0.6148501594304422,0.14469046027580745,0.396300208568573,0.651707649230957,0.7651697993278503
WRITE,20,cosine,29173,0.3573762784453016,0.2509618199753359,0.08179447948932649,0.2907150089740753,0.7578015685081482
WRITE,20,js,29173,0.2740789916438902,0.12683335400159793,0.09487059414386752,0.2802314758300781,0.4402039885520935
WRITE,20,top1_agreement,29173,0.08185651115757721,0.2741459880039952,0.0,0.0,0.0
WRITE,20,top32_overlap,29173,0.30966775785829365,0.21506973463851825,0.0625,0.25,0.625
WRITE,20,total_variation,29173,0.5982738942512142,0.16800123477127887,0.35072213411331177,0.6274087429046631,0.7959151864051819
WRITE,21,cosine,29173,0.42370607343845557,0.24012803700783325,0.14720349311828615,0.3713238537311554,0.802402365207672
WRITE,21,js,29173,0.2193513759028303,0.10474476896320647,0.0718790590763092,0.22302332520484924,0.35578680634498594
WRITE,21,top1_agreement,29173,0.09786446371645015,0.297131301713471,0.0,0.0,0.0
WRITE,21,top32_overlap,29173,0.31676121756418607,0.21612888509194708,0.0625,0.28125,0.65625
WRITE,21,total_variation,29173,0.5315079234745543,0.15441914549208322,0.30319265723228456,0.5548205971717834,0.714785122871399
WRITE,22,cosine,29173,0.4169850241703409,0.2598292744473952,0.11487093418836594,0.3609177768230438,0.8244151711463928
WRITE,22,js,29173,0.24498044756600992,0.1228633917209656,0.07081942409276963,0.24833638966083527,0.40379594564437865
WRITE,22,top1_agreement,29173,0.11541493847050355,0.31952203437064153,0.0,0.0,1.0
WRITE,22,top32_overlap,29173,0.3422149761766016,0.22821283876329065,0.0625,0.3125,0.6875
WRITE,22,total_variation,29173,0.5622696077189141,0.1741220237854494,0.30286226868629457,0.5894321203231812,0.7664933443069458
WRITE,23,cosine,29173,0.43625363832442376,0.2634375234716707,0.12476778328418733,0.384154349565506,0.8451147675514219
WRITE,23,js,29173,0.2411145448769419,0.12135816852981203,0.06942851543426515,0.24536773562431335,0.40042629241943356
WRITE,23,top1_agreement,29173,0.13817571041716656,0.3450843135639142,0.0,0.0,1.0
WRITE,23,top32_overlap,29173,0.3752570870325301,0.22375364119673458,0.09375,0.34375,0.71875
WRITE,23,total_variation,29173,0.5562836867015704,0.17436505596494728,0.29769653677940366,0.5845891833305359,0.7616519927978516
WRITE,24,cosine,29173,0.4842054777639911,0.26529840078962785,0.15218453109264374,0.45080727338790894,0.8794778943061828
WRITE,24,js,29173,0.21812358596909193,0.11416995916609278,0.05910681486129761,0.2192188799381256,0.3699034810066223
WRITE,24,top1_agreement,29173,0.17804133959483084,0.38254754082350206,0.0,0.0,1.0
WRITE,24,top32_overlap,29173,0.41734651904157954,0.21792205421282412,0.15625,0.40625,0.71875
WRITE,24,total_variation,29173,0.52419654911713,0.17033721385134767,0.2732449471950531,0.547402560710907,0.7291284561157226
WRITE,25,cosine,29173,0.47361138763994615,0.25892705839738667,0.14594806134700775,0.44239258766174316,0.8579095959663391
WRITE,25,js,29173,0.2198655433865879,0.11538611847272338,0.06092518419027329,0.21999847888946533,0.37463630437850953
WRITE,25,top1_agreement,29173,0.1506530010626264,0.3577103218156427,0.0,0.0,1.0
WRITE,25,top32_overlap,29173,0.37513711308401604,0.22299995966328412,0.09375,0.34375,0.6875
WRITE,25,total_variation,29173,0.5272022059479526,0.1704028610292121,0.2778313159942627,0.5502473711967468,0.7337278604507446
WRITE,26,cosine,29173,0.5205920376634434,0.23826683697973303,0.21552057564258575,0.4979011118412018,0.8693695902824401
WRITE,26,js,29173,0.18680851948217353,0.09811442723700628,0.05499989688396454,0.18545430898666382,0.31889656782150266
WRITE,26,top1_agreement,29173,0.16385013539917045,0.3701395257586576,0.0,0.0,1.0
WRITE,26,top32_overlap,29173,0.4162046241387584,0.21382597445356466,0.15625,0.40625,0.71875
WRITE,26,total_variation,29173,0.48365273532877995,0.15436539056575113,0.2635419487953186,0.5024219155311584,0.6719842314720154
WRITE,27,cosine,29173,0.4869637393377267,0.24327200047692019,0.18547752499580383,0.4548247754573822,0.8533245205879212
WRITE,27,js,29173,0.19896934164381966,0.10199394200208314,0.05857561752200127,0.1993575543165207,0.3349476456642151
WRITE,27,top1_agreement,29173,0.14760223494326946,0.35470525113539175,0.0,0.0,1.0
WRITE,27,top32_overlap,29173,0.39498530319130704,0.21610501077408187,0.125,0.375,0.71875
WRITE,27,total_variation,29173,0.5019824657716511,0.15617155057233145,0.2737872779369354,0.5233200192451477,0.6907703280448914
WRITE,28,cosine,29173,0.8067110142390055,0.14052694921728465,0.6177442073822021,0.8441430926322937,0.9439647436141968
WRITE,28,js,29173,0.0710200063159389,0.03978112621037226,0.03241788595914841,0.06331218034029007,0.11700851023197169
WRITE,28,top1_agreement,29173,0.4150070270455558,0.49272324336118456,0.0,0.0,1.0
WRITE,28,top32_overlap,29173,0.6068368011517499,0.13033515676777954,0.4375,0.625,0.78125
WRITE,28,total_variation,29173,0.29312771962844436,0.08506449537248129,0.19867685735225676,0.2837759256362915,0.3984940111637115
WRITE,29,cosine,29173,0.49228837645141105,0.2566457995812234,0.165144482254982,0.46703970432281494,0.8680850386619567
WRITE,29,js,29173,0.2001454332935109,0.10589458502448733,0.05682702213525772,0.19807803630828857,0.34344254732131957
WRITE,29,top1_agreement,29173,0.159051177458609,0.3657238034468621,0.0,0.0,1.0
WRITE,29,top32_overlap,29173,0.4592334950125116,0.2019115272164494,0.1875,0.4375,0.75
WRITE,29,total_variation,29173,0.5004799172971269,0.15832403042625898,0.2679111838340759,0.5201612114906311,0.6952059984207153
WRITE,30,cosine,29173,0.6571519291837018,0.19525359646710397,0.38321665525436405,0.6730274558067322,0.9092718005180359
WRITE,30,js,29173,0.14460081984288511,0.07845953592574471,0.042237041890621184,0.1399453580379486,0.25061937570571896
WRITE,30,top1_agreement,29173,0.4136016179343914,0.4924787503806079,0.0,0.0,1.0
WRITE,30,top32_overlap,29173,0.4448730418537689,0.2008100385300605,0.1875,0.4375,0.71875
WRITE,30,total_variation,29173,0.4211573928281222,0.13454841334102335,0.23064128756523133,0.4319305419921875,0.5894011855125427
WRITE,31,cosine,29173,0.7568629558305706,0.16123188409863573,0.5224255323410034,0.7934324741363525,0.9338232159614563
WRITE,31,js,29173,0.08826981391452851,0.04489745835728271,0.0370936244726181,0.08119729161262512,0.1471330165863037
WRITE,31,top1_agreement,29173,0.5219209543070648,0.49951924063269837,0.0,1.0,1.0
WRITE,31,top32_overlap,29173,0.5319912676104618,0.14455937423466694,0.34375,0.53125,0.71875
WRITE,31,total_variation,29173,0.3262582916211053,0.09068642857939466,0.21288893222808838,0.3209788203239441,0.4437494337558746
WRITE,32,cosine,29173,0.8709235849554324,0.11605756608006211,0.7258464336395264,0.9080290198326111,0.9651963829994201
WRITE,32,js,29173,0.05187273288127752,0.03539566370583164,0.01914355158805847,0.042480506002902985,0.09740278720855712
WRITE,32,top1_agreement,29173,0.8087615260686251,0.3932763913836854,0.0,1.0,1.0
WRITE,32,top32_overlap,29173,0.5182274706063826,0.16158039272925206,0.28125,0.53125,0.71875
WRITE,32,total_variation,29173,0.23626526470881223,0.07752574543813961,0.15096773505210875,0.22469530999660492,0.3395807147026062
