model,scope,metric,label,layer,total,valid,undefined,mean,q25,median,q75
internvl_2_5_8b,all,ovir,REAL,1,9986,9986,0,0.9655618774300037,0.9524261352167614,0.9646683143958537,0.9830879898362119
internvl_2_5_8b,all,ovir,REAL,2,9986,9986,0,0.9367045894403982,0.929132168349108,0.9393154897762819,0.9483169110345581
internvl_2_5_8b,all,ovir,REAL,3,9986,9986,0,0.9542638534826999,0.9472546490769114,0.9580649335055789,0.9659434467360346
internvl_2_5_8b,all,ovir,REAL,4,9986,9986,0,0.9056588883122157,0.8930056323864926,0.9084780052196506,0.9222443229868253
internvl_2_5_8b,all,ovir,REAL,5,9986,9986,0,0.8937727137003348,0.8800980663617622,0.8939261905556122,0.9091652931220623
internvl_2_5_8b,all,ovir,REAL,6,9986,9986,0,0.8834987759833147,0.8657074809400895,0.8842517544517422,0.9026670862438284
internvl_2_5_8b,all,ovir,REAL,7,9986,9986,0,0.864483593200511,0.8260572888548062,0.8595481217408334,0.900764922377663
internvl_2_5_8b,all,ovir,REAL,8,9986,9986,0,0.8009445416437989,0.7566479549202806,0.7966042326395656,0.8428317024433408
internvl_2_5_8b,all,ovir,REAL,9,9986,9986,0,0.8013212057787297,0.7562246155590826,0.8022962341050512,0.8383739553802846
internvl_2_5_8b,all,ovir,REAL,10,9986,9986,0,0.8631461832402594,0.8386939369971973,0.8586540412660861,0.8849698745805299
internvl_2_5_8b,all,ovir,REAL,11,9986,9986,0,0.8401273781290485,0.8103468066617052,0.8369132217604028,0.8658899760297145
internvl_2_5_8b,all,ovir,REAL,12,9986,9986,0,0.854915419860629,0.8333684816527005,0.853050775907672,0.8742338225217547
internvl_2_5_8b,all,ovir,REAL,13,9986,9986,0,0.8514415755162427,0.8213172150024572,0.8516805635523994,0.8799560918260257
internvl_2_5_8b,all,ovir,REAL,14,9986,9986,0,0.8524055498015217,0.8282878343681259,0.8513181608179838,0.8753504850376412
internvl_2_5_8b,all,ovir,REAL,15,9986,9986,0,0.8411919572244042,0.8182647757804051,0.8406981476261048,0.8625522265435348
internvl_2_5_8b,all,ovir,REAL,16,9986,9986,0,0.8788835057195084,0.8614359839910262,0.8785839497321986,0.8956254558308581
internvl_2_5_8b,all,ovir,REAL,17,9986,9986,0,0.9025692008909061,0.8887741541970453,0.9026776385717923,0.9176581297871995
internvl_2_5_8b,all,ovir,REAL,18,9986,9986,0,0.9266988005302469,0.9153716562458987,0.9270698632746759,0.9386513468558783
internvl_2_5_8b,all,ovir,REAL,19,9986,9986,0,0.9463354539497335,0.9393154248924641,0.9464999300173299,0.954007211609653
internvl_2_5_8b,all,ovir,REAL,20,9986,9986,0,0.9590286974059662,0.9502534945503505,0.9586321107055898,0.9676825846793509
internvl_2_5_8b,all,ovir,REAL,21,9986,9986,0,0.9563634543032793,0.9498105090523239,0.9569754707565361,0.9636188490510246
internvl_2_5_8b,all,ovir,REAL,22,9986,9986,0,0.9670266317088551,0.9607483599356291,0.9675212797983787,0.9741471562009726
internvl_2_5_8b,all,ovir,REAL,23,9986,9986,0,0.9824540351482546,0.9787021388487924,0.982888989831195,0.9868600532190872
internvl_2_5_8b,all,ovir,REAL,24,9986,9986,0,0.9860259452515555,0.9825929441718072,0.9875370399169344,0.9911181074688908
internvl_2_5_8b,all,ovir,REAL,25,9986,9986,0,0.9877119797189009,0.9859147591152412,0.9906438777326481,0.9938338513862027
internvl_2_5_8b,all,ovir,REAL,26,9986,9986,0,0.9926879566037096,0.9910206415320274,0.9940290357798105,0.9962289659791566
internvl_2_5_8b,all,ovir,REAL,27,9986,9986,0,0.9916122334670324,0.9911154473658425,0.9945510594168923,0.996697368077205
internvl_2_5_8b,all,ovir,REAL,28,9986,9986,0,0.993632259023878,0.9927604083756005,0.9964530762635179,0.9980653087894936
internvl_2_5_8b,all,ovir,REAL,29,9986,9986,0,0.9849244594691108,0.9806264202460325,0.9866472336539441,0.9912655519361919
internvl_2_5_8b,all,ovir,REAL,30,9986,9986,0,0.9696770930548253,0.9606469397581191,0.974089537773918,0.983527074925427
internvl_2_5_8b,all,ovir,REAL,31,9986,9986,0,0.9761223222274121,0.969136935985684,0.9802933543426049,0.9880356100389978
internvl_2_5_8b,all,ovir,REAL,32,9986,9986,0,0.9501205439707302,0.9380928093592453,0.9587581478646766,0.9746228971093653
internvl_2_5_8b,all,ovir,HALL,1,1759,1759,0,0.9647638914321433,0.9518442211499067,0.9649960407693048,0.983458268449991
internvl_2_5_8b,all,ovir,HALL,2,1759,1759,0,0.9356430235842931,0.9284750997315998,0.9406059858574778,0.9507677055454131
internvl_2_5_8b,all,ovir,HALL,3,1759,1759,0,0.9559834967971754,0.9488989691070603,0.9585218412671983,0.9669284493451309
internvl_2_5_8b,all,ovir,HALL,4,1759,1759,0,0.9084659284023776,0.8959646216859036,0.909776376187659,0.9229862739227579
internvl_2_5_8b,all,ovir,HALL,5,1759,1759,0,0.8939132098169081,0.880384733075338,0.8948057456982362,0.9081310897716364
internvl_2_5_8b,all,ovir,HALL,6,1759,1759,0,0.8801006894579759,0.8615073684637333,0.8810092231513553,0.899134715348437
internvl_2_5_8b,all,ovir,HALL,7,1759,1759,0,0.8689999803679219,0.8414977290145829,0.8685677779373786,0.8930853481789891
internvl_2_5_8b,all,ovir,HALL,8,1759,1759,0,0.8052865038298078,0.7703847395589773,0.7995897310573444,0.8372022010553909
internvl_2_5_8b,all,ovir,HALL,9,1759,1759,0,0.8181479853919295,0.7932844649784668,0.8167561682600539,0.8417315509905003
internvl_2_5_8b,all,ovir,HALL,10,1759,1759,0,0.8665160774974419,0.8414209111388864,0.8638291355605471,0.889256261759547
internvl_2_5_8b,all,ovir,HALL,11,1759,1759,0,0.8557724816795113,0.8280623551829693,0.8534732021377008,0.8815631359064006
internvl_2_5_8b,all,ovir,HALL,12,1759,1759,0,0.8617981383787219,0.8420043102814302,0.8610594481106324,0.8810533381587857
internvl_2_5_8b,all,ovir,HALL,13,1759,1759,0,0.8589626791972389,0.8304814807023857,0.8566661435148811,0.8865418910811823
internvl_2_5_8b,all,ovir,HALL,14,1759,1759,0,0.8542342014986248,0.8314261558815024,0.8533900149082233,0.8766852609657281
internvl_2_5_8b,all,ovir,HALL,15,1759,1759,0,0.8544296731989699,0.8360496803425647,0.8540504428105712,0.8720415471685967
internvl_2_5_8b,all,ovir,HALL,16,1759,1759,0,0.8852802778266509,0.8674377272456124,0.8843794965124185,0.9017796339880498
internvl_2_5_8b,all,ovir,HALL,17,1759,1759,0,0.9040566486935602,0.8893062275988077,0.9048091414881297,0.918999661324337
internvl_2_5_8b,all,ovir,HALL,18,1759,1759,0,0.9256889902338659,0.9110922844547216,0.9268292687884431,0.9403631967024346
internvl_2_5_8b,all,ovir,HALL,19,1759,1759,0,0.9494604592740415,0.9420178735765914,0.949608711583248,0.9570255955062099
internvl_2_5_8b,all,ovir,HALL,20,1759,1759,0,0.9626058549147946,0.9537228889344889,0.9628792549849012,0.9721914408419119
internvl_2_5_8b,all,ovir,HALL,21,1759,1759,0,0.9606924004008214,0.9540478418913778,0.96117211310315,0.9686202202701328
internvl_2_5_8b,all,ovir,HALL,22,1759,1759,0,0.9699227946625676,0.9643996374242647,0.970639061201494,0.9768007160798771
internvl_2_5_8b,all,ovir,HALL,23,1759,1759,0,0.9835434122619595,0.980255127062349,0.9847306952118928,0.9883750358675338
internvl_2_5_8b,all,ovir,HALL,24,1759,1759,0,0.9871971237152911,0.9847808133168992,0.9895742584482112,0.9924000146520875
internvl_2_5_8b,all,ovir,HALL,25,1759,1759,0,0.9904172829807731,0.9884004757882013,0.992331114375026,0.9951358104500173
internvl_2_5_8b,all,ovir,HALL,26,1759,1759,0,0.9932629324429394,0.9914984420882933,0.9946467037250495,0.9968585434781093
internvl_2_5_8b,all,ovir,HALL,27,1759,1759,0,0.9914228329325757,0.9900225964270046,0.9949573735419877,0.997100467038083
internvl_2_5_8b,all,ovir,HALL,28,1759,1759,0,0.9924782865710592,0.991301668255438,0.9966456850598737,0.9981814901074643
internvl_2_5_8b,all,ovir,HALL,29,1759,1759,0,0.9867058429631017,0.9838926372515412,0.989007094204553,0.9928937876526305
internvl_2_5_8b,all,ovir,HALL,30,1759,1759,0,0.978104005163113,0.9724019863088993,0.9813322031021748,0.9877836434469818
internvl_2_5_8b,all,ovir,HALL,31,1759,1759,0,0.9788094079318888,0.9741074115166013,0.9834630677279654,0.9896642205186366
internvl_2_5_8b,all,ovir,HALL,32,1759,1759,0,0.9381098876517723,0.9278771552483143,0.9614832291655941,0.9767489193127377
internvl_2_5_8b,all,rank95,REAL,1,9986,9986,0,17.23693170438614,14.0,17.0,20.0
internvl_2_5_8b,all,rank95,REAL,2,9986,9986,0,13.344982976166634,10.0,12.0,16.0
internvl_2_5_8b,all,rank95,REAL,3,9986,9986,0,8.99769677548568,6.0,8.0,12.0
internvl_2_5_8b,all,rank95,REAL,4,9986,9986,0,10.965952333266573,8.0,10.0,13.0
internvl_2_5_8b,all,rank95,REAL,5,9986,9986,0,14.700280392549569,10.0,14.0,19.0
internvl_2_5_8b,all,rank95,REAL,6,9986,9986,0,17.21059483276587,12.0,17.0,22.0
internvl_2_5_8b,all,rank95,REAL,7,9986,9986,0,21.072301221710394,13.0,22.0,29.0
internvl_2_5_8b,all,rank95,REAL,8,9986,9986,0,20.05167234127779,12.0,20.0,27.0
internvl_2_5_8b,all,rank95,REAL,9,9986,9986,0,32.51021430002003,24.0,33.0,41.0
internvl_2_5_8b,all,rank95,REAL,10,9986,9986,0,21.739234928900462,11.0,20.0,30.0
internvl_2_5_8b,all,rank95,REAL,11,9986,9986,0,23.004506308832365,10.0,19.0,34.0
internvl_2_5_8b,all,rank95,REAL,12,9986,9986,0,22.379731624273983,12.0,19.0,30.0
internvl_2_5_8b,all,rank95,REAL,13,9986,9986,0,20.444822751852595,9.0,17.0,29.0
internvl_2_5_8b,all,rank95,REAL,14,9986,9986,0,19.524334067694774,9.0,16.0,28.0
internvl_2_5_8b,all,rank95,REAL,15,9986,9986,0,20.336070498698177,9.0,17.0,29.0
internvl_2_5_8b,all,rank95,REAL,16,9986,9986,0,22.20008011215702,11.0,20.0,31.0
internvl_2_5_8b,all,rank95,REAL,17,9986,9986,0,18.842779891848586,10.0,17.0,26.0
internvl_2_5_8b,all,rank95,REAL,18,9986,9986,0,11.828359703585019,6.0,10.0,16.0
internvl_2_5_8b,all,rank95,REAL,19,9986,9986,0,14.281994792709794,7.0,12.0,19.0
internvl_2_5_8b,all,rank95,REAL,20,9986,9986,0,15.878329661526136,9.0,14.0,21.0
internvl_2_5_8b,all,rank95,REAL,21,9986,9986,0,20.4058682155017,12.0,19.0,27.0
internvl_2_5_8b,all,rank95,REAL,22,9986,9986,0,15.405768075305428,9.0,14.0,21.0
internvl_2_5_8b,all,rank95,REAL,23,9986,9986,0,12.763669136791508,6.0,10.0,17.0
internvl_2_5_8b,all,rank95,REAL,24,9986,9986,0,14.411576206689364,6.0,12.0,20.0
internvl_2_5_8b,all,rank95,REAL,25,9986,9986,0,12.176346885639896,6.0,10.0,16.0
internvl_2_5_8b,all,rank95,REAL,26,9986,9986,0,11.641197676747446,6.0,10.0,15.0
internvl_2_5_8b,all,rank95,REAL,27,9986,9986,0,13.30392549569397,7.0,11.0,17.0
internvl_2_5_8b,all,rank95,REAL,28,9986,9986,0,13.083016222711796,5.0,9.0,17.0
internvl_2_5_8b,all,rank95,REAL,29,9986,9986,0,11.726216703384738,6.0,9.0,15.0
internvl_2_5_8b,all,rank95,REAL,30,9986,9986,0,12.975665932305228,7.0,11.0,17.0
internvl_2_5_8b,all,rank95,REAL,31,9986,9986,0,14.91337873022231,8.0,13.0,19.0
internvl_2_5_8b,all,rank95,REAL,32,9986,9986,0,18.026036451031445,10.0,16.0,24.0
internvl_2_5_8b,all,rank95,HALL,1,1759,1759,0,16.34849346219443,13.0,16.0,19.0
internvl_2_5_8b,all,rank95,HALL,2,1759,1759,0,14.416714042069358,10.0,13.0,17.0
internvl_2_5_8b,all,rank95,HALL,3,1759,1759,0,9.018760659465606,6.0,8.0,11.0
internvl_2_5_8b,all,rank95,HALL,4,1759,1759,0,11.407617964752701,8.0,11.0,14.0
internvl_2_5_8b,all,rank95,HALL,5,1759,1759,0,15.890847072200113,11.0,15.0,20.0
internvl_2_5_8b,all,rank95,HALL,6,1759,1759,0,17.006822057987492,12.0,16.0,22.0
internvl_2_5_8b,all,rank95,HALL,7,1759,1759,0,23.171119954519614,16.0,24.0,30.0
internvl_2_5_8b,all,rank95,HALL,8,1759,1759,0,19.781694144400227,12.0,19.0,27.0
internvl_2_5_8b,all,rank95,HALL,9,1759,1759,0,34.04604889141558,25.0,34.0,43.0
internvl_2_5_8b,all,rank95,HALL,10,1759,1759,0,18.293348493462194,8.0,16.0,26.0
internvl_2_5_8b,all,rank95,HALL,11,1759,1759,0,19.362706083001704,8.0,16.0,27.0
internvl_2_5_8b,all,rank95,HALL,12,1759,1759,0,18.283115406480956,8.0,15.0,25.0
internvl_2_5_8b,all,rank95,HALL,13,1759,1759,0,13.815804434337691,5.0,10.0,19.0
internvl_2_5_8b,all,rank95,HALL,14,1759,1759,0,19.786242183058555,8.0,16.0,29.0
internvl_2_5_8b,all,rank95,HALL,15,1759,1759,0,15.19499715747584,6.0,12.0,20.0
internvl_2_5_8b,all,rank95,HALL,16,1759,1759,0,15.407617964752701,8.0,13.0,21.0
internvl_2_5_8b,all,rank95,HALL,17,1759,1759,0,14.363274587833997,7.0,12.0,20.0
internvl_2_5_8b,all,rank95,HALL,18,1759,1759,0,10.61398521887436,4.0,8.0,14.0
internvl_2_5_8b,all,rank95,HALL,19,1759,1759,0,12.135304150085275,6.0,10.0,16.0
internvl_2_5_8b,all,rank95,HALL,20,1759,1759,0,11.287094940306993,6.0,9.0,16.0
internvl_2_5_8b,all,rank95,HALL,21,1759,1759,0,16.765207504263785,9.0,15.0,23.0
internvl_2_5_8b,all,rank95,HALL,22,1759,1759,0,12.893689596361568,7.0,11.0,17.0
internvl_2_5_8b,all,rank95,HALL,23,1759,1759,0,13.512791358726549,5.0,9.0,19.0
internvl_2_5_8b,all,rank95,HALL,24,1759,1759,0,14.31267765776009,5.0,10.0,19.0
internvl_2_5_8b,all,rank95,HALL,25,1759,1759,0,10.634451392836839,5.0,9.0,14.0
internvl_2_5_8b,all,rank95,HALL,26,1759,1759,0,12.512222853894258,5.0,9.0,16.0
internvl_2_5_8b,all,rank95,HALL,27,1759,1759,0,13.532689027856737,5.0,10.0,18.0
internvl_2_5_8b,all,rank95,HALL,28,1759,1759,0,14.453098351335987,5.0,9.0,18.0
internvl_2_5_8b,all,rank95,HALL,29,1759,1759,0,12.208072768618534,5.0,9.0,15.0
internvl_2_5_8b,all,rank95,HALL,30,1759,1759,0,11.484934621944287,5.0,9.0,14.0
internvl_2_5_8b,all,rank95,HALL,31,1759,1759,0,14.60318362706083,7.0,11.0,19.0
internvl_2_5_8b,all,rank95,HALL,32,1759,1759,0,19.038658328595794,9.0,15.0,26.0
internvl_2_5_8b,all,retained_energy,REAL,1,9986,9986,0,0.95206541733437,0.95091931363165,0.9518554403901137,0.9528309892794068
internvl_2_5_8b,all,retained_energy,REAL,2,9986,9986,0,0.9530092825993419,0.9513084276755863,0.9525835508876008,0.9542081214666218
internvl_2_5_8b,all,retained_energy,REAL,3,9986,9986,0,0.9554730790138772,0.9520557393073604,0.9541924415007133,0.9572782850378594
internvl_2_5_8b,all,retained_energy,REAL,4,9986,9986,0,0.9542837115233723,0.9517503445403651,0.9534762403614243,0.9557911147890013
internvl_2_5_8b,all,retained_energy,REAL,5,9986,9986,0,0.9530877918319839,0.9512661157954965,0.9524418022679597,0.9539470444605627
internvl_2_5_8b,all,retained_energy,REAL,6,9986,9986,0,0.9523157431137735,0.9509692556251192,0.9519230044243734,0.9530431903959155
internvl_2_5_8b,all,retained_energy,REAL,7,9986,9986,0,0.9528873056355325,0.9508621682047949,0.9516858191497889,0.9527395312538728
internvl_2_5_8b,all,retained_energy,REAL,8,9986,9986,0,0.9524597417762554,0.9508602401812664,0.951692704362354,0.9527931485948643
internvl_2_5_8b,all,retained_energy,REAL,9,9986,9986,0,0.951324995409791,0.9505775467536275,0.9511406990312555,0.9517651555183192
internvl_2_5_8b,all,retained_energy,REAL,10,9986,9986,0,0.9525169793819317,0.9508103595629178,0.9516067862979396,0.9527844505265415
internvl_2_5_8b,all,retained_energy,REAL,11,9986,9986,0,0.9527560964332682,0.9507745382554162,0.9515400374765316,0.9529565215376508
internvl_2_5_8b,all,retained_energy,REAL,12,9986,9986,0,0.9523354907874542,0.9507691882961482,0.9515897202458541,0.952803044676617
internvl_2_5_8b,all,retained_energy,REAL,13,9986,9986,0,0.9531229682878524,0.9509052528111874,0.9518219298003416,0.9535860791923033
internvl_2_5_8b,all,retained_energy,REAL,14,9986,9986,0,0.952902537579493,0.9508402956368716,0.9516651663118654,0.9531175677028835
internvl_2_5_8b,all,retained_energy,REAL,15,9986,9986,0,0.9530117562522734,0.9508746425904936,0.9517493659630345,0.9534524475511215
internvl_2_5_8b,all,retained_energy,REAL,16,9986,9986,0,0.9526728435269827,0.9508539081366043,0.9517266751583433,0.9531870784726771
internvl_2_5_8b,all,retained_energy,REAL,17,9986,9986,0,0.95285771016445,0.9509524690160787,0.9519098448458501,0.9534244061765523
internvl_2_5_8b,all,retained_energy,REAL,18,9986,9986,0,0.9553117539665744,0.9515580809446644,0.9532829496491952,0.9565349610261886
internvl_2_5_8b,all,retained_energy,REAL,19,9986,9986,0,0.9536481464463252,0.9512087104105538,0.9524325198067642,0.954547628435125
internvl_2_5_8b,all,retained_energy,REAL,20,9986,9986,0,0.953451935411299,0.9511639494351116,0.9523618734791953,0.9542558011162783
internvl_2_5_8b,all,retained_energy,REAL,21,9986,9986,0,0.9525882199217979,0.9509040487160983,0.9518093290731007,0.9530738659267198
internvl_2_5_8b,all,retained_energy,REAL,22,9986,9986,0,0.9534908721464548,0.9512010243699274,0.9523635481137569,0.9542459097933274
internvl_2_5_8b,all,retained_energy,REAL,23,9986,9986,0,0.9548625467357944,0.9514072869628146,0.952873406652879,0.955874925254954
internvl_2_5_8b,all,retained_energy,REAL,24,9986,9986,0,0.9549472354625188,0.9512519569424509,0.9526479656317228,0.9556493024917243
internvl_2_5_8b,all,retained_energy,REAL,25,9986,9986,0,0.9546926517190011,0.9515283776670691,0.9530687243479294,0.9558387656977633
internvl_2_5_8b,all,retained_energy,REAL,26,9986,9986,0,0.9550951153661417,0.951674417649153,0.9533652691583298,0.9564682273453429
internvl_2_5_8b,all,retained_energy,REAL,27,9986,9986,0,0.9541670260694601,0.9513602809504454,0.9527915944732035,0.9551379738166904
internvl_2_5_8b,all,retained_energy,REAL,28,9986,9986,0,0.9559782634848178,0.9513201084798831,0.9530989233809479,0.9571831671785884
internvl_2_5_8b,all,retained_energy,REAL,29,9986,9986,0,0.9552956485829139,0.9515917319740301,0.9534314509078483,0.9568150670190327
internvl_2_5_8b,all,retained_energy,REAL,30,9986,9986,0,0.9544253001340363,0.9514671024554688,0.952981469283515,0.9555381374037764
internvl_2_5_8b,all,retained_energy,REAL,31,9986,9986,0,0.9537823967348067,0.9512698970308779,0.9526251730281512,0.9547811179661745
internvl_2_5_8b,all,retained_energy,REAL,32,9986,9986,0,0.952782832587169,0.9509778670155157,0.9519830950777632,0.953517994121974
internvl_2_5_8b,all,retained_energy,HALL,1,1759,1759,0,0.9522109794165318,0.9509718491711743,0.9519521895785705,0.9529856706891354
internvl_2_5_8b,all,retained_energy,HALL,2,1759,1759,0,0.9528154367307603,0.9512461104719118,0.9523663737049396,0.9537901985834821
internvl_2_5_8b,all,retained_energy,HALL,3,1759,1759,0,0.9553618719097756,0.9519441947823085,0.9542071772173301,0.9572147893153173
internvl_2_5_8b,all,retained_energy,HALL,4,1759,1759,0,0.9540063071451201,0.951613050532724,0.9530974385168336,0.95537546443646
internvl_2_5_8b,all,retained_energy,HALL,5,1759,1759,0,0.9528057249381461,0.9511223421773392,0.9522304967124123,0.9537355992505017
internvl_2_5_8b,all,retained_energy,HALL,6,1759,1759,0,0.9523909918903188,0.9510137076421128,0.9520138357790215,0.9531597354080092
internvl_2_5_8b,all,retained_energy,HALL,7,1759,1759,0,0.9523003682665007,0.9507115187858892,0.951498044713683,0.952349334687944
internvl_2_5_8b,all,retained_energy,HALL,8,1759,1759,0,0.9525263808101992,0.9508952772525066,0.9517641983877758,0.952857024229474
internvl_2_5_8b,all,retained_energy,HALL,9,1759,1759,0,0.9512703418015036,0.9505009406167643,0.9510615370774399,0.9516432166572218
internvl_2_5_8b,all,retained_energy,HALL,10,1759,1759,0,0.9533335341099879,0.950911673502773,0.9518327242288626,0.9534578551390763
internvl_2_5_8b,all,retained_energy,HALL,11,1759,1759,0,0.953471248443228,0.9508631957162095,0.9518088125239934,0.9537379674991606
internvl_2_5_8b,all,retained_energy,HALL,12,1759,1759,0,0.9530855767113742,0.9509256899822147,0.9518959092099313,0.9536541319213282
internvl_2_5_8b,all,retained_energy,HALL,13,1759,1759,0,0.9545693990000983,0.9512752148527488,0.952710567522681,0.9556320684688695
internvl_2_5_8b,all,retained_energy,HALL,14,1759,1759,0,0.9532494900439921,0.9508232293050625,0.9516996661232185,0.9532977530458389
internvl_2_5_8b,all,retained_energy,HALL,15,1759,1759,0,0.9543054266647603,0.9512213968765881,0.9523851757247465,0.9552340236585912
internvl_2_5_8b,all,retained_energy,HALL,16,1759,1759,0,0.9538689239411449,0.9512500161795104,0.9524996093081676,0.9546988966604399
internvl_2_5_8b,all,retained_energy,HALL,17,1759,1759,0,0.9539685157687454,0.9513129277310992,0.9525295692189322,0.9547350428576848
internvl_2_5_8b,all,retained_energy,HALL,18,1759,1759,0,0.9570112948101092,0.9517330594434803,0.9541673647280638,0.9589843380699419
internvl_2_5_8b,all,retained_energy,HALL,19,1759,1759,0,0.9544733160348015,0.9514412858780739,0.9529156125347462,0.9554081079417275
internvl_2_5_8b,all,retained_energy,HALL,20,1759,1759,0,0.9554155658528644,0.9516428001635168,0.9535267914605343,0.9569601241386614
internvl_2_5_8b,all,retained_energy,HALL,21,1759,1759,0,0.9534205194717057,0.9511010179804817,0.952193221544839,0.954157095397501
internvl_2_5_8b,all,retained_energy,HALL,22,1759,1759,0,0.9545699331190944,0.9514229497524782,0.9529941214093052,0.9556474878287093
internvl_2_5_8b,all,retained_energy,HALL,23,1759,1759,0,0.9558070100309262,0.9513126330184202,0.9529321912687868,0.9568068104240219
internvl_2_5_8b,all,retained_energy,HALL,24,1759,1759,0,0.955928104650908,0.9512964361342771,0.9529138525037764,0.9571457744333149
internvl_2_5_8b,all,retained_energy,HALL,25,1759,1759,0,0.9561869109168158,0.951756440467597,0.9538608045394569,0.9578130970054057
internvl_2_5_8b,all,retained_energy,HALL,26,1759,1759,0,0.9556757567687073,0.9513764118040553,0.9532419244556162,0.9573087377110078
internvl_2_5_8b,all,retained_energy,HALL,27,1759,1759,0,0.9560217655430419,0.9514014298619964,0.9531281973493497,0.9567023463873197
internvl_2_5_8b,all,retained_energy,HALL,28,1759,1759,0,0.9563357808827604,0.9512032019430952,0.9532267874732925,0.9580973638453391
internvl_2_5_8b,all,retained_energy,HALL,29,1759,1759,0,0.9559042839580163,0.9514180966174086,0.9534619347798259,0.9575142473557303
internvl_2_5_8b,all,retained_energy,HALL,30,1759,1759,0,0.9559844364725093,0.9516955827189149,0.9538302398095643,0.9576346309604056
internvl_2_5_8b,all,retained_energy,HALL,31,1759,1759,0,0.9545899590213803,0.9513174176213612,0.9528343360849135,0.9555931882812327
internvl_2_5_8b,all,retained_energy,HALL,32,1759,1759,0,0.9532734551324422,0.9509459743996453,0.9519337448696387,0.953795549570931
internvl_2_5_8b,train,ovir,REAL,1,7979,7979,0,0.9654646211622053,0.9524079664509577,0.9644988580538442,0.98289341224603
internvl_2_5_8b,train,ovir,REAL,2,7979,7979,0,0.9367822533915244,0.9293001311098097,0.9392611732781251,0.9483656351645278
internvl_2_5_8b,train,ovir,REAL,3,7979,7979,0,0.9541914752764985,0.947100090817174,0.9580183581104443,0.9659363095500214
internvl_2_5_8b,train,ovir,REAL,4,7979,7979,0,0.9058353940822214,0.8932739654201072,0.9086402647788905,0.9225117047730653
internvl_2_5_8b,train,ovir,REAL,5,7979,7979,0,0.8936772194407648,0.8799644714347881,0.893656786554903,0.9089330833693936
internvl_2_5_8b,train,ovir,REAL,6,7979,7979,0,0.8836070625495958,0.8656870820228815,0.8842118285417505,0.902840876456463
internvl_2_5_8b,train,ovir,REAL,7,7979,7979,0,0.8643232476217821,0.8261232621149618,0.8592612764451372,0.9004634924690367
internvl_2_5_8b,train,ovir,REAL,8,7979,7979,0,0.8011407032934389,0.7568898559300211,0.7966400609095581,0.8428893135460069
internvl_2_5_8b,train,ovir,REAL,9,7979,7979,0,0.8013651857603237,0.756612013010698,0.8019129787864232,0.8385397684018079
internvl_2_5_8b,train,ovir,REAL,10,7979,7979,0,0.8630966922034351,0.8384410965604323,0.8585066503496187,0.8849618786194136
internvl_2_5_8b,train,ovir,REAL,11,7979,7979,0,0.8399961822279163,0.8102892289412128,0.8368661197956377,0.8654981548665277
internvl_2_5_8b,train,ovir,REAL,12,7979,7979,0,0.8548596120338329,0.8330768526390359,0.8528843493140508,0.8744610753262956
internvl_2_5_8b,train,ovir,REAL,13,7979,7979,0,0.85139722559073,0.8211748037893792,0.8513659001319344,0.880184237209897
internvl_2_5_8b,train,ovir,REAL,14,7979,7979,0,0.8522428834218824,0.8282728165650137,0.85090717275246,0.8750424664959999
internvl_2_5_8b,train,ovir,REAL,15,7979,7979,0,0.8412701379196839,0.8180494134036076,0.8406649255094086,0.8630243626296482
internvl_2_5_8b,train,ovir,REAL,16,7979,7979,0,0.8788067762156596,0.8612409197514417,0.8783638886703721,0.8958524288018337
internvl_2_5_8b,train,ovir,REAL,17,7979,7979,0,0.9025113077809769,0.8886728319483421,0.9025035549983768,0.9177136199101501
internvl_2_5_8b,train,ovir,REAL,18,7979,7979,0,0.9265568024636875,0.9151523315047565,0.9269537997036367,0.9385373105628482
internvl_2_5_8b,train,ovir,REAL,19,7979,7979,0,0.9463101905967374,0.9393702211469188,0.9464583704131732,0.9539526485018035
internvl_2_5_8b,train,ovir,REAL,20,7979,7979,0,0.9590383502000716,0.9502373569276601,0.9586053775790775,0.9675979496772897
internvl_2_5_8b,train,ovir,REAL,21,7979,7979,0,0.9563638765218152,0.949779610336186,0.9569916680283356,0.9636302249336934
internvl_2_5_8b,train,ovir,REAL,22,7979,7979,0,0.9669680682178367,0.9607148715157683,0.9675141960401291,0.9741287973627073
internvl_2_5_8b,train,ovir,REAL,23,7979,7979,0,0.9824246253040656,0.9786717583807375,0.9828886490600384,0.9868561389501693
internvl_2_5_8b,train,ovir,REAL,24,7979,7979,0,0.9859879663480249,0.9824614525613666,0.9875391300954375,0.9911023295521805
internvl_2_5_8b,train,ovir,REAL,25,7979,7979,0,0.9877340870296804,0.9858861304113427,0.9905854711136283,0.9937932736599381
internvl_2_5_8b,train,ovir,REAL,26,7979,7979,0,0.9927332654722081,0.9909551929459541,0.9940071878028918,0.9962117093667834
internvl_2_5_8b,train,ovir,REAL,27,7979,7979,0,0.9916184573855367,0.9910689091654051,0.9945230561663019,0.9966966856565437
internvl_2_5_8b,train,ovir,REAL,28,7979,7979,0,0.9936176409605965,0.9927487602016837,0.9964556957108537,0.998063914807871
internvl_2_5_8b,train,ovir,REAL,29,7979,7979,0,0.9848798728949087,0.9806346791026204,0.9866289907913528,0.9911634603085433
internvl_2_5_8b,train,ovir,REAL,30,7979,7979,0,0.9696473721944803,0.9606343577763559,0.9740207179736541,0.9836002564733104
internvl_2_5_8b,train,ovir,REAL,31,7979,7979,0,0.9760992070705072,0.9693005109150241,0.9803588734647544,0.9879918073369871
internvl_2_5_8b,train,ovir,REAL,32,7979,7979,0,0.950065428567697,0.9377847116483109,0.9586149548150283,0.9746242514076618
internvl_2_5_8b,train,ovir,HALL,1,1387,1387,0,0.964882860649788,0.9519626811748706,0.965602670831194,0.9832269005660763
internvl_2_5_8b,train,ovir,HALL,2,1387,1387,0,0.9354130716931532,0.9284411655641129,0.94065635429181,0.9507376022297525
internvl_2_5_8b,train,ovir,HALL,3,1387,1387,0,0.9559891237346039,0.9489848214630636,0.95851300792733,0.9667161935258677
internvl_2_5_8b,train,ovir,HALL,4,1387,1387,0,0.9083686778361868,0.8958199093604621,0.909776376187659,0.9231757945053116
internvl_2_5_8b,train,ovir,HALL,5,1387,1387,0,0.8939542619218064,0.8809088186302769,0.8948033435264482,0.907925786525347
internvl_2_5_8b,train,ovir,HALL,6,1387,1387,0,0.8799611666373981,0.8611783995789677,0.8810084409983278,0.8989111391476587
internvl_2_5_8b,train,ovir,HALL,7,1387,1387,0,0.8687744363114008,0.8417671988212696,0.8687138721214679,0.892709478994657
internvl_2_5_8b,train,ovir,HALL,8,1387,1387,0,0.8049478354407714,0.7703847395589773,0.7993875745524905,0.8363800825435566
internvl_2_5_8b,train,ovir,HALL,9,1387,1387,0,0.8176142215952588,0.7927996621653063,0.8163195275817209,0.8413586613608337
internvl_2_5_8b,train,ovir,HALL,10,1387,1387,0,0.8668825172542179,0.8415485791005735,0.8649079172375937,0.8896423777850363
internvl_2_5_8b,train,ovir,HALL,11,1387,1387,0,0.855923536427605,0.8286596725237956,0.8539624756330939,0.8815636982446042
internvl_2_5_8b,train,ovir,HALL,12,1387,1387,0,0.8620192039024305,0.8420465464668325,0.8618843593490894,0.8808659537772991
internvl_2_5_8b,train,ovir,HALL,13,1387,1387,0,0.8590987559169375,0.8306412914262342,0.8567940062211853,0.8870178263325375
internvl_2_5_8b,train,ovir,HALL,14,1387,1387,0,0.8549169393893569,0.8320686276430296,0.8535835147870403,0.8772913188006555
internvl_2_5_8b,train,ovir,HALL,15,1387,1387,0,0.8543848911787665,0.8360354580931548,0.8542651952692082,0.8715934333476034
internvl_2_5_8b,train,ovir,HALL,16,1387,1387,0,0.885359048839698,0.8673082533667966,0.8847033321767751,0.9017509871891873
internvl_2_5_8b,train,ovir,HALL,17,1387,1387,0,0.904392449818101,0.8902903432667234,0.9048305582794742,0.9189873122366587
internvl_2_5_8b,train,ovir,HALL,18,1387,1387,0,0.9259389434240876,0.9110758756261188,0.9268292687884431,0.9411100871881323
internvl_2_5_8b,train,ovir,HALL,19,1387,1387,0,0.9496752583006951,0.9421715025253801,0.9496746840547063,0.9572865305853359
internvl_2_5_8b,train,ovir,HALL,20,1387,1387,0,0.9628202315106293,0.9539454315147395,0.9633553848215184,0.9722687374426098
internvl_2_5_8b,train,ovir,HALL,21,1387,1387,0,0.9608484747217112,0.9540682347974172,0.9614301287742281,0.9688631761035275
internvl_2_5_8b,train,ovir,HALL,22,1387,1387,0,0.9698381440039955,0.9643919155731284,0.9706322215263801,0.9767035708270497
internvl_2_5_8b,train,ovir,HALL,23,1387,1387,0,0.9835540263319965,0.9803707119570733,0.9847688060549435,0.9883199984817186
internvl_2_5_8b,train,ovir,HALL,24,1387,1387,0,0.9872222916623717,0.9848152447108343,0.9896750814377527,0.9923764928893013
internvl_2_5_8b,train,ovir,HALL,25,1387,1387,0,0.990566691192772,0.9883818641813369,0.992359876172458,0.9951847778196825
internvl_2_5_8b,train,ovir,HALL,26,1387,1387,0,0.9933589440983559,0.9916652234364992,0.994775759832025,0.9968830714635866
internvl_2_5_8b,train,ovir,HALL,27,1387,1387,0,0.9913893868122506,0.989969291151817,0.9950009379267457,0.9971692316942573
internvl_2_5_8b,train,ovir,HALL,28,1387,1387,0,0.9926453742497957,0.991265325188601,0.996719625386656,0.9982051984142026
internvl_2_5_8b,train,ovir,HALL,29,1387,1387,0,0.9868754614796331,0.9838471465745358,0.9891733408451121,0.9929456112927447
internvl_2_5_8b,train,ovir,HALL,30,1387,1387,0,0.9780812372198154,0.972225717854078,0.9812072719218066,0.9878301479159062
internvl_2_5_8b,train,ovir,HALL,31,1387,1387,0,0.9790005330538553,0.9743866840539672,0.9839480346555576,0.9897208788131187
internvl_2_5_8b,train,ovir,HALL,32,1387,1387,0,0.937932443575603,0.9265791538963023,0.9618070931144739,0.9772110925639437
internvl_2_5_8b,train,rank95,REAL,1,7979,7979,0,17.27033462839955,14.0,17.0,21.0
internvl_2_5_8b,train,rank95,REAL,2,7979,7979,0,13.312821155533275,10.0,12.0,16.0
internvl_2_5_8b,train,rank95,REAL,3,7979,7979,0,9.002130592806116,6.0,8.0,12.0
internvl_2_5_8b,train,rank95,REAL,4,7979,7979,0,10.90813385135982,8.0,10.0,13.0
internvl_2_5_8b,train,rank95,REAL,5,7979,7979,0,14.710991352299787,10.0,14.0,19.0
internvl_2_5_8b,train,rank95,REAL,6,7979,7979,0,17.168442160671763,12.0,17.0,22.0
internvl_2_5_8b,train,rank95,REAL,7,7979,7979,0,21.133976688808122,13.0,22.0,29.0
internvl_2_5_8b,train,rank95,REAL,8,7979,7979,0,20.083594435392907,12.0,20.0,27.0
internvl_2_5_8b,train,rank95,REAL,9,7979,7979,0,32.52274721143,24.0,32.0,41.0
internvl_2_5_8b,train,rank95,REAL,10,7979,7979,0,21.77691440030079,11.0,20.0,30.0
internvl_2_5_8b,train,rank95,REAL,11,7979,7979,0,23.075949367088608,10.0,19.0,34.0
internvl_2_5_8b,train,rank95,REAL,12,7979,7979,0,22.420353427747838,12.0,19.0,31.0
internvl_2_5_8b,train,rank95,REAL,13,7979,7979,0,20.480260684296276,9.0,17.0,29.0
internvl_2_5_8b,train,rank95,REAL,14,7979,7979,0,19.55483143251034,9.0,17.0,28.0
internvl_2_5_8b,train,rank95,REAL,15,7979,7979,0,20.49016167439529,9.0,17.0,29.0
internvl_2_5_8b,train,rank95,REAL,16,7979,7979,0,22.29138989848352,11.0,20.0,31.0
internvl_2_5_8b,train,rank95,REAL,17,7979,7979,0,18.905501942599322,10.0,17.0,26.0
internvl_2_5_8b,train,rank95,REAL,18,7979,7979,0,11.916029577641309,6.0,10.0,16.0
internvl_2_5_8b,train,rank95,REAL,19,7979,7979,0,14.33575636044617,7.0,12.0,19.0
internvl_2_5_8b,train,rank95,REAL,20,7979,7979,0,15.89133976688808,9.0,14.0,21.0
internvl_2_5_8b,train,rank95,REAL,21,7979,7979,0,20.450933700965034,12.0,19.0,28.0
internvl_2_5_8b,train,rank95,REAL,22,7979,7979,0,15.434640932447675,9.0,14.0,21.0
internvl_2_5_8b,train,rank95,REAL,23,7979,7979,0,12.8578769269332,6.0,10.0,17.0
internvl_2_5_8b,train,rank95,REAL,24,7979,7979,0,14.480762000250659,6.0,12.0,20.0
internvl_2_5_8b,train,rank95,REAL,25,7979,7979,0,12.234365208672767,6.0,11.0,16.0
internvl_2_5_8b,train,rank95,REAL,26,7979,7979,0,11.738438400802105,6.0,10.0,15.0
internvl_2_5_8b,train,rank95,REAL,27,7979,7979,0,13.407068554956762,7.0,12.0,17.0
internvl_2_5_8b,train,rank95,REAL,28,7979,7979,0,13.063040481263316,5.0,9.0,17.0
internvl_2_5_8b,train,rank95,REAL,29,7979,7979,0,11.816017044742448,6.0,9.0,15.0
internvl_2_5_8b,train,rank95,REAL,30,7979,7979,0,13.048502318586289,7.0,11.0,17.0
internvl_2_5_8b,train,rank95,REAL,31,7979,7979,0,14.934954254919163,8.0,13.0,19.0
internvl_2_5_8b,train,rank95,REAL,32,7979,7979,0,18.12896352926432,10.0,16.0,24.0
internvl_2_5_8b,train,rank95,HALL,1,1387,1387,0,16.25666906993511,13.0,16.0,19.0
internvl_2_5_8b,train,rank95,HALL,2,1387,1387,0,14.439798125450613,10.0,13.0,18.0
internvl_2_5_8b,train,rank95,HALL,3,1387,1387,0,9.069935111751983,6.0,8.0,11.0
internvl_2_5_8b,train,rank95,HALL,4,1387,1387,0,11.401586157173757,8.0,10.0,14.0
internvl_2_5_8b,train,rank95,HALL,5,1387,1387,0,15.73972602739726,11.0,15.0,20.0
internvl_2_5_8b,train,rank95,HALL,6,1387,1387,0,16.977649603460705,12.0,16.0,22.0
internvl_2_5_8b,train,rank95,HALL,7,1387,1387,0,22.950252343186733,16.0,24.0,30.0
internvl_2_5_8b,train,rank95,HALL,8,1387,1387,0,19.665465032444125,12.0,19.0,27.0
internvl_2_5_8b,train,rank95,HALL,9,1387,1387,0,34.013698630136986,25.0,34.0,43.0
internvl_2_5_8b,train,rank95,HALL,10,1387,1387,0,18.17015140591204,8.0,15.0,26.0
internvl_2_5_8b,train,rank95,HALL,11,1387,1387,0,19.22278298485941,7.0,16.0,27.0
internvl_2_5_8b,train,rank95,HALL,12,1387,1387,0,18.208363374188895,8.0,14.0,25.0
internvl_2_5_8b,train,rank95,HALL,13,1387,1387,0,13.689257390050468,5.0,10.0,19.0
internvl_2_5_8b,train,rank95,HALL,14,1387,1387,0,19.71016582552271,8.0,16.0,29.0
internvl_2_5_8b,train,rank95,HALL,15,1387,1387,0,15.191780821917808,6.0,11.0,20.0
internvl_2_5_8b,train,rank95,HALL,16,1387,1387,0,15.407354001441961,7.0,13.0,21.0
internvl_2_5_8b,train,rank95,HALL,17,1387,1387,0,14.263157894736842,7.0,12.0,20.0
internvl_2_5_8b,train,rank95,HALL,18,1387,1387,0,10.67772170151406,4.0,8.0,14.0
internvl_2_5_8b,train,rank95,HALL,19,1387,1387,0,11.987743330930066,6.0,10.0,16.0
internvl_2_5_8b,train,rank95,HALL,20,1387,1387,0,11.165104542177362,5.0,9.0,15.0
internvl_2_5_8b,train,rank95,HALL,21,1387,1387,0,16.59913482335977,8.0,14.0,23.0
internvl_2_5_8b,train,rank95,HALL,22,1387,1387,0,12.791636625811103,7.0,11.0,17.0
internvl_2_5_8b,train,rank95,HALL,23,1387,1387,0,13.609949531362654,5.0,9.0,19.0
internvl_2_5_8b,train,rank95,HALL,24,1387,1387,0,14.281903388608507,5.0,10.0,19.0
internvl_2_5_8b,train,rank95,HALL,25,1387,1387,0,10.56957462148522,5.0,9.0,14.0
internvl_2_5_8b,train,rank95,HALL,26,1387,1387,0,12.449891852919972,5.0,9.0,16.0
internvl_2_5_8b,train,rank95,HALL,27,1387,1387,0,13.336697909156452,5.0,10.0,18.0
internvl_2_5_8b,train,rank95,HALL,28,1387,1387,0,14.059120403749098,5.0,8.0,17.0
internvl_2_5_8b,train,rank95,HALL,29,1387,1387,0,12.108868060562365,5.0,8.0,15.0
internvl_2_5_8b,train,rank95,HALL,30,1387,1387,0,11.350396539293438,5.0,9.0,14.0
internvl_2_5_8b,train,rank95,HALL,31,1387,1387,0,14.53208363374189,7.0,11.0,18.0
internvl_2_5_8b,train,rank95,HALL,32,1387,1387,0,19.012256669069934,9.0,15.0,26.0
internvl_2_5_8b,train,retained_energy,REAL,1,7979,7979,0,0.9520585591140343,0.9509038423882072,0.95184945083167,0.9528330274631425
internvl_2_5_8b,train,retained_energy,REAL,2,7979,7979,0,0.953006770585756,0.951305083358172,0.952589804527883,0.9542215619138912
internvl_2_5_8b,train,retained_energy,REAL,3,7979,7979,0,0.955467283573623,0.952045023119352,0.9541862628945066,0.9572391592753678
internvl_2_5_8b,train,retained_energy,REAL,4,7979,7979,0,0.9543046831284292,0.9517507129434439,0.9535262777113783,0.9558566210569956
internvl_2_5_8b,train,retained_energy,REAL,5,7979,7979,0,0.9530820991413111,0.9512535493269908,0.9524348597936548,0.9539395882149181
internvl_2_5_8b,train,retained_energy,REAL,6,7979,7979,0,0.9523313808873893,0.9509781930030804,0.9519327489147397,0.9530510954947541
internvl_2_5_8b,train,retained_energy,REAL,7,7979,7979,0,0.9528851870699305,0.9508526841434847,0.9516705704002429,0.9527192016841177
internvl_2_5_8b,train,retained_energy,REAL,8,7979,7979,0,0.9524537226398155,0.9508589457253336,0.9516944233982104,0.9528003753719201
internvl_2_5_8b,train,retained_energy,REAL,9,7979,7979,0,0.9513255137361758,0.9505753760788495,0.9511339073718083,0.951762855605619
internvl_2_5_8b,train,retained_energy,REAL,10,7979,7979,0,0.9525297803935744,0.9508112275625733,0.9516151965028844,0.9527930647726492
internvl_2_5_8b,train,retained_energy,REAL,11,7979,7979,0,0.952781967990107,0.9507764678179774,0.951538815212,0.9529761486872931
internvl_2_5_8b,train,retained_energy,REAL,12,7979,7979,0,0.9523516287635844,0.9507735033776246,0.9515830660202129,0.9528022433809391
internvl_2_5_8b,train,retained_energy,REAL,13,7979,7979,0,0.9531411580999094,0.9509013840428588,0.9518220775534683,0.9536045142085012
internvl_2_5_8b,train,retained_energy,REAL,14,7979,7979,0,0.9529064269282898,0.9508434149671894,0.951664800357652,0.9530855177765254
internvl_2_5_8b,train,retained_energy,REAL,15,7979,7979,0,0.9530422802388918,0.9508641764293406,0.9517372652314977,0.9534557666171952
internvl_2_5_8b,train,retained_energy,REAL,16,7979,7979,0,0.9526725337524706,0.9508604580071157,0.9517222845075146,0.9531781166633544
internvl_2_5_8b,train,retained_energy,REAL,17,7979,7979,0,0.9528675830125316,0.9509514321445909,0.9519014075726483,0.9534010704801992
internvl_2_5_8b,train,retained_energy,REAL,18,7979,7979,0,0.9553258275971352,0.9515411107714826,0.9532641898129579,0.9565236751759468
internvl_2_5_8b,train,retained_energy,REAL,19,7979,7979,0,0.9536526697099814,0.9512112739433352,0.9524407481504602,0.9545322022014153
internvl_2_5_8b,train,retained_energy,REAL,20,7979,7979,0,0.9534541316877883,0.951155299100937,0.9523502178897013,0.9542265238488752
internvl_2_5_8b,train,retained_energy,REAL,21,7979,7979,0,0.952587908588125,0.9509082924797437,0.9518033538886478,0.9530885063584247
internvl_2_5_8b,train,retained_energy,REAL,22,7979,7979,0,0.9535111179186344,0.9512006399829296,0.9523530754898402,0.9542683478418255
internvl_2_5_8b,train,retained_energy,REAL,23,7979,7979,0,0.9548519831787741,0.9514066314784693,0.9528355713089327,0.955818743920646
internvl_2_5_8b,train,retained_energy,REAL,24,7979,7979,0,0.9549446938585197,0.9512573259816062,0.9526558267515349,0.9556568297387531
internvl_2_5_8b,train,retained_energy,REAL,25,7979,7979,0,0.9546825964595714,0.9515113953749654,0.9530705153569292,0.9557858283853704
internvl_2_5_8b,train,retained_energy,REAL,26,7979,7979,0,0.9550697096413288,0.9516641983594065,0.9533287391658303,0.956454272776276
internvl_2_5_8b,train,retained_energy,REAL,27,7979,7979,0,0.9541702315080247,0.9513618531303709,0.9528007443259527,0.9551385322146702
internvl_2_5_8b,train,retained_energy,REAL,28,7979,7979,0,0.9560085480008195,0.9513164942775496,0.953121309638539,0.9571899825710082
internvl_2_5_8b,train,retained_energy,REAL,29,7979,7979,0,0.9552771344697075,0.9515864865665832,0.953420038435142,0.9567654212790764
internvl_2_5_8b,train,retained_energy,REAL,30,7979,7979,0,0.9544317303414616,0.9514760907776751,0.9529828291815625,0.9555349012462631
internvl_2_5_8b,train,retained_energy,REAL,31,7979,7979,0,0.9537774720413533,0.9512518029041022,0.9526125299759796,0.954752696050842
internvl_2_5_8b,train,retained_energy,REAL,32,7979,7979,0,0.9527847261975605,0.9509804225159293,0.9519757194810305,0.9535102528484971
internvl_2_5_8b,train,retained_energy,HALL,1,1387,1387,0,0.9522220738689351,0.9509466747805444,0.9519484484036483,0.9529973586118584
internvl_2_5_8b,train,retained_energy,HALL,2,1387,1387,0,0.9528629197503183,0.9512721128725317,0.952389780357454,0.9538079460855484
internvl_2_5_8b,train,retained_energy,HALL,3,1387,1387,0,0.9553713279745396,0.9519192458910486,0.9542155175984949,0.9571896954126332
internvl_2_5_8b,train,retained_energy,HALL,4,1387,1387,0,0.9540871515944194,0.9516263304656615,0.9531443110310795,0.9554839116105189
internvl_2_5_8b,train,retained_energy,HALL,5,1387,1387,0,0.9528570122213056,0.9511542932169392,0.9522715416032722,0.9538249150933487
internvl_2_5_8b,train,retained_energy,HALL,6,1387,1387,0,0.9524010253277773,0.9510196960401219,0.9520179015461174,0.9531246974573255
internvl_2_5_8b,train,retained_energy,HALL,7,1387,1387,0,0.95234226742808,0.9507794526458329,0.951532516765288,0.9523995416715325
internvl_2_5_8b,train,retained_energy,HALL,8,1387,1387,0,0.9525365678670932,0.9509011664328031,0.9517641983877758,0.952857024229474
internvl_2_5_8b,train,retained_energy,HALL,9,1387,1387,0,0.9513011203984537,0.950524198640544,0.9510802061211244,0.9516574272206876
internvl_2_5_8b,train,retained_energy,HALL,10,1387,1387,0,0.9533291679746019,0.9509164204046385,0.9518430242310275,0.9535460522272616
internvl_2_5_8b,train,retained_energy,HALL,11,1387,1387,0,0.9535590429631869,0.9508762707461937,0.9518687758534614,0.9537962908734767
internvl_2_5_8b,train,retained_energy,HALL,12,1387,1387,0,0.9531148638940331,0.9509179562485,0.9519129436130769,0.9537451063789795
internvl_2_5_8b,train,retained_energy,HALL,13,1387,1387,0,0.9546870939141798,0.9513164588907045,0.9528138054627019,0.9559069242905907
internvl_2_5_8b,train,retained_energy,HALL,14,1387,1387,0,0.9533858459034804,0.9508048344860369,0.9516741764683166,0.953373114040666
internvl_2_5_8b,train,retained_energy,HALL,15,1387,1387,0,0.9543362561835788,0.9512185334543672,0.952408264338682,0.9552975812380038
internvl_2_5_8b,train,retained_energy,HALL,16,1387,1387,0,0.9539709811499137,0.9512711779358642,0.9525357318131868,0.9547769224494853
internvl_2_5_8b,train,retained_energy,HALL,17,1387,1387,0,0.9539353549167846,0.9513447483565165,0.9525558429793,0.954750560024667
internvl_2_5_8b,train,retained_energy,HALL,18,1387,1387,0,0.957012098919932,0.9517404121728217,0.9540807492362806,0.9590112631306384
internvl_2_5_8b,train,retained_energy,HALL,19,1387,1387,0,0.9545304382218867,0.9514623101884342,0.9530207286766472,0.9555779570111886
internvl_2_5_8b,train,retained_energy,HALL,20,1387,1387,0,0.955533632529011,0.9516790559783552,0.9536758840041176,0.957136412535991
internvl_2_5_8b,train,retained_energy,HALL,21,1387,1387,0,0.9534249938667172,0.9511133848297522,0.9522109360643719,0.9542173266540951
internvl_2_5_8b,train,retained_energy,HALL,22,1387,1387,0,0.9546692164951609,0.9514470337742998,0.9530000521088319,0.9558397702209536
internvl_2_5_8b,train,retained_energy,HALL,23,1387,1387,0,0.9558850362314387,0.951344757508243,0.9529321912687868,0.9567949499581447
internvl_2_5_8b,train,retained_energy,HALL,24,1387,1387,0,0.9558547025096806,0.9512932514527181,0.9529424057145365,0.9571520910801404
internvl_2_5_8b,train,retained_energy,HALL,25,1387,1387,0,0.9562854078955133,0.9517067087684398,0.9539785432394725,0.957932310008905
internvl_2_5_8b,train,retained_energy,HALL,26,1387,1387,0,0.955785518104283,0.9514149264589888,0.9534017865461878,0.9576130045930027
internvl_2_5_8b,train,retained_energy,HALL,27,1387,1387,0,0.9560948849398231,0.9514092952167825,0.9531873656886284,0.9567492715094392
internvl_2_5_8b,train,retained_energy,HALL,28,1387,1387,0,0.9563961248080163,0.951220638289676,0.9533369441480349,0.9581116493594111
internvl_2_5_8b,train,retained_energy,HALL,29,1387,1387,0,0.955941570096306,0.9514329653020752,0.9535574969220486,0.9576013927040231
internvl_2_5_8b,train,retained_energy,HALL,30,1387,1387,0,0.9561293072966923,0.9518395835280554,0.9539915322704745,0.9580282855506449
internvl_2_5_8b,train,retained_energy,HALL,31,1387,1387,0,0.9545872891264209,0.951315836206293,0.9527838952401985,0.9556121735377385
internvl_2_5_8b,train,retained_energy,HALL,32,1387,1387,0,0.9533317468667767,0.9509429497259092,0.9519242004466253,0.9538325491599953
internvl_2_5_8b,validation,ovir,REAL,1,1020,1020,0,0.9659746368368127,0.9522643223912117,0.9649259199213268,0.9840786941516971
internvl_2_5_8b,validation,ovir,REAL,2,1020,1020,0,0.9368521749063573,0.9284091910266459,0.9395968620459609,0.9484879900584136
internvl_2_5_8b,validation,ovir,REAL,3,1020,1020,0,0.9541903918762246,0.9469460020233977,0.9582537544255801,0.9664979953554911
internvl_2_5_8b,validation,ovir,REAL,4,1020,1020,0,0.9037282095994068,0.890344403154391,0.9060093235434002,0.9194452316164121
internvl_2_5_8b,validation,ovir,REAL,5,1020,1020,0,0.8947503177698947,0.8813050806821263,0.8956758007066383,0.910177396550707
internvl_2_5_8b,validation,ovir,REAL,6,1020,1020,0,0.8834295973780671,0.8667362835119086,0.8844595229147607,0.9022707843672236
internvl_2_5_8b,validation,ovir,REAL,7,1020,1020,0,0.8656917142382569,0.8249472445796237,0.8613549700535351,0.9039241779502885
internvl_2_5_8b,validation,ovir,REAL,8,1020,1020,0,0.801041745180838,0.7547388141866941,0.7979353520018031,0.843968917346176
internvl_2_5_8b,validation,ovir,REAL,9,1020,1020,0,0.8004183257177824,0.7521174995861035,0.8008194947716938,0.8372100921277342
internvl_2_5_8b,validation,ovir,REAL,10,1020,1020,0,0.862494309255016,0.8390312502594154,0.8581217096926732,0.8842830010343272
internvl_2_5_8b,validation,ovir,REAL,11,1020,1020,0,0.839311218007925,0.8099317381409993,0.8360354610952807,0.8661088363039853
internvl_2_5_8b,validation,ovir,REAL,12,1020,1020,0,0.8545683411542834,0.8341335576151182,0.8533677735571062,0.8723039827908946
internvl_2_5_8b,validation,ovir,REAL,13,1020,1020,0,0.8516065945575625,0.8220297963270508,0.8525128220439068,0.8792201689960373
internvl_2_5_8b,validation,ovir,REAL,14,1020,1020,0,0.8523080810160576,0.8253278012016024,0.852733845850576,0.8753967725095123
internvl_2_5_8b,validation,ovir,REAL,15,1020,1020,0,0.8395639266049165,0.818448037986942,0.8391863596721688,0.8589324115188971
internvl_2_5_8b,validation,ovir,REAL,16,1020,1020,0,0.8782182849051448,0.8621199686390677,0.8775985787802891,0.8945287402756876
internvl_2_5_8b,validation,ovir,REAL,17,1020,1020,0,0.9017127845549292,0.8884534185939302,0.9021412981141852,0.9167302226157745
internvl_2_5_8b,validation,ovir,REAL,18,1020,1020,0,0.9264720637144248,0.915719781765166,0.9269199745828758,0.9380251648163445
internvl_2_5_8b,validation,ovir,REAL,19,1020,1020,0,0.9458940681859784,0.9384313020783915,0.9456454243618001,0.9538096876490918
internvl_2_5_8b,validation,ovir,REAL,20,1020,1020,0,0.9589360970794748,0.9501378771253632,0.9585401648317214,0.9677830445743689
internvl_2_5_8b,validation,ovir,REAL,21,1020,1020,0,0.956365634624811,0.9494834105657217,0.9567693333575176,0.9634829786471795
internvl_2_5_8b,validation,ovir,REAL,22,1020,1020,0,0.9672701928420309,0.9611356794379853,0.9674664778329545,0.9741136207332793
internvl_2_5_8b,validation,ovir,REAL,23,1020,1020,0,0.9821820487549529,0.9782028642574448,0.9826183462942257,0.9864293333466811
internvl_2_5_8b,validation,ovir,REAL,24,1020,1020,0,0.9860967935005847,0.9826897731567183,0.9874732037320614,0.9910416570155733
internvl_2_5_8b,validation,ovir,REAL,25,1020,1020,0,0.9871469899933778,0.9856389875368496,0.9907348398014958,0.9938265942921878
internvl_2_5_8b,validation,ovir,REAL,26,1020,1020,0,0.9922167450678487,0.9911255748271468,0.9941533202381725,0.9962056883637
internvl_2_5_8b,validation,ovir,REAL,27,1020,1020,0,0.991611443267014,0.9910272595067636,0.9945610456280218,0.9967001281031098
internvl_2_5_8b,validation,ovir,REAL,28,1020,1020,0,0.993568458245661,0.9925821392404074,0.9963257925265007,0.9980993163342602
internvl_2_5_8b,validation,ovir,REAL,29,1020,1020,0,0.9848471450079512,0.9801421780602831,0.9862633265805055,0.9913253554208241
internvl_2_5_8b,validation,ovir,REAL,30,1020,1020,0,0.9689259541510702,0.9602803527528351,0.9741226965118934,0.9829993486945129
internvl_2_5_8b,validation,ovir,REAL,31,1020,1020,0,0.9756354867655058,0.9678805160754747,0.9798257231943845,0.9878332210066568
internvl_2_5_8b,validation,ovir,REAL,32,1020,1020,0,0.9502872113281613,0.9383462614997516,0.9581619271312334,0.9744184744798421
internvl_2_5_8b,validation,ovir,HALL,1,198,198,0,0.9645433817802151,0.9508632475205785,0.9613201473008919,0.9851124700634861
internvl_2_5_8b,validation,ovir,HALL,2,198,198,0,0.9380297066742371,0.9302672510036021,0.9405680764162507,0.9516011421709594
internvl_2_5_8b,validation,ovir,HALL,3,198,198,0,0.9569819144497019,0.9501707397900451,0.9593883911686495,0.9683833967705266
internvl_2_5_8b,validation,ovir,HALL,4,198,198,0,0.9077005729420409,0.8958355062780157,0.9098215804237331,0.9205093619179512
internvl_2_5_8b,validation,ovir,HALL,5,198,198,0,0.8946153692687998,0.8797574349057706,0.8950665276805791,0.9111470465487754
internvl_2_5_8b,validation,ovir,HALL,6,198,198,0,0.8813462204307947,0.862207808117639,0.8817107423045054,0.8998138375447682
internvl_2_5_8b,validation,ovir,HALL,7,198,198,0,0.8698364592223099,0.8369984023011013,0.865965016090354,0.8979563192184397
internvl_2_5_8b,validation,ovir,HALL,8,198,198,0,0.8077035226021443,0.7720384413724506,0.8007044121992273,0.8465715681523838
internvl_2_5_8b,validation,ovir,HALL,9,198,198,0,0.8192603929464556,0.7931374303939437,0.8138680527576132,0.8460569308093664
internvl_2_5_8b,validation,ovir,HALL,10,198,198,0,0.8629922544294983,0.8395608952863554,0.8570429619096869,0.8844395903930503
internvl_2_5_8b,validation,ovir,HALL,11,198,198,0,0.8557050359043179,0.824374244763804,0.8545999882951938,0.8838663929865007
internvl_2_5_8b,validation,ovir,HALL,12,198,198,0,0.8602976906431448,0.8395454923627064,0.8585252425663032,0.8824484421770569
internvl_2_5_8b,validation,ovir,HALL,13,198,198,0,0.8589372864453934,0.8337322741919664,0.8567367328345865,0.8831284024458925
internvl_2_5_8b,validation,ovir,HALL,14,198,198,0,0.8513040731202073,0.8252143046061544,0.8538981935076219,0.8725443118831622
internvl_2_5_8b,validation,ovir,HALL,15,198,198,0,0.8545726226966797,0.8366115268592464,0.8551866341202573,0.8718234882456231
internvl_2_5_8b,validation,ovir,HALL,16,198,198,0,0.8845401508041896,0.8642336983218963,0.8832188091579418,0.9030891644161729
internvl_2_5_8b,validation,ovir,HALL,17,198,198,0,0.9039089527737438,0.8906376574325356,0.9057153520421524,0.9188169659078746
internvl_2_5_8b,validation,ovir,HALL,18,198,198,0,0.9249185687357917,0.9110882983484268,0.9270486518732275,0.9389873670216411
internvl_2_5_8b,validation,ovir,HALL,19,198,198,0,0.9484917782900976,0.9413675274954484,0.9483755060478933,0.9560579395749652
internvl_2_5_8b,validation,ovir,HALL,20,198,198,0,0.9624179962529568,0.953369269547985,0.9614907086953604,0.9723965023525982
internvl_2_5_8b,validation,ovir,HALL,21,198,198,0,0.9603964799812171,0.9540762777670574,0.9603575077779365,0.9685793300274521
internvl_2_5_8b,validation,ovir,HALL,22,198,198,0,0.9705655492616933,0.9651498005930056,0.9714076530831725,0.9768697892111821
internvl_2_5_8b,validation,ovir,HALL,23,198,198,0,0.9830261784197808,0.9794298813404752,0.9843707383941736,0.9883531020490028
internvl_2_5_8b,validation,ovir,HALL,24,198,198,0,0.9875652451482433,0.984808741305877,0.9895011570157022,0.9930184266763937
internvl_2_5_8b,validation,ovir,HALL,25,198,198,0,0.9900848717783607,0.9890369347080666,0.9919118744979384,0.9948081818494415
internvl_2_5_8b,validation,ovir,HALL,26,198,198,0,0.9930992172362652,0.9912581723026255,0.9939404660048237,0.9965962593358273
internvl_2_5_8b,validation,ovir,HALL,27,198,198,0,0.9920628022603004,0.9916440190973068,0.9949132591597976,0.9969617758075422
internvl_2_5_8b,validation,ovir,HALL,28,198,198,0,0.9912800296513413,0.9904932939081363,0.9960693122985156,0.9978460931733457
internvl_2_5_8b,validation,ovir,HALL,29,198,198,0,0.9856625318324894,0.9837144652216201,0.9877939502995089,0.9919129906776748
internvl_2_5_8b,validation,ovir,HALL,30,198,198,0,0.9770265783161673,0.9717030627755596,0.9809852877839762,0.9869843354925917
internvl_2_5_8b,validation,ovir,HALL,31,198,198,0,0.9779635153598081,0.9731228288586875,0.9819940555384634,0.9885985357091664
internvl_2_5_8b,validation,ovir,HALL,32,198,198,0,0.9397530011757488,0.9292740118098739,0.9594212298943039,0.9756710389692944
internvl_2_5_8b,validation,rank95,REAL,1,1020,1020,0,16.88137254901961,13.0,16.0,20.0
internvl_2_5_8b,validation,rank95,REAL,2,1020,1020,0,13.03921568627451,10.0,12.0,16.0
internvl_2_5_8b,validation,rank95,REAL,3,1020,1020,0,8.855882352941176,5.0,8.0,11.0
internvl_2_5_8b,validation,rank95,REAL,4,1020,1020,0,10.9,8.0,10.0,14.0
internvl_2_5_8b,validation,rank95,REAL,5,1020,1020,0,14.346078431372549,10.0,14.0,18.0
internvl_2_5_8b,validation,rank95,REAL,6,1020,1020,0,17.238235294117647,12.0,17.0,22.0
internvl_2_5_8b,validation,rank95,REAL,7,1020,1020,0,20.644117647058824,12.0,21.0,28.25
internvl_2_5_8b,validation,rank95,REAL,8,1020,1020,0,19.62156862745098,11.0,19.0,27.0
internvl_2_5_8b,validation,rank95,REAL,9,1020,1020,0,32.2421568627451,23.0,32.0,41.0
internvl_2_5_8b,validation,rank95,REAL,10,1020,1020,0,21.426470588235293,11.0,20.0,29.0
internvl_2_5_8b,validation,rank95,REAL,11,1020,1020,0,23.080392156862747,10.0,20.0,33.0
internvl_2_5_8b,validation,rank95,REAL,12,1020,1020,0,22.393137254901962,12.0,20.0,30.0
internvl_2_5_8b,validation,rank95,REAL,13,1020,1020,0,20.49705882352941,9.0,17.0,29.0
internvl_2_5_8b,validation,rank95,REAL,14,1020,1020,0,20.069607843137256,9.0,17.0,29.0
internvl_2_5_8b,validation,rank95,REAL,15,1020,1020,0,20.11470588235294,10.0,17.0,28.0
internvl_2_5_8b,validation,rank95,REAL,16,1020,1020,0,22.054901960784314,11.0,20.0,30.0
internvl_2_5_8b,validation,rank95,REAL,17,1020,1020,0,18.95686274509804,10.0,17.0,25.0
internvl_2_5_8b,validation,rank95,REAL,18,1020,1020,0,11.581372549019608,6.0,10.0,16.0
internvl_2_5_8b,validation,rank95,REAL,19,1020,1020,0,14.20392156862745,8.0,12.0,18.0
internvl_2_5_8b,validation,rank95,REAL,20,1020,1020,0,15.968627450980392,9.0,14.0,21.0
internvl_2_5_8b,validation,rank95,REAL,21,1020,1020,0,20.48235294117647,12.0,19.0,27.0
internvl_2_5_8b,validation,rank95,REAL,22,1020,1020,0,15.494117647058824,9.0,14.0,21.0
internvl_2_5_8b,validation,rank95,REAL,23,1020,1020,0,12.625490196078431,6.0,11.0,17.0
internvl_2_5_8b,validation,rank95,REAL,24,1020,1020,0,14.373529411764705,6.0,12.0,20.0
internvl_2_5_8b,validation,rank95,REAL,25,1020,1020,0,12.15,7.0,11.0,16.0
internvl_2_5_8b,validation,rank95,REAL,26,1020,1020,0,11.260784313725491,6.0,10.0,14.0
internvl_2_5_8b,validation,rank95,REAL,27,1020,1020,0,13.108823529411765,7.0,11.0,17.0
internvl_2_5_8b,validation,rank95,REAL,28,1020,1020,0,13.132352941176471,5.0,9.0,17.0
internvl_2_5_8b,validation,rank95,REAL,29,1020,1020,0,11.507843137254902,6.0,9.0,15.0
internvl_2_5_8b,validation,rank95,REAL,30,1020,1020,0,12.83235294117647,6.0,11.0,17.0
internvl_2_5_8b,validation,rank95,REAL,31,1020,1020,0,14.792156862745099,8.0,12.0,19.0
internvl_2_5_8b,validation,rank95,REAL,32,1020,1020,0,17.405882352941177,10.0,15.0,23.0
internvl_2_5_8b,validation,rank95,HALL,1,198,198,0,16.515151515151516,13.0,16.0,19.75
internvl_2_5_8b,validation,rank95,HALL,2,198,198,0,14.11111111111111,10.0,14.0,17.0
internvl_2_5_8b,validation,rank95,HALL,3,198,198,0,8.565656565656566,5.0,8.0,11.0
internvl_2_5_8b,validation,rank95,HALL,4,198,198,0,11.474747474747474,7.0,11.0,14.0
internvl_2_5_8b,validation,rank95,HALL,5,198,198,0,16.095959595959595,10.0,15.0,21.0
internvl_2_5_8b,validation,rank95,HALL,6,198,198,0,16.267676767676768,11.0,15.0,21.75
internvl_2_5_8b,validation,rank95,HALL,7,198,198,0,23.63131313131313,15.0,25.0,30.75
internvl_2_5_8b,validation,rank95,HALL,8,198,198,0,19.54040404040404,12.0,19.0,27.0
internvl_2_5_8b,validation,rank95,HALL,9,198,198,0,34.035353535353536,24.0,36.0,42.0
internvl_2_5_8b,validation,rank95,HALL,10,198,198,0,19.106060606060606,9.0,18.0,26.75
internvl_2_5_8b,validation,rank95,HALL,11,198,198,0,19.737373737373737,9.0,16.0,28.0
internvl_2_5_8b,validation,rank95,HALL,12,198,198,0,19.015151515151516,9.0,16.0,26.75
internvl_2_5_8b,validation,rank95,HALL,13,198,198,0,14.3989898989899,6.0,13.0,20.0
internvl_2_5_8b,validation,rank95,HALL,14,198,198,0,20.444444444444443,9.0,17.0,29.0
internvl_2_5_8b,validation,rank95,HALL,15,198,198,0,15.292929292929292,7.0,14.0,19.75
internvl_2_5_8b,validation,rank95,HALL,16,198,198,0,15.54040404040404,8.0,14.0,22.75
internvl_2_5_8b,validation,rank95,HALL,17,198,198,0,14.6010101010101,8.0,14.0,20.0
internvl_2_5_8b,validation,rank95,HALL,18,198,198,0,10.45959595959596,4.0,8.0,14.0
internvl_2_5_8b,validation,rank95,HALL,19,198,198,0,12.323232323232324,7.0,11.0,16.75
internvl_2_5_8b,validation,rank95,HALL,20,198,198,0,12.171717171717171,6.0,11.0,17.75
internvl_2_5_8b,validation,rank95,HALL,21,198,198,0,17.414141414141415,10.0,17.0,24.0
internvl_2_5_8b,validation,rank95,HALL,22,198,198,0,13.606060606060606,7.0,11.5,18.0
internvl_2_5_8b,validation,rank95,HALL,23,198,198,0,13.727272727272727,6.0,9.0,18.0
internvl_2_5_8b,validation,rank95,HALL,24,198,198,0,13.954545454545455,5.0,9.0,20.75
internvl_2_5_8b,validation,rank95,HALL,25,198,198,0,11.222222222222221,6.0,10.0,14.0
internvl_2_5_8b,validation,rank95,HALL,26,198,198,0,12.853535353535353,5.0,10.0,17.0
internvl_2_5_8b,validation,rank95,HALL,27,198,198,0,14.565656565656566,5.25,12.0,19.0
internvl_2_5_8b,validation,rank95,HALL,28,198,198,0,16.914141414141415,6.0,12.0,21.75
internvl_2_5_8b,validation,rank95,HALL,29,198,198,0,13.090909090909092,6.0,10.0,16.0
internvl_2_5_8b,validation,rank95,HALL,30,198,198,0,12.823232323232324,6.0,10.0,16.75
internvl_2_5_8b,validation,rank95,HALL,31,198,198,0,15.262626262626263,7.0,13.0,20.0
internvl_2_5_8b,validation,rank95,HALL,32,198,198,0,19.126262626262626,9.0,16.0,23.75
internvl_2_5_8b,validation,retained_energy,REAL,1,1020,1020,0,0.9521299613440182,0.9509818758039191,0.9519615186502881,0.9528910342409352
internvl_2_5_8b,validation,retained_energy,REAL,2,1020,1020,0,0.9531414535810506,0.9513683530281147,0.9527330005812914,0.9543457955824824
internvl_2_5_8b,validation,retained_energy,REAL,3,1020,1020,0,0.9554697117755615,0.9520197424945757,0.9541690671053795,0.9574595190234986
internvl_2_5_8b,validation,retained_energy,REAL,4,1020,1020,0,0.9542403817187652,0.9517676960423289,0.9533531517085341,0.9556894184949325
internvl_2_5_8b,validation,retained_energy,REAL,5,1020,1020,0,0.9531417194854007,0.9512913917143805,0.9525962419242384,0.9540257256729688
internvl_2_5_8b,validation,retained_energy,REAL,6,1020,1020,0,0.9523029098673739,0.9509367345081906,0.9518750444098028,0.9530785366205264
internvl_2_5_8b,validation,retained_energy,REAL,7,1020,1020,0,0.952959989945093,0.9509231577297474,0.9517583624597153,0.952930476825807
internvl_2_5_8b,validation,retained_energy,REAL,8,1020,1020,0,0.9525251407350054,0.9508772730597925,0.9517788003945703,0.9528789735510471
internvl_2_5_8b,validation,retained_energy,REAL,9,1020,1020,0,0.951345903555302,0.9506007881090366,0.9511728206651702,0.9517898898962177
internvl_2_5_8b,validation,retained_energy,REAL,10,1020,1020,0,0.9524670887517678,0.9508296898364524,0.9516139559140917,0.9528071313301604
internvl_2_5_8b,validation,retained_energy,REAL,11,1020,1020,0,0.9526752071206792,0.9507547601686307,0.9515824352332464,0.9528823470041532
internvl_2_5_8b,validation,retained_energy,REAL,12,1020,1020,0,0.9521813883700959,0.9507257437235841,0.9515553933936156,0.9527276491241841
internvl_2_5_8b,validation,retained_energy,REAL,13,1020,1020,0,0.9530056999212536,0.9509085371289354,0.9518467284417313,0.9536088089538214
internvl_2_5_8b,validation,retained_energy,REAL,14,1020,1020,0,0.9529046760167345,0.9508196386959611,0.9516660564944539,0.9531178773820519
internvl_2_5_8b,validation,retained_energy,REAL,15,1020,1020,0,0.952766344593456,0.9509127815567302,0.9517461376359089,0.9533453397555142
internvl_2_5_8b,validation,retained_energy,REAL,16,1020,1020,0,0.9526363724777662,0.95081130039761,0.951760870897338,0.9532638729882275
internvl_2_5_8b,validation,retained_energy,REAL,17,1020,1020,0,0.9527216587790643,0.950995537741624,0.9519223016288523,0.9534586857649283
internvl_2_5_8b,validation,retained_energy,REAL,18,1020,1020,0,0.9550808145669454,0.9517101395685349,0.9533096795173022,0.95638566515395
internvl_2_5_8b,validation,retained_energy,REAL,19,1020,1020,0,0.9533293059329813,0.9510699010796092,0.9522427311690081,0.9543695659115403
internvl_2_5_8b,validation,retained_energy,REAL,20,1020,1020,0,0.9533404362365925,0.9511770255017641,0.9522973996421242,0.9541753278042157
internvl_2_5_8b,validation,retained_energy,REAL,21,1020,1020,0,0.9525101347412331,0.9508371176485937,0.9517813755506036,0.9528546159499109
internvl_2_5_8b,validation,retained_energy,REAL,22,1020,1020,0,0.9532754031981375,0.9512017964970756,0.9523123350239477,0.9539575415066016
internvl_2_5_8b,validation,retained_energy,REAL,23,1020,1020,0,0.9547048963787107,0.9512945632576788,0.952731148168128,0.9556257615304777
internvl_2_5_8b,validation,retained_energy,REAL,24,1020,1020,0,0.9547804498248246,0.9511927082915064,0.9525916024415164,0.9555006075477753
internvl_2_5_8b,validation,retained_energy,REAL,25,1020,1020,0,0.9545728610508081,0.9515482376039562,0.9530141335778589,0.9558190430993938
internvl_2_5_8b,validation,retained_energy,REAL,26,1020,1020,0,0.9551118712858917,0.9517606442944927,0.9535635507362448,0.9564483334660802
internvl_2_5_8b,validation,retained_energy,REAL,27,1020,1020,0,0.9541640671256625,0.951479216654523,0.95277349706355,0.9549278688008167
internvl_2_5_8b,validation,retained_energy,REAL,28,1020,1020,0,0.9558968922934622,0.9513311915756141,0.9531620814699826,0.9572664413134118
internvl_2_5_8b,validation,retained_energy,REAL,29,1020,1020,0,0.9552540821708253,0.9516368532721806,0.9533962269652188,0.9566454742677339
internvl_2_5_8b,validation,retained_energy,REAL,30,1020,1020,0,0.954255282939578,0.9514304323904431,0.9528209036209714,0.9554611054807177
internvl_2_5_8b,validation,retained_energy,REAL,31,1020,1020,0,0.9537788134983529,0.9513312051888428,0.9526550505331202,0.9548989309188021
internvl_2_5_8b,validation,retained_energy,REAL,32,1020,1020,0,0.9526748827032188,0.950996721872098,0.9519821032387911,0.9534285722727056
internvl_2_5_8b,validation,retained_energy,HALL,1,198,198,0,0.9523786637630963,0.9512206539618596,0.9521245473620727,0.953183250646656
internvl_2_5_8b,validation,retained_energy,HALL,2,198,198,0,0.9527090391584728,0.9512744506738076,0.9522890036966193,0.9537847639049328
internvl_2_5_8b,validation,retained_energy,HALL,3,198,198,0,0.9558252702713068,0.9522712202083582,0.9550686955360531,0.9576814576429395
internvl_2_5_8b,validation,retained_energy,HALL,4,198,198,0,0.9539781262710021,0.9516383265102752,0.9531770021546142,0.955606884851621
internvl_2_5_8b,validation,retained_energy,HALL,5,198,198,0,0.9526311897430529,0.9510018951422746,0.951966340679431,0.953363002759055
internvl_2_5_8b,validation,retained_energy,HALL,6,198,198,0,0.9524242179494435,0.9510246510368903,0.9520441437915974,0.9534690801707506
internvl_2_5_8b,validation,retained_energy,HALL,7,198,198,0,0.9522747870419958,0.9506175149581668,0.951352470086612,0.9522597984923309
internvl_2_5_8b,validation,retained_energy,HALL,8,198,198,0,0.9525703757595831,0.9508837937474491,0.9517793668802825,0.9529211847176008
internvl_2_5_8b,validation,retained_energy,HALL,9,198,198,0,0.951163354090923,0.9504110075574088,0.9509727815408913,0.9516118779454781
internvl_2_5_8b,validation,retained_energy,HALL,10,198,198,0,0.9537328532965412,0.9508744469947127,0.9518170968678832,0.9534326017052455
internvl_2_5_8b,validation,retained_energy,HALL,11,198,198,0,0.9530317260775827,0.9508136162537166,0.9513769733219477,0.9533543999454666
internvl_2_5_8b,validation,retained_energy,HALL,12,198,198,0,0.9530740949524393,0.9508632615071964,0.9517177237046763,0.9534286531608155
internvl_2_5_8b,validation,retained_energy,HALL,13,198,198,0,0.9542742101696973,0.9511647994346449,0.9524034704010158,0.9547707347625185
internvl_2_5_8b,validation,retained_energy,HALL,14,198,198,0,0.9529798023663151,0.9509303118369223,0.9517565837600099,0.9528668676943464
internvl_2_5_8b,validation,retained_energy,HALL,15,198,198,0,0.9540072781093956,0.9510791851351852,0.952150326529042,0.9543059296499042
internvl_2_5_8b,validation,retained_energy,HALL,16,198,198,0,0.9532563184486725,0.9510641102011921,0.9522887312335662,0.9537647642552093
internvl_2_5_8b,validation,retained_energy,HALL,17,198,198,0,0.9542068551270854,0.9512901281849258,0.9525120674001802,0.9544897699913323
internvl_2_5_8b,validation,retained_energy,HALL,18,198,198,0,0.9568521411232342,0.9515369122369444,0.954417178958036,0.9586306454244787
internvl_2_5_8b,validation,retained_energy,HALL,19,198,198,0,0.9544511990972384,0.9513477703743105,0.9526814850776202,0.9553420642747597
internvl_2_5_8b,validation,retained_energy,HALL,20,198,198,0,0.9550038454518442,0.951274353799201,0.9527174208551287,0.9557240125780988
internvl_2_5_8b,validation,retained_energy,HALL,21,198,198,0,0.95317951458643,0.9510827375359765,0.952073511615789,0.9533615551817558
internvl_2_5_8b,validation,retained_energy,HALL,22,198,198,0,0.9540726157129158,0.9513377940318795,0.9525163376831862,0.9549871502924254
internvl_2_5_8b,validation,retained_energy,HALL,23,198,198,0,0.955484598715356,0.9513819155369226,0.9533085387145817,0.9570163026856555
internvl_2_5_8b,validation,retained_energy,HALL,24,198,198,0,0.9562984428782764,0.9512038485769783,0.9526396964201386,0.9576857888882091
internvl_2_5_8b,validation,retained_energy,HALL,25,198,198,0,0.955605832715833,0.9519222891327667,0.9534960964890526,0.9572909953684334
internvl_2_5_8b,validation,retained_energy,HALL,26,198,198,0,0.9555885051247739,0.9513356918700864,0.953136703674436,0.9559433573826326
internvl_2_5_8b,validation,retained_energy,HALL,27,198,198,0,0.9559852122805527,0.9514143268202457,0.9530113263197415,0.9564453721361057
internvl_2_5_8b,validation,retained_energy,HALL,28,198,198,0,0.9551662335958002,0.951057511250136,0.9524079091939015,0.9570053799335551
internvl_2_5_8b,validation,retained_energy,HALL,29,198,198,0,0.9558280195599418,0.9513273812486336,0.9532737095436141,0.956798519697245
internvl_2_5_8b,validation,retained_energy,HALL,30,198,198,0,0.9551673621288187,0.9512828063980768,0.9526237637236159,0.9557342345412678
internvl_2_5_8b,validation,retained_energy,HALL,31,198,198,0,0.9549673699003111,0.9513256043769783,0.95283438308209,0.9551387616204661
internvl_2_5_8b,validation,retained_energy,HALL,32,198,198,0,0.9532040204054545,0.9510177888323086,0.952043817937763,0.9541970890521969
internvl_2_5_8b,test,ovir,REAL,1,987,987,0,0.9659215462910137,0.9527127295949962,0.9652439170008701,0.9832721811181776
internvl_2_5_8b,test,ovir,REAL,2,987,987,0,0.9359242268858733,0.9288390580695598,0.9394656703969342,0.9473242761775131
internvl_2_5_8b,test,ovir,REAL,3,987,987,0,0.9549248834177408,0.9488576166650775,0.9582207182180364,0.9654170192138412
internvl_2_5_8b,test,ovir,REAL,4,987,987,0,0.9062272294957918,0.894224494960026,0.9090266348235216,0.9228197425498517
internvl_2_5_8b,test,ovir,REAL,5,987,987,0,0.8935344082759759,0.8796258704879718,0.894497909103408,0.9097762954303037
internvl_2_5_8b,test,ovir,REAL,6,987,987,0,0.8826948688556508,0.8649313834198114,0.8844957889495768,0.9021560046229862
internvl_2_5_8b,test,ovir,REAL,7,987,987,0,0.8645313276626958,0.8269229795818697,0.8602665061755407,0.8996572610090529
internvl_2_5_8b,test,ovir,REAL,8,987,987,0,0.7992582990802148,0.757225234369383,0.7949810154968248,0.840263428742325
internvl_2_5_8b,test,ovir,REAL,9,987,987,0,0.8018987350482626,0.7574083183051346,0.805274213710554,0.8392419511442488
internvl_2_5_8b,test,ovir,REAL,10,987,987,0,0.8642199425591761,0.8400416900103649,0.8599979430513877,0.885705358823732
internvl_2_5_8b,test,ovir,REAL,11,987,987,0,0.8420314261722912,0.811862913251127,0.838573654105212,0.8675427018191613
internvl_2_5_8b,test,ovir,REAL,12,987,987,0,0.8557252586959666,0.8352899726484426,0.8545280221564808,0.8741554948532799
internvl_2_5_8b,test,ovir,REAL,13,987,987,0,0.851629568052736,0.8221190561852816,0.8526315269757713,0.8790295465551803
internvl_2_5_8b,test,ovir,REAL,14,987,987,0,0.8538212875971796,0.8308281234326951,0.8534030939779383,0.8774276054298695
internvl_2_5_8b,test,ovir,REAL,15,987,987,0,0.8422424004505864,0.8200426197651363,0.8421845823892294,0.8627561337458495
internvl_2_5_8b,test,ovir,REAL,16,987,987,0,0.8801912564204795,0.8624700404279744,0.8809300004870626,0.8948584452827497
internvl_2_5_8b,test,ovir,REAL,17,987,987,0,0.9039222645047066,0.8899909799432086,0.9042527980040839,0.9184029544078351
internvl_2_5_8b,test,ovir,REAL,18,987,987,0,0.9280810438182069,0.9169513401650489,0.9283212538057913,0.9399008021992491
internvl_2_5_8b,test,ovir,REAL,19,987,987,0,0.9469958285926782,0.9402482385049589,0.947668264832169,0.9545329689931109
internvl_2_5_8b,test,ovir,REAL,20,987,987,0,0.9590463597047031,0.9506263094207422,0.9590695013768834,0.96796765502615
internvl_2_5_8b,test,ovir,REAL,21,987,987,0,0.9563577878294599,0.9501586458478241,0.9568835961230872,0.9634662074662452
internvl_2_5_8b,test,ovir,REAL,22,987,987,0,0.9672483599145253,0.9609079888695815,0.9679577745345952,0.9743714754485802
internvl_2_5_8b,test,ovir,REAL,23,987,987,0,0.9829728672333111,0.9791032813579796,0.9832251690702931,0.9872156206335487
internvl_2_5_8b,test,ovir,REAL,24,987,987,0,0.9862597532123054,0.9831401546153352,0.9875673278230399,0.9913515324329245
internvl_2_5_8b,test,ovir,REAL,25,987,987,0,0.9881171421174056,0.9863709929139186,0.9909979133279585,0.9943097685772526
internvl_2_5_8b,test,ovir,REAL,26,987,987,0,0.9928086418163016,0.9911929233503952,0.9941512645661845,0.9963428611711831
internvl_2_5_8b,test,ovir,REAL,27,987,987,0,0.9915627353497805,0.9913504537882614,0.9948010630293612,0.9967119585049504
internvl_2_5_8b,test,ovir,REAL,28,987,987,0,0.9938163667449571,0.9929490806617849,0.9964570735745436,0.9980008002021552
internvl_2_5_8b,test,ovir,REAL,29,987,987,0,0.9853648009340981,0.9808732452995718,0.9871269632908222,0.9917457854037863
internvl_2_5_8b,test,ovir,REAL,30,987,987,0,0.970693612230633,0.9614535281844445,0.9743745132934715,0.9831543885913345
internvl_2_5_8b,test,ovir,REAL,31,987,987,0,0.976812299945839,0.9692072569154435,0.9806296581659528,0.9884494767833369
internvl_2_5_8b,test,ovir,REAL,32,987,987,0,0.9503938622039858,0.9398766865404167,0.9600751246546183,0.974779447780344
internvl_2_5_8b,test,ovir,HALL,1,174,174,0,0.9640664811229974,0.9514610798299385,0.9645477933607396,0.9833822942852798
internvl_2_5_8b,test,ovir,HALL,2,174,174,0,0.9347601501429249,0.9272296295681975,0.9399975546808935,0.9503626296891987
internvl_2_5_8b,test,ovir,HALL,3,174,174,0,0.9548025125591657,0.9468975699794906,0.9582971562597956,0.9664919087320161
internvl_2_5_8b,test,ovir,HALL,4,174,174,0,0.9101120601061324,0.8969935622195877,0.9094800422640714,0.9224772096909026
internvl_2_5_8b,test,ovir,HALL,5,174,174,0,0.8927869636044454,0.8790810131368527,0.8934152224799787,0.9064432706379715
internvl_2_5_8b,test,ovir,HALL,6,174,174,0,0.879795534397765,0.861956283057342,0.8808747081233217,0.9004522332079112
internvl_2_5_8b,test,ovir,HALL,7,174,174,0,0.8698459964209427,0.8417738216926158,0.8702577828443945,0.8914124712819785
internvl_2_5_8b,test,ovir,HALL,8,174,174,0,0.80523571841987,0.7685604381605611,0.8006444126034009,0.8363203387702962
internvl_2_5_8b,test,ovir,HALL,9,174,174,0,0.8211369146458732,0.7979610439312161,0.821504546565957,0.8421171347484092
internvl_2_5_8b,test,ovir,HALL,10,174,174,0,0.8676049569503396,0.8438100912138938,0.8662452424460372,0.8901815979983148
internvl_2_5_8b,test,ovir,HALL,11,174,174,0,0.8546451329891788,0.8300305847332006,0.8503744879644701,0.8750145917553882
internvl_2_5_8b,test,ovir,HALL,12,174,174,0,0.8617433726905629,0.8433662866135827,0.85976342828443,0.8793011185523756
internvl_2_5_8b,test,ovir,HALL,13,174,174,0,0.8579068708905925,0.8282958981383519,0.8549495107779774,0.8845769850148881
internvl_2_5_8b,test,ovir,HALL,14,174,174,0,0.8521262012944951,0.8313790194156526,0.8514436894031294,0.8760364326400516
internvl_2_5_8b,test,ovir,HALL,15,174,174,0,0.8546239758511297,0.8367295930065294,0.851732908332278,0.8758807347848384
internvl_2_5_8b,test,ovir,HALL,16,174,174,0,0.88549458676545,0.8722388457310946,0.8826911285712828,0.8998945772310348
internvl_2_5_8b,test,ovir,HALL,17,174,174,0,0.9015479569256608,0.8852396855386027,0.9033915036809756,0.9195219098746749
internvl_2_5_8b,test,ovir,HALL,18,174,174,0,0.9245732338073217,0.9124104666574036,0.9266850979041258,0.938098579746188
internvl_2_5_8b,test,ovir,HALL,19,174,174,0,0.9488505316007789,0.9424460313170031,0.9498647912440463,0.9569349813392151
internvl_2_5_8b,test,ovir,HALL,20,174,174,0,0.9611107725965249,0.9515835710504301,0.9614976793395213,0.9707105295384296
internvl_2_5_8b,test,ovir,HALL,21,174,174,0,0.9597850277571859,0.953033167646838,0.9603116890630238,0.9674608701190066
internvl_2_5_8b,test,ovir,HALL,22,174,174,0,0.9698661570350532,0.9638808818143596,0.9700907372989185,0.9777385414288213
internvl_2_5_8b,test,ovir,HALL,23,174,174,0,0.9840473811447757,0.9808876341811138,0.9849118116215536,0.9884761056733528
internvl_2_5_8b,test,ovir,HALL,24,174,174,0,0.9865776065525008,0.9846315284116094,0.9887101081297255,0.992058234999306
internvl_2_5_8b,test,ovir,HALL,25,174,174,0,0.9896045716476436,0.9880038695710319,0.9921857914499858,0.9951302595108652
internvl_2_5_8b,test,ovir,HALL,26,174,174,0,0.9926838947697135,0.9912863312116315,0.9945442362737906,0.996640412963891
internvl_2_5_8b,test,ovir,HALL,27,174,174,0,0.9909611998406301,0.9882444963808151,0.9945302011423154,0.9969429324661107
internvl_2_5_8b,test,ovir,HALL,28,174,174,0,0.9925099202474781,0.9931597757340708,0.9965548349846469,0.9981156951834709
internvl_2_5_8b,test,ovir,HALL,29,174,174,0,0.9865409850402983,0.9848577504901522,0.9892683570522421,0.9930899743301401
internvl_2_5_8b,test,ovir,HALL,30,174,174,0,0.9795115319047736,0.9746114292218504,0.982987169023795,0.9878400530982123
internvl_2_5_8b,test,ovir,HALL,31,174,174,0,0.9782484664669726,0.9736065337433133,0.9835854538476598,0.989999084760207
internvl_2_5_8b,test,ovir,HALL,32,174,174,0,0.93765459142131,0.934903638897637,0.9613543570813408,0.9739059505748509
internvl_2_5_8b,test,rank95,REAL,1,987,987,0,17.33434650455927,14.0,17.0,20.0
internvl_2_5_8b,test,rank95,REAL,2,987,987,0,13.9209726443769,10.0,13.0,17.0
internvl_2_5_8b,test,rank95,REAL,3,987,987,0,9.108409321175278,5.0,8.0,12.0
internvl_2_5_8b,test,rank95,REAL,4,987,987,0,11.501519756838906,8.0,11.0,14.0
internvl_2_5_8b,test,rank95,REAL,5,987,987,0,14.979736575481256,10.0,14.0,19.0
internvl_2_5_8b,test,rank95,REAL,6,987,987,0,17.522796352583587,13.0,17.0,22.0
internvl_2_5_8b,test,rank95,REAL,7,987,987,0,21.016210739614994,13.0,22.0,29.0
internvl_2_5_8b,test,rank95,REAL,8,987,987,0,20.238095238095237,13.0,20.0,27.0
internvl_2_5_8b,test,rank95,REAL,9,987,987,0,32.685916919959475,24.0,33.0,41.0
internvl_2_5_8b,test,rank95,REAL,10,987,987,0,21.75785207700101,12.0,20.0,30.0
internvl_2_5_8b,test,rank95,REAL,11,987,987,0,22.34853090172239,9.0,19.0,32.0
internvl_2_5_8b,test,rank95,REAL,12,987,987,0,22.037487335359675,11.0,19.0,29.0
internvl_2_5_8b,test,rank95,REAL,13,987,987,0,20.10435663627153,9.0,17.0,29.0
internvl_2_5_8b,test,rank95,REAL,14,987,987,0,18.714285714285715,8.0,16.0,26.0
internvl_2_5_8b,test,rank95,REAL,15,987,987,0,19.319148936170212,9.0,16.0,27.0
internvl_2_5_8b,test,rank95,REAL,16,987,987,0,21.61195542046606,11.0,19.0,30.5
internvl_2_5_8b,test,rank95,REAL,17,987,987,0,18.217831813576495,10.0,16.0,25.0
internvl_2_5_8b,test,rank95,REAL,18,987,987,0,11.374873353596758,5.0,9.0,15.0
internvl_2_5_8b,test,rank95,REAL,19,987,987,0,13.92806484295846,7.0,11.0,18.0
internvl_2_5_8b,test,rank95,REAL,20,987,987,0,15.67983789260385,9.0,14.0,21.0
internvl_2_5_8b,test,rank95,REAL,21,987,987,0,19.962512664640325,11.0,18.0,27.0
internvl_2_5_8b,test,rank95,REAL,22,987,987,0,15.081053698074975,8.0,13.0,21.0
internvl_2_5_8b,test,rank95,REAL,23,987,987,0,12.144883485309018,5.0,10.0,17.0
internvl_2_5_8b,test,rank95,REAL,24,987,987,0,13.891590678824722,6.0,11.0,20.0
internvl_2_5_8b,test,rank95,REAL,25,987,987,0,11.734549138804457,6.0,10.0,16.0
internvl_2_5_8b,test,rank95,REAL,26,987,987,0,11.24822695035461,6.0,9.0,14.0
internvl_2_5_8b,test,rank95,REAL,27,987,987,0,12.671732522796352,7.0,11.0,17.0
internvl_2_5_8b,test,rank95,REAL,28,987,987,0,13.193515704154002,5.0,9.0,18.0
internvl_2_5_8b,test,rank95,REAL,29,987,987,0,11.225937183383992,6.0,9.0,14.0
internvl_2_5_8b,test,rank95,REAL,30,987,987,0,12.534954407294833,6.5,11.0,16.0
internvl_2_5_8b,test,rank95,REAL,31,987,987,0,14.864235055724418,8.0,12.0,19.0
internvl_2_5_8b,test,rank95,REAL,32,987,987,0,17.83485309017224,10.0,15.0,23.0
internvl_2_5_8b,test,rank95,HALL,1,174,174,0,16.89080459770115,14.0,16.0,19.0
internvl_2_5_8b,test,rank95,HALL,2,174,174,0,14.580459770114942,11.0,14.0,17.75
internvl_2_5_8b,test,rank95,HALL,3,174,174,0,9.126436781609195,6.0,8.0,11.0
internvl_2_5_8b,test,rank95,HALL,4,174,174,0,11.379310344827585,8.0,10.0,14.75
internvl_2_5_8b,test,rank95,HALL,5,174,174,0,16.862068965517242,11.0,15.0,23.0
internvl_2_5_8b,test,rank95,HALL,6,174,174,0,18.080459770114942,13.25,17.5,23.0
internvl_2_5_8b,test,rank95,HALL,7,174,174,0,24.408045977011493,18.0,25.0,31.0
internvl_2_5_8b,test,rank95,HALL,8,174,174,0,20.982758620689655,14.0,19.5,28.0
internvl_2_5_8b,test,rank95,HALL,9,174,174,0,34.31609195402299,25.0,33.0,42.0
internvl_2_5_8b,test,rank95,HALL,10,174,174,0,18.350574712643677,9.0,16.0,27.0
internvl_2_5_8b,test,rank95,HALL,11,174,174,0,20.051724137931036,10.0,18.0,28.0
internvl_2_5_8b,test,rank95,HALL,12,174,174,0,18.04597701149425,8.25,15.0,23.0
internvl_2_5_8b,test,rank95,HALL,13,174,174,0,14.160919540229886,6.25,12.0,20.0
internvl_2_5_8b,test,rank95,HALL,14,174,174,0,19.64367816091954,10.0,18.0,26.75
internvl_2_5_8b,test,rank95,HALL,15,174,174,0,15.10919540229885,7.0,11.0,18.75
internvl_2_5_8b,test,rank95,HALL,16,174,174,0,15.258620689655173,8.25,13.0,19.0
internvl_2_5_8b,test,rank95,HALL,17,174,174,0,14.89080459770115,8.0,12.0,20.0
internvl_2_5_8b,test,rank95,HALL,18,174,174,0,10.281609195402298,5.0,9.0,12.75
internvl_2_5_8b,test,rank95,HALL,19,174,174,0,13.097701149425287,7.0,11.0,17.0
internvl_2_5_8b,test,rank95,HALL,20,174,174,0,11.25287356321839,6.0,10.0,16.0
internvl_2_5_8b,test,rank95,HALL,21,174,174,0,17.350574712643677,9.0,16.0,23.75
internvl_2_5_8b,test,rank95,HALL,22,174,174,0,12.89655172413793,7.0,12.0,17.0
internvl_2_5_8b,test,rank95,HALL,23,174,174,0,12.494252873563218,5.0,9.0,17.0
internvl_2_5_8b,test,rank95,HALL,24,174,174,0,14.96551724137931,6.0,10.0,20.75
internvl_2_5_8b,test,rank95,HALL,25,174,174,0,10.482758620689655,5.0,9.0,13.0
internvl_2_5_8b,test,rank95,HALL,26,174,174,0,12.620689655172415,6.0,10.0,16.75
internvl_2_5_8b,test,rank95,HALL,27,174,174,0,13.919540229885058,7.0,10.0,19.0
internvl_2_5_8b,test,rank95,HALL,28,174,174,0,14.793103448275861,4.0,8.5,17.75
internvl_2_5_8b,test,rank95,HALL,29,174,174,0,11.994252873563218,5.0,8.0,14.0
internvl_2_5_8b,test,rank95,HALL,30,174,174,0,11.03448275862069,5.0,8.0,13.0
internvl_2_5_8b,test,rank95,HALL,31,174,174,0,14.419540229885058,6.0,10.0,17.75
internvl_2_5_8b,test,rank95,HALL,32,174,174,0,19.149425287356323,10.0,15.0,24.0
internvl_2_5_8b,test,retained_energy,REAL,1,987,987,0,0.9520541578107806,0.9510096615341571,0.9518270228016983,0.952743737398587
internvl_2_5_8b,test,retained_energy,REAL,2,987,987,0,0.9528929998790371,0.951254744864598,0.952458164401701,0.9540016933934166
internvl_2_5_8b,test,retained_energy,REAL,3,987,987,0,0.9555234097138466,0.9521804054839093,0.954289582166939,0.9573539378532058
internvl_2_5_8b,test,retained_energy,REAL,4,987,987,0,0.9541589536347707,0.9517288033935599,0.9532553105327587,0.9555432400493616
internvl_2_5_8b,test,retained_energy,REAL,5,987,987,0,0.9530780813683484,0.9513076985875293,0.9524109398824613,0.9539860726763109
internvl_2_5_8b,test,retained_energy,REAL,6,987,987,0,0.952202588215747,0.9509355457213406,0.9518871413126668,0.9529117578994898
internvl_2_5_8b,test,retained_energy,REAL,7,987,987,0,0.9528293178332904,0.9508702934074673,0.9517102957305708,0.9527103503173966
internvl_2_5_8b,test,retained_energy,REAL,8,987,987,0,0.9524408154862136,0.9508619947699526,0.9515927782676035,0.952669894926456
internvl_2_5_8b,test,retained_energy,REAL,9,987,987,0,0.9512991980089343,0.9505780574120699,0.951170324326021,0.9517722620155332
internvl_2_5_8b,test,retained_energy,REAL,10,987,987,0,0.9524650535165509,0.9507901399311194,0.9515313719382872,0.9526741889617283
internvl_2_5_8b,test,retained_energy,REAL,11,987,987,0,0.9526305421747319,0.9507748479433067,0.9515167954028948,0.9528731113783959
internvl_2_5_8b,test,retained_energy,REAL,12,987,987,0,0.9523642846619853,0.9507732947254253,0.9516700693721946,0.9528526113379723
internvl_2_5_8b,test,retained_energy,REAL,13,987,987,0,0.953097109345124,0.9509248658217844,0.9517902670459801,0.9534064985475104
internvl_2_5_8b,test,retained_energy,REAL,14,987,987,0,0.9528688857861423,0.9508539187263056,0.9516774221939855,0.9533519293594461
internvl_2_5_8b,test,retained_energy,REAL,15,987,987,0,0.9530186144111039,0.9509314074069208,0.9518650531260143,0.9535021038848372
internvl_2_5_8b,test,retained_energy,REAL,16,987,987,0,0.9527130382190105,0.9508347228836073,0.9516980425806505,0.9532391975872314
internvl_2_5_8b,test,retained_energy,REAL,17,987,987,0,0.9529184973561926,0.9509299470154284,0.9519688059788992,0.9535637553833292
internvl_2_5_8b,test,retained_energy,REAL,18,987,987,0,0.9554366422030239,0.9515799076732474,0.9533622654788941,0.9567513629205944
internvl_2_5_8b,test,retained_energy,REAL,19,987,987,0,0.9539410807957657,0.9513391645825382,0.9525568954110879,0.9549517327248763
internvl_2_5_8b,test,retained_energy,REAL,20,987,987,0,0.9535494076180807,0.9512672709885076,0.9525819869607433,0.9546028341782382
internvl_2_5_8b,test,retained_energy,REAL,21,987,987,0,0.9526714327035124,0.9509545569125788,0.9518802082984847,0.9532196826616579
internvl_2_5_8b,test,retained_energy,REAL,22,987,987,0,0.9535498765143003,0.9512087177054219,0.9525132182837533,0.9543200182023932
internvl_2_5_8b,test,retained_energy,REAL,23,987,987,0,0.9551108648570615,0.9515102797563963,0.9531667908550001,0.956409502772501
internvl_2_5_8b,test,retained_energy,REAL,24,987,987,0,0.9551401440833472,0.9512530851668175,0.9526980217321523,0.9558485490313995
internvl_2_5_8b,test,retained_energy,REAL,25,987,987,0,0.9548977352008104,0.9516578423172098,0.9530911894499545,0.9563396324275155
internvl_2_5_8b,test,retained_energy,REAL,26,987,987,0,0.955283181465574,0.9516436078278876,0.9534816195558082,0.9566943413822961
internvl_2_5_8b,test,retained_energy,REAL,27,987,987,0,0.9541441708803683,0.9511969182812174,0.9527223252848576,0.9552886862435646
internvl_2_5_8b,test,retained_energy,REAL,28,987,987,0,0.9558175324432837,0.9512940740547222,0.9528406791862162,0.9569695007825412
internvl_2_5_8b,test,retained_energy,REAL,29,987,987,0,0.9554882745703566,0.951595796717839,0.9536067796851299,0.9573070433207439
internvl_2_5_8b,test,retained_energy,REAL,30,987,987,0,0.9545490193977655,0.9514559248548298,0.9530762127569827,0.9557330323001332
internvl_2_5_8b,test,retained_energy,REAL,31,987,987,0,0.9538259114564344,0.9513331296430965,0.9527453723538286,0.9549874094123494
internvl_2_5_8b,test,retained_energy,REAL,32,987,987,0,0.9528790836148444,0.9509223106152005,0.9520310704516468,0.9536217525726557
internvl_2_5_8b,test,retained_energy,HALL,1,174,174,0,0.9519317293814571,0.9509973441926507,0.9517636121059344,0.9526257160774392
internvl_2_5_8b,test,retained_energy,HALL,2,174,174,0,0.9525580101283816,0.9509439165822737,0.9521552669314723,0.9534092147102619
internvl_2_5_8b,test,retained_energy,HALL,3,174,174,0,0.9547591797407485,0.9518226784659103,0.9537694868544423,0.9564620477958959
internvl_2_5_8b,test,retained_energy,HALL,4,174,174,0,0.9533939425583234,0.9514371257824584,0.9527005470493464,0.9545935795009638
internvl_2_5_8b,test,retained_energy,HALL,5,174,174,0,0.952595509460481,0.9510077273709262,0.9522017954908282,0.9535535775650168
internvl_2_5_8b,test,retained_energy,HALL,6,174,174,0,0.9522732037439887,0.9509085483912874,0.951956720804612,0.9531422798392987
internvl_2_5_8b,test,retained_energy,HALL,7,174,174,0,0.9519954886420254,0.9505259126437312,0.95132143518272,0.9520724587525202
internvl_2_5_8b,test,retained_energy,HALL,8,174,174,0,0.9523951138683022,0.9508835713973727,0.951714960452164,0.9527239872472046
internvl_2_5_8b,test,retained_energy,HALL,9,174,174,0,0.9511467421045219,0.9504910821318588,0.9510550430786899,0.9516050865586226
internvl_2_5_8b,test,retained_energy,HALL,10,174,174,0,0.952913940034371,0.9508315443106313,0.9517511495795846,0.9531786102094713
internvl_2_5_8b,test,retained_energy,HALL,11,174,174,0,0.9532715612548067,0.9508543167631947,0.9517414164697048,0.9533638330624387
internvl_2_5_8b,test,retained_energy,HALL,12,174,174,0,0.9528651862856337,0.9510424336761882,0.9521212640644557,0.9535033200514669
internvl_2_5_8b,test,retained_energy,HALL,13,174,174,0,0.9539671262563536,0.951119289170776,0.9523533042712626,0.9543759538726044
internvl_2_5_8b,test,retained_energy,HALL,14,174,174,0,0.9524694474179551,0.9508369455522936,0.9518880515424748,0.9530850175359018
internvl_2_5_8b,test,retained_energy,HALL,15,174,174,0,0.9543989489139609,0.951396658491574,0.9526139943578508,0.9552636195096779
internvl_2_5_8b,test,retained_energy,HALL,16,174,174,0,0.9537525017511852,0.9513921040819505,0.9524698875807063,0.9549153961108777
internvl_2_5_8b,test,retained_energy,HALL,17,174,174,0,0.9539616359337946,0.951260053393554,0.952356304055845,0.954779123304395
internvl_2_5_8b,test,retained_energy,HALL,18,174,174,0,0.9571859909576754,0.9518528276933944,0.9545936915940915,0.9584648267192136
internvl_2_5_8b,test,retained_energy,HALL,19,174,174,0,0.9540431475299178,0.9512935232860169,0.9526697813091022,0.9546791704017978
internvl_2_5_8b,test,retained_energy,HALL,20,174,174,0,0.9549429345861218,0.9516889782775839,0.9533301132525628,0.9565855143473766
internvl_2_5_8b,test,retained_energy,HALL,21,174,174,0,0.9536590998246004,0.9510490302656671,0.952159401232989,0.9547321089976432
internvl_2_5_8b,test,retained_energy,HALL,22,174,174,0,0.95434443199162,0.9514171031279716,0.953254628884897,0.9551937648441244
internvl_2_5_8b,test,retained_energy,HALL,23,174,174,0,0.955551924400881,0.9512221932341335,0.9526826289060796,0.9560976236928019
internvl_2_5_8b,test,retained_energy,HALL,24,174,174,0,0.9560917931616179,0.9514711562595207,0.9528676181429894,0.95689543747985
internvl_2_5_8b,test,retained_energy,HALL,25,174,174,0,0.9560629923785458,0.9519798297904457,0.9536394009161466,0.9572835341973898
internvl_2_5_8b,test,retained_energy,HALL,26,174,174,0,0.954900106498911,0.9512498058252019,0.9529021532494,0.956728622338264
internvl_2_5_8b,test,retained_energy,HALL,27,174,174,0,0.9554805065926828,0.9512648704624849,0.9527406709605281,0.9565424813564425
internvl_2_5_8b,test,retained_energy,HALL,28,174,174,0,0.9571856276556813,0.95120165796181,0.953481090837019,0.9589019837287034
internvl_2_5_8b,test,retained_energy,HALL,29,174,174,0,0.955693849917851,0.9513288274659378,0.9532390681709451,0.9576424575198729
internvl_2_5_8b,test,retained_energy,HALL,30,174,174,0,0.955759407086929,0.9517792762797257,0.9537270638981477,0.9574368836973224
internvl_2_5_8b,test,retained_energy,HALL,31,174,174,0,0.9541817739080498,0.9513964424075527,0.9531781133067048,0.9557544050150859
internvl_2_5_8b,test,retained_energy,HALL,32,174,174,0,0.9528878082383138,0.950880240539954,0.9519634583775763,0.9533560888401427
